U,U_xi_plus,U_xi_minus
1e-05,1.0000000000250001e-05,-1.0000000000250001e-05
0.00013501437678459807,0.00013501437739988836,-0.00013501437739988836
0.0002600287535691962,0.0002600287579646543,-0.0002600287579646543
0.0003850431303537942,0.0003850431446252469,-0.0003850431446252469
0.0005100575071383923,0.0005100575403123665,-0.0005100575403123665
0.0006350718839229904,0.0006350719479567147,-0.0006350719479567147
0.0007600862607075884,0.0007600863704889952,-0.0007600863704889952
0.0008851006374921865,0.0008851008108399144,-0.0008851008108399144
0.0010101150142767846,0.0010101152719401815,-0.0010101152719401815
0.0011351293910613826,0.0011351297567205095,-0.0011351297567205095
0.0012601437678459808,0.001260144268111615,-0.001260144268111615
0.0013851581446305788,0.0013851588090442193,-0.0013851588090442193
0.0015101725214151768,0.0015101733824490486,-0.0015101733824490486
0.001635186898199775,0.0016351879912568355,-0.0016351879912568355
0.001760201274984373,0.0017602026383983166,-0.0017602026383983166
0.0018852156517689712,0.0018852173268042373,-0.0018852173268042373
0.0020102300285535692,0.002010232059405348,-0.002010232059405348
0.0021352444053381672,0.002135246839132408,-0.002135246839132408
0.0022602587821227652,0.0022602616689161837,-0.0022602616689161837
0.0023852731589073637,0.0023852765516874513,-0.0023852765516874513
0.0025102875356919616,0.002510291490376994,-0.002510291490376994
0.0026353019124765596,0.002635306487915605,-0.002635306487915605
0.0027603162892611576,0.002760321547234089,-0.002760321547234089
0.0028853306660457556,0.00288533667126326,-0.00288533667126326
0.0030103450428303536,0.003010351862933942,-0.003010351862933942
0.003135359419614952,0.003135367125176973,-0.003135367125176973
0.00326037379639955,0.0032603824609232007,-0.0032603824609232007
0.003385388173184148,0.0033853978731034854,-0.0033853978731034854
0.003510402549968746,0.003510413364648702,-0.003510413364648702
0.003635416926753344,0.003635428938489737,-0.003635428938489737
0.0037604313035379425,0.003760444597557492,-0.003760444597557492
0.0038854456803225404,0.0038854603447828827,-0.0038854603447828827
0.004010460057107138,0.004010476183096839,-0.004010476183096839
0.004135474433891736,0.004135492115430307,-0.004135492115430307
0.004260488810676334,0.00426050814471425,-0.00426050814471425
0.004385503187460932,0.004385524273879645,-0.004385524273879645
0.00451051756424553,0.0045105405058574865,-0.0045105405058574865
0.004635531941030128,0.004635556843578789,-0.004635556843578789
0.004760546317814727,0.004760573289974583,-0.004760573289974583
0.004885560694599325,0.004885589847975915,-0.004885589847975915
0.005010575071383923,0.005010606520513856,-0.005010606520513856
0.005135589448168521,0.00513562331051949,-0.00513562331051949
0.005260603824953119,0.005260640220923927,-0.005260640220923927
0.005385618201737717,0.005385657254658293,-0.005385657254658293
0.005510632578522315,0.005510674414653737,-0.005510674414653737
0.005635646955306913,0.005635691703841428,-0.005635691703841428
0.005760661332091511,0.005760709125152559,-0.005760709125152559
0.005885675708876109,0.005885726681518342,-0.005885726681518342
0.006010690085660707,0.006010744375870016,-0.006010744375870016
0.006135704462445306,0.00613576221113884,-0.00613576221113884
0.006260718839229904,0.006260780190256098,-0.006260780190256098
0.006385733216014502,0.006385798316153099,-0.006385798316153099
0.0065107475927991,0.006510816591761177,-0.006510816591761177
0.006635761969583698,0.006635835020011689,-0.006635835020011689
0.006760776346368296,0.006760853603836021,-0.006760853603836021
0.006885790723152894,0.006885872346165582,-0.006885872346165582
0.007010805099937492,0.007010891249931811,-0.007010891249931811
0.00713581947672209,0.007135910318066175,-0.007135910318066175
0.007260833853506688,0.007260929553500163,-0.007260929553500163
0.0073858482302912865,0.0073859489591653,-0.0073859489591653
0.0075108626070758844,0.0075109685379931325,-0.0075109685379931325
0.0076358769838604824,0.007635988292915241,-0.007635988292915241
0.0077608913606450804,0.007761008226863236,-0.007761008226863236
0.007885905737429678,0.007886028342768756,-0.007886028342768756
0.008010920114214276,0.008011048643563471,-0.008011048643563471
0.008135934490998874,0.008136069132179085,-0.008136069132179085
0.008260948867783472,0.008261089811547327,-0.008261089811547327
0.00838596324456807,0.008386110684599966,-0.008386110684599966
0.008510977621352668,0.0085111317542688,-0.0085111317542688
0.008635991998137266,0.00863615302348566,-0.00863615302348566
0.008761006374921864,0.008761174495182412,-0.008761174495182412
0.008886020751706462,0.008886196172290957,-0.008886196172290957
0.00901103512849106,0.009011218057743228,-0.009011218057743228
0.009136049505275658,0.009136240154471195,-0.009136240154471195
0.009261063882060256,0.009261262465406865,-0.009261262465406865
0.009386078258844856,0.009386284993482282,-0.009386284993482282
0.009511092635629454,0.00951130774162952,-0.00951130774162952
0.009636107012414052,0.009636330712780696,-0.009636330712780696
0.00976112138919865,0.009761353909867966,-0.009761353909867966
0.009886135765983248,0.009886377335823522,-0.009886377335823522
0.010011150142767846,0.010011400993579592,-0.010011400993579592
0.010136164519552444,0.01013642488606845,-0.01013642488606845
0.010261178896337042,0.010261449016222403,-0.010261449016222403
0.01038619327312164,0.010386473386973802,-0.010386473386973802
0.010511207649906238,0.010511498001255039,-0.010511498001255039
0.010636222026690836,0.010636522861998544,-0.010636522861998544
0.010761236403475434,0.010761547972136793,-0.010761547972136793
0.010886250780260032,0.0108865733346023,-0.0108865733346023
0.01101126515704463,0.011011598952327626,-0.011011598952327626
0.011136279533829228,0.011136624828245371,-0.011136624828245371
0.011261293910613826,0.011261650965288183,-0.011261650965288183
0.011386308287398424,0.01138667736638875,-0.01138667736638875
0.011511322664183022,0.011511704034479806,-0.011511704034479806
0.01163633704096762,0.011636730972494135,-0.011636730972494135
0.011761351417752218,0.011761758183364559,-0.011761758183364559
0.011886365794536816,0.01188678567002395,-0.01188678567002395
0.012011380171321414,0.012011813435405229,-0.012011813435405229
0.012136394548106014,0.01213684148244136,-0.01213684148244136
0.012261408924890612,0.012261869814065358,-0.012261869814065358
0.01238642330167521,0.012386898433210282,-0.012386898433210282
0.012511437678459808,0.012511927342809244,-0.012511927342809244
0.012636452055244406,0.012636956545795405,-0.012636956545795405
0.012761466432029004,0.012761986045101972,-0.012761986045101972
0.012886480808813602,0.012887015843662206,-0.012887015843662206
0.0130114951855982,0.013012045944409417,-0.013012045944409417
0.013136509562382798,0.013137076350276966,-0.013137076350276966
0.013261523939167396,0.013262107064198265,-0.013262107064198265
0.013386538315951994,0.013387138089106783,-0.013387138089106783
0.013511552692736592,0.013512169427936033,-0.013512169427936033
0.01363656706952119,0.013637201083619592,-0.013637201083619592
0.013761581446305788,0.013762233059091078,-0.013762233059091078
0.013886595823090386,0.013887265357284174,-0.013887265357284174
0.014011610199874984,0.014012297981132613,-0.014012297981132613
0.014136624576659582,0.014137330933570185,-0.014137330933570185
0.01426163895344418,0.014262364217530731,-0.014262364217530731
0.014386653330228778,0.014387397835948156,-0.014387397835948156
0.014511667707013376,0.014512431791756415,-0.014512431791756415
0.014636682083797974,0.01463746608788952,-0.01463746608788952
0.014761696460582573,0.01476250072728155,-0.01476250072728155
0.014886710837367171,0.014887535712866629,-0.014887535712866629
0.01501172521415177,0.015012571047578948,-0.015012571047578948
0.015136739590936367,0.015137606734352754,-0.015137606734352754
0.015261753967720965,0.015262642776122357,-0.015262642776122357
0.015386768344505563,0.015387679175822124,-0.015387679175822124
0.015511782721290161,0.01551271593638648,-0.01551271593638648
0.015636797098074758,0.01563775306074992,-0.01563775306074992
0.015761811474859357,0.01576279055184699,-0.01576279055184699
0.015886825851643954,0.015887828412612312,-0.015887828412612312
0.016011840228428553,0.01601286664598055,-0.01601286664598055
0.016136854605213153,0.016137905254886457,-0.016137905254886457
0.01626186898199775,0.016262944242264824,-0.016262944242264824
0.01638688335878235,0.01638798361105052,-0.01638798361105052
0.016511897735566945,0.01651302336417848,-0.01651302336417848
0.016636912112351545,0.016638063504583703,-0.016638063504583703
0.01676192648913614,0.016763104035201242,-0.016763104035201242
0.01688694086592074,0.01688814495896624,-0.01688814495896624
0.017011955242705337,0.017013186278813874,-0.017013186278813874
0.017136969619489937,0.01713822799767942,-0.01713822799767942
0.017261983996274533,0.0172632701184982,-0.0172632701184982
0.017386998373059133,0.017388312644205622,-0.017388312644205622
0.01751201274984373,0.01751335557773714,-0.01751335557773714
0.01763702712662833,0.017638398922028297,-0.017638398922028297
0.017762041503412925,0.017763442680014695,-0.017763442680014695
0.017887055880197525,0.017888486854632013,-0.017888486854632013
0.01801207025698212,0.018013531448815987,-0.018013531448815987
0.01813708463376672,0.018138576465502453,-0.018138576465502453
0.018262099010551317,0.01826362190762728,-0.01826362190762728
0.018387113387335917,0.018388667778126443,-0.018388667778126443
0.018512127764120513,0.018513714079935965,-0.018513714079935965
0.018637142140905113,0.018638760815991955,-0.018638760815991955
0.018762156517689713,0.018763807989230604,-0.018763807989230604
0.01888717089447431,0.018888855602588146,-0.018888855602588146
0.01901218527125891,0.019013903659000925,-0.019013903659000925
0.019137199648043505,0.019138952161405338,-0.019138952161405338
0.019262214024828105,0.01926400111273787,-0.01926400111273787
0.0193872284016127,0.01938905051593507,-0.01938905051593507
0.0195122427783973,0.019514100373933578,-0.019514100373933578
0.019637257155181897,0.019639150689670096,-0.019639150689670096
0.019762271531966497,0.019764201466081415,-0.019764201466081415
0.019887285908751093,0.019889252706104393,-0.019889252706104393
0.020012300285535693,0.020014304412675984,-0.020014304412675984
0.02013731466232029,0.020139356588733198,-0.020139356588733198
0.02026232903910489,0.02026440923721315,-0.02026440923721315
0.020387343415889485,0.020389462361053014,-0.020389462361053014
0.020512357792674085,0.020514515963190056,-0.020514515963190056
0.02063737216945868,0.020639570046561615,-0.020639570046561615
0.02076238654624328,0.020764624614105123,-0.020764624614105123
0.020887400923027877,0.02088967966875808,-0.02088967966875808
0.021012415299812476,0.021014735213458088,-0.021014735213458088
0.021137429676597073,0.021139791251142806,-0.021139791251142806
0.021262444053381672,0.02126484778475,-0.02126484778475
0.021387458430166272,0.02138990481721751,-0.02138990481721751
0.02151247280695087,0.021514962351483254,-0.021514962351483254
0.021637487183735468,0.02164002039048525,-0.02164002039048525
0.021762501560520064,0.02176507893716159,-0.02176507893716159
0.021887515937304664,0.021890137994450463,-0.021890137994450463
0.02201253031408926,0.022015197565290127,-0.022015197565290127
0.02213754469087386,0.02214025765261895,-0.02214025765261895
0.022262559067658456,0.022265318259375357,-0.022265318259375357
0.022387573444443056,0.0223903793884979,-0.0223903793884979
0.022512587821227652,0.022515441042925185,-0.022515441042925185
0.022637602198012252,0.022640503225595927,-0.022640503225595927
0.02276261657479685,0.02276556593944892,-0.02276556593944892
0.022887630951581448,0.02289062918742306,-0.02289062918742306
0.023012645328366044,0.023015692972457317,-0.023015692972457317
0.023137659705150644,0.02314075729749077,-0.02314075729749077
0.02326267408193524,0.023265822165462573,-0.023265822165462573
0.02338768845871984,0.023390887579311986,-0.023390887579311986
0.023512702835504436,0.02351595354197835,-0.02351595354197835
0.023637717212289036,0.02364102005640111,-0.02364102005640111
0.023762731589073632,0.023766087125519798,-0.023766087125519798
0.023887745965858232,0.02389115475227404,-0.02389115475227404
0.02401276034264283,0.024016222939603555,-0.024016222939603555
0.024137774719427428,0.024141291690448163,-0.024141291690448163
0.024262789096212028,0.02426636100774778,-0.02426636100774778
0.024387803472996624,0.0243914308944424,-0.0243914308944424
0.024512817849781224,0.024516501353472147,-0.024516501353472147
0.02463783222656582,0.024641572387777207,-0.024641572387777207
0.02476284660335042,0.02476664400029789,-0.02476664400029789
0.024887860980135016,0.02489171619397459,-0.02489171619397459
0.025012875356919616,0.025016788971747805,-0.025016788971747805
0.025137889733704212,0.025141862336558126,-0.025141862336558126
0.025262904110488812,0.025266936291346253,-0.025266936291346253
0.025387918487273408,0.025392010839052976,-0.025392010839052976
0.025512932864058008,0.0255170859826192,-0.0255170859826192
0.025637947240842604,0.025642161724985908,-0.025642161724985908
0.025762961617627204,0.02576723806909421,-0.02576723806909421
0.0258879759944118,0.025892315017885296,-0.025892315017885296
0.0260129903711964,0.02601739257430048,-0.02601739257430048
0.026138004747980996,0.02614247074128116,-0.02614247074128116
0.026263019124765596,0.026267549521768845,-0.026267549521768845
0.026388033501550192,0.02639262891870515,-0.02639262891870515
0.02651304787833479,0.026517708935031803,-0.026517708935031803
0.026638062255119388,0.026642789573690612,-0.026642789573690612
0.026763076631903988,0.026767870837623515,-0.026767870837623515
0.026888091008688587,0.026892952729772546,-0.026892952729772546
0.027013105385473184,0.027018035253079845,-0.027018035253079845
0.027138119762257783,0.02714311841048766,-0.02714311841048766
0.02726313413904238,0.027268202204938342,-0.027268202204938342
0.02738814851582698,0.02739328663937437,-0.02739328663937437
0.027513162892611576,0.0275183717167383,-0.0275183717167383
0.027638177269396175,0.027643457439972825,-0.027643457439972825
0.02776319164618077,0.027768543812020735,-0.027768543812020735
0.02788820602296537,0.027893630835824926,-0.027893630835824926
0.028013220399749968,0.028018718514328418,-0.028018718514328418
0.028138234776534567,0.02814380685047433,-0.02814380685047433
0.028263249153319164,0.028268895847205894,-0.028268895847205894
0.028388263530103763,0.028393985507466468,-0.028393985507466468
0.02851327790688836,0.028519075834199496,-0.028519075834199496
0.02863829228367296,0.028644166830348563,-0.028644166830348563
0.028763306660457556,0.02876925849885735,-0.02876925849885735
0.028888321037242155,0.028894350842669662,-0.028894350842669662
0.02901333541402675,0.029019443864729405,-0.029019443864729405
0.02913834979081135,0.02914453756798062,-0.02914453756798062
0.029263364167595948,0.029269631955367442,-0.029269631955367442
0.029388378544380547,0.029394727029834145,-0.029394727029834145
0.029513392921165147,0.0295198227943251,-0.0295198227943251
0.029638407297949743,0.0296449192517848,-0.0296449192517848
0.029763421674734343,0.029770016405157865,-0.029770016405157865
0.02988843605151894,0.02989511425738902,-0.02989511425738902
0.03001345042830354,0.030020212811423124,-0.030020212811423124
0.030138464805088135,0.030145312070205137,-0.030145312070205137
0.030263479181872735,0.030270412036680152,-0.030270412036680152
0.03038849355865733,0.030395512713793378,-0.030395512713793378
0.03051350793544193,0.030520614104490144,-0.030520614104490144
0.030638522312226527,0.030645716211715898,-0.030645716211715898
0.030763536689011127,0.03077081903841622,-0.03077081903841622
0.030888551065795723,0.030895922587536793,-0.030895922587536793
0.031013565442580323,0.031021026862023446,-0.031021026862023446
0.03113857981936492,0.03114613186482211,-0.03114613186482211
0.03126359419614952,0.03127123759887886,-0.03127123759887886
0.03138860857293412,0.03139634406713988,-0.03139634406713988
0.03151362294971872,0.03152145127255146,-0.03152145127255146
0.031638637326503315,0.03164655921806007,-0.03164655921806007
0.03176365170328791,0.031771667906612254,-0.031771667906612254
0.031888666080072514,0.031896777341154724,-0.031896777341154724
0.03201368045685711,0.03202188752463427,-0.03202188752463427
0.03213869483364171,0.03214699845999785,-0.03214699845999785
0.03226370921042631,0.03227211015019254,-0.03227211015019254
0.032388723587210906,0.03239722259816552,-0.03239722259816552
0.0325137379639955,0.03252233580686413,-0.03252233580686413
0.0326387523407801,0.03264744977923584,-0.03264744977923584
0.0327637667175647,0.032772564518228214,-0.032772564518228214
0.0328887810943493,0.032897680026788986,-0.032897680026788986
0.033013795471133894,0.033022796307866,-0.033022796307866
0.03313880984791849,0.033147913364407214,-0.033147913364407214
0.033263824224703094,0.03327303119936078,-0.03327303119936078
0.03338883860148769,0.03339814981567491,-0.03339814981567491
0.033513852978272286,0.03352326921629799,-0.03352326921629799
0.03363886735505688,0.03364838940417852,-0.03364838940417852
0.033763881731841486,0.03377351038226517,-0.03377351038226517
0.03388889610862608,0.03389863215350668,-0.03389863215350668
0.03401391048541068,0.03402375472085198,-0.03402375472085198
0.034138924862195275,0.034148878087250124,-0.034148878087250124
0.03426393923897988,0.03427400225565029,-0.03427400225565029
0.034388953615764474,0.034399127229001784,-0.034399127229001784
0.03451396799254907,0.03452425301025408,-0.03452425301025408
0.03463898236933367,0.034649379602356756,-0.034649379602356756
0.03476399674611827,0.034774507008259556,-0.034774507008259556
0.034889011122902866,0.034899635230912336,-0.034899635230912336
0.03501402549968746,0.03502476427326511,-0.03502476427326511
0.035139039876472065,0.03514989413826804,-0.03514989413826804
0.03526405425325666,0.03527502482887138,-0.03527502482887138
0.03538906863004126,0.03540015634802559,-0.03540015634802559
0.035514083006825854,0.035525288698681205,-0.035525288698681205
0.03563909738361046,0.03565042188378897,-0.03565042188378897
0.035764111760395054,0.03577555590629971,-0.03577555590629971
0.03588912613717965,0.035900690769164426,-0.035900690769164426
0.036014140513964246,0.036025826475334255,-0.036025826475334255
0.03613915489074885,0.03615096302776048,-0.03615096302776048
0.036264169267533446,0.036276100429394526,-0.036276100429394526
0.03638918364431804,0.03640123868318794,-0.03640123868318794
0.03651419802110264,0.03652637779209245,-0.03652637779209245
0.03663921239788724,0.03665151775905993,-0.03665151775905993
0.03676422677467184,0.03677665858704235,-0.03677665858704235
0.036889241151456434,0.036901800278991884,-0.036901800278991884
0.03701425552824103,0.03702694283786082,-0.03702694283786082
0.03713926990502563,0.03715208626660161,-0.03715208626660161
0.03726428428181023,0.037277230568166835,-0.037277230568166835
0.037389298658594826,0.03740237574550923,-0.03740237574550923
0.03751431303537943,0.03752752180158171,-0.03752752180158171
0.037639327412164025,0.03765266873933729,-0.03765266873933729
0.03776434178894862,0.03777781656172917,-0.03777781656172917
0.03788935616573322,0.03790296527171068,-0.03790296527171068
0.03801437054251782,0.03802811487223532,-0.03802811487223532
0.03813938491930242,0.038153265366256725,-0.038153265366256725
0.038264399296087014,0.03827841675672869,-0.03827841675672869
0.03838941367287161,0.038403569046605156,-0.038403569046605156
0.03851442804965621,0.038528722238840234,-0.038528722238840234
0.03863944242644081,0.03865387633638816,-0.03865387633638816
0.038764456803225406,0.03877903134220335,-0.03877903134220335
0.03888947118001,0.03890418725924036,-0.03890418725924036
0.039014485556794605,0.039029344090453916,-0.039029344090453916
0.0391394999335792,0.039154501838798865,-0.039154501838798865
0.0392645143103638,0.03927966050723025,-0.03927966050723025
0.039389528687148394,0.03940482009870326,-0.03940482009870326
0.039514543063933,0.03952998061617324,-0.03952998061617324
0.03963955744071759,0.03965514206259566,-0.03965514206259566
0.03976457181750219,0.03978030444092619,-0.03978030444092619
0.039889586194286786,0.03990546775412065,-0.03990546775412065
0.04001460057107139,0.04003063200513501,-0.04003063200513501
0.040139614947855985,0.0401557971969254,-0.0401557971969254
0.04026462932464058,0.04028096333244811,-0.04028096333244811
0.040389643701425185,0.040406130414659604,-0.040406130414659604
0.04051465807820978,0.040531298446516484,-0.040531298446516484
0.04063967245499438,0.04065646743097553,-0.04065646743097553
0.04076468683177897,0.040781637370993676,-0.040781637370993676
0.04088970120856358,0.04090680826952804,-0.04090680826952804
0.04101471558534817,0.04103198012953587,-0.04103198012953587
0.04113972996213277,0.04115715295397459,-0.04115715295397459
0.041264744338917365,0.0412823267458018,-0.0412823267458018
0.04138975871570197,0.041407501507975265,-0.041407501507975265
0.041514773092486565,0.04153267724345288,-0.04153267724345288
0.04163978746927116,0.041657853955192746,-0.041657853955192746
0.04176480184605576,0.041783031646153115,-0.041783031646153115
0.04188981622284036,0.04190821031929242,-0.04190821031929242
0.04201483059962496,0.04203338997756922,-0.04203338997756922
0.04213984497640955,0.042158570623942286,-0.042158570623942286
0.04226485935319415,0.04228375226137054,-0.04228375226137054
0.04238987372997875,0.04240893489281307,-0.04240893489281307
0.04251488810676335,0.04253411852122913,-0.04253411852122913
0.042639902483547945,0.04265930314957816,-0.04265930314957816
0.04276491686033255,0.04278448878081976,-0.04278448878081976
0.042889931237117145,0.04290967541791369,-0.04290967541791369
0.04301494561390174,0.04303486306381989,-0.04303486306381989
0.04313995999068634,0.0431600517214985,-0.0431600517214985
0.04326497436747094,0.043285241393909775,-0.043285241393909775
0.04338998874425554,0.04341043208401419,-0.04341043208401419
0.04351500312104013,0.043535623794772375,-0.043535623794772375
0.04364001749782473,0.04366081652914512,-0.04366081652914512
0.04376503187460933,0.043786010290093436,-0.043786010290093436
0.04389004625139393,0.04391120508057845,-0.04391120508057845
0.044015060628178525,0.0440364009035615,-0.0440364009035615
0.04414007500496312,0.04416159776200409,-0.04416159776200409
0.044265089381747724,0.044286795658867915,-0.044286795658867915
0.04439010375853232,0.04441199459711482,-0.04441199459711482
0.04451511813531692,0.04453719457970683,-0.04453719457970683
0.04464013251210151,0.04466239560960619,-0.04466239560960619
0.044765146888886116,0.04478759768977528,-0.04478759768977528
0.04489016126567071,0.044912800823176655,-0.044912800823176655
0.04501517564245531,0.04503800501277307,-0.04503800501277307
0.045140190019239905,0.045163210261527476,-0.045163210261527476
0.04526520439602451,0.04528841657240297,-0.04528841657240297
0.045390218772809104,0.04541362394836284,-0.04541362394836284
0.0455152331495937,0.045538832392370554,-0.045538832392370554
0.045640247526378304,0.04566404190738979,-0.04566404190738979
0.0457652619031629,0.04578925249638436,-0.04578925249638436
0.045890276279947496,0.0459144641623183,-0.0459144641623183
0.04601529065673209,0.0460396769081558,-0.0460396769081558
0.046140305033516696,0.04616489073686128,-0.04616489073686128
0.04626531941030129,0.04629010565139927,-0.04629010565139927
0.04639033378708589,0.04641532165473455,-0.04641532165473455
0.046515348163870485,0.04654053874983206,-0.04654053874983206
0.04664036254065509,0.04666575693965693,-0.04666575693965693
0.046765376917439684,0.046790976227174465,-0.046790976227174465
0.04689039129422428,0.046916196615350174,-0.046916196615350174
0.04701540567100888,0.047041418107149756,-0.047041418107149756
0.04714042004779348,0.047166640705539074,-0.047166640705539074
0.047265434424578076,0.04729186441348421,-0.04729186441348421
0.04739044880136267,0.0474170892339514,-0.0474170892339514
0.04751546317814727,0.047542315169907104,-0.047542315169907104
0.04764047755493187,0.04766754222431795,-0.04766754222431795
0.04776549193171647,0.047792770400150765,-0.047792770400150765
0.047890506308501064,0.04791799970037257,-0.04791799970037257
0.04801552068528566,0.04804323012795056,-0.04804323012795056
0.048140535062070264,0.04816846168585217,-0.04816846168585217
0.04826554943885486,0.04829369437704495,-0.04829369437704495
0.048390563815639456,0.048418928204496704,-0.048418928204496704
0.04851557819242406,0.04854416317117542,-0.04854416317117542
0.048640592569208656,0.04866939928004927,-0.04866939928004927
0.04876560694599325,0.04879463653408662,-0.04879463653408662
0.04889062132277785,0.048919874936256026,-0.048919874936256026
0.04901563569956245,0.04904511448952626,-0.04904511448952626
0.04914065007634705,0.04917035519686627,-0.04917035519686627
0.049265664453131644,0.049295597061245214,-0.049295597061245214
0.04939067882991624,0.049420840085632446,-0.049420840085632446
0.04951569320670084,0.04954608427299751,-0.04954608427299751
0.04964070758348544,0.04967132962631015,-0.04967132962631015
0.049765721960270036,0.04979657614854031,-0.04979657614854031
0.04989073633705463,0.04992182384265814,-0.04992182384265814
0.050015750713839235,0.05004707271163399,-0.05004707271163399
0.05014076509062383,0.050172322758438394,-0.050172322758438394
0.05026577946740843,0.05029757398604209,-0.05029757398604209
0.050390793844193024,0.05042282639741605,-0.05042282639741605
0.05051580822097763,0.0505480799955314,-0.0505480799955314
0.050640822597762224,0.05067333478335951,-0.05067333478335951
0.05076583697454682,0.050798590763871915,-0.050798590763871915
0.05089085135133142,0.050923847940040394,-0.050923847940040394
0.05101586572811602,0.05104910631483688,-0.05104910631483688
0.051140880104900616,0.05117436589123357,-0.05117436589123357
0.05126589448168521,0.051299626672202815,-0.051299626672202815
0.051390908858469815,0.0514248886607172,-0.0514248886607172
0.05151592323525441,0.05155015185974951,-0.05155015185974951
0.05164093761203901,0.05167541627227272,-0.05167541627227272
0.051765951988823604,0.05180068190126004,-0.05180068190126004
0.05189096636560821,0.05192594874968488,-0.05192594874968488
0.0520159807423928,0.05205121682052083,-0.05205121682052083
0.0521409951191774,0.05217648611674173,-0.05217648611674173
0.052266009495961996,0.0523017566413216,-0.0523017566413216
0.0523910238727466,0.05242702839723468,-0.05242702839723468
0.052516038249531195,0.052552301387455425,-0.052552301387455425
0.05264105262631579,0.052677575614958484,-0.052677575614958484
0.05276606700310039,0.05280285108271873,-0.05280285108271873
0.05289108137988499,0.052928127793711276,-0.052928127793711276
0.05301609575666959,0.05305340575091138,-0.05305340575091138
0.053141110133454184,0.05317868495729455,-0.05317868495729455
0.05326612451023878,0.05330396541583653,-0.05330396541583653
0.05339113888702338,0.05342924712951324,-0.05342924712951324
0.05351615326380798,0.05355453010130083,-0.05355453010130083
0.053641167640592576,0.05367981433417567,-0.05367981433417567
0.05376618201737718,0.053805099831114346,-0.053805099831114346
0.053891196394161775,0.05393038659509363,-0.05393038659509363
0.05401621077094637,0.05405567462909055,-0.05405567462909055
0.05414122514773097,0.05418096393608233,-0.05418096393608233
0.05426623952451557,0.05430625451904642,-0.05430625451904642
0.05439125390130017,0.054431546380960476,-0.054431546380960476
0.05451626827808476,0.05455683952480238,-0.05455683952480238
0.05464128265486936,0.05468213395355023,-0.05468213395355023
0.05476629703165396,0.05480742967018237,-0.05480742967018237
0.05489131140843856,0.05493272667767731,-0.05493272667767731
0.055016325785223155,0.055058024979013825,-0.055058024979013825
0.05514134016200775,0.055183324577170886,-0.055183324577170886
0.055266354538792355,0.05530862547512772,-0.05530862547512772
0.05539136891557695,0.05543392767586373,-0.05543392767586373
0.05551638329236155,0.055559231182358566,-0.055559231182358566
0.05564139766914614,0.055684535997592106,-0.055684535997592106
0.05576641204593075,0.05580984212454445,-0.05580984212454445
0.05589142642271534,0.05593514956619589,-0.05593514956619589
0.05601644079949994,0.056060458325526995,-0.056060458325526995
0.05614145517628454,0.056185768405518526,-0.056185768405518526
0.05626646955306914,0.05631107980915147,-0.05631107980915147
0.056391483929853735,0.056436392539407056,-0.056436392539407056
0.05651649830663833,0.05656170659926672,-0.05656170659926672
0.056641512683422934,0.056687021991712154,-0.056687021991712154
0.05676652706020753,0.05681233871972524,-0.05681233871972524
0.05689154143699213,0.056937656786288114,-0.056937656786288114
0.05701655581377672,0.05706297619438314,-0.05706297619438314
0.057141570190561326,0.05718829694699291,-0.05718829694699291
0.05726658456734592,0.05731361904710022,-0.05731361904710022
0.05739159894413052,0.05743894249768814,-0.05743894249768814
0.057516613320915115,0.057564267301739934,-0.057564267301739934
0.05764162769769972,0.05768959346223913,-0.05768959346223913
0.057766642074484315,0.057814920982169456,-0.057814920982169456
0.05789165645126891,0.05794024986451488,-0.05794024986451488
0.05801667082805351,0.058065580112259624,-0.058065580112259624
0.05814168520483811,0.05819091172838813,-0.05819091172838813
0.058266699581622707,0.05831624471588506,-0.05831624471588506
0.0583917139584073,0.058441579077735326,-0.058441579077735326
0.0585167283351919,0.05856691481692408,-0.05856691481692408
0.0586417427119765,0.05869225193643671,-0.05869225193643671
0.0587667570887611,0.0588175904392588,-0.0588175904392588
0.058891771465545695,0.05894293032837623,-0.05894293032837623
0.0590167858423303,0.05906827160677509,-0.05906827160677509
0.059141800219114894,0.05919361427744168,-0.05919361427744168
0.05926681459589949,0.05931895834336259,-0.05931895834336259
0.05939182897268409,0.05944430380752462,-0.05944430380752462
0.05951684334946869,0.059569650672914816,-0.059569650672914816
0.059641857726253286,0.05969499894252044,-0.05969499894252044
0.05976687210303788,0.05982034861932904,-0.05982034861932904
0.05989188647982248,0.05994569970632837,-0.05994569970632837
0.06001690085660708,0.06007105220650644,-0.06007105220650644
0.06014191523339168,0.06019640612285148,-0.06019640612285148
0.060266929610176274,0.06032176145835199,-0.06032176145835199
0.06039194398696087,0.0604471182159967,-0.0604471182159967
0.060516958363745474,0.0605724763987746,-0.0605724763987746
0.06064197274053007,0.060697836009674884,-0.060697836009674884
0.060766987117314666,0.060823197051687025,-0.060823197051687025
0.06089200149409926,0.06094855952780074,-0.06094855952780074
0.061017015870883866,0.061073923441005984,-0.061073923441005984
0.06114203024766846,0.061199288794292935,-0.061199288794292935
0.06126704462445306,0.06132465559065206,-0.06132465559065206
0.06139205900123766,0.06145002383307405,-0.06145002383307405
0.06151707337802226,0.061575393524549826,-0.061575393524549826
0.061642087754806854,0.06170076466807059,-0.06170076466807059
0.06176710213159145,0.06182613726662779,-0.06182613726662779
0.061892116508376054,0.0619515113232131,-0.0619515113232131
0.06201713088516065,0.06207688684081846,-0.06207688684081846
0.062142145261945246,0.06220226382243606,-0.06220226382243606
0.06226715963872984,0.062327642271058324,-0.062327642271058324
0.062392174015514446,0.06245302218967796,-0.06245302218967796
0.06251718839229903,0.06257840358128786,-0.06257840358128786
0.06264220276908364,0.06270378644888129,-0.06270378644888129
0.06276721714586823,0.06282917079545164,-0.06282917079545164
0.06289223152265283,0.06295455662399263,-0.06295455662399263
0.06301724589943743,0.06307994393749819,-0.06307994393749819
0.06314226027622202,0.06320533273896255,-0.06320533273896255
0.06326727465300662,0.06333072303138015,-0.06333072303138015
0.06339228902979122,0.06345611481774573,-0.06345611481774573
0.06351730340657581,0.06358150810105426,-0.06358150810105426
0.06364231778336042,0.06370690288430096,-0.06370690288430096
0.06376733216014502,0.06383229917048129,-0.06383229917048129
0.06389234653692961,0.06395769696259104,-0.06395769696259104
0.06401736091371421,0.06408309626362618,-0.06408309626362618
0.06414237529049881,0.06420849707658298,-0.06420849707658298
0.0642673896672834,0.06433389940445794,-0.06433389940445794
0.064392404044068,0.06445930325024787,-0.06445930325024787
0.06451741842085261,0.06458470861694982,-0.06458470861694982
0.0646424327976372,0.06471011550756102,-0.06471011550756102
0.0647674471744218,0.06483552392507909,-0.06483552392507909
0.0648924615512064,0.06496093387250183,-0.06496093387250183
0.065017475927991,0.06508634535282733,-0.06508634535282733
0.06514249030477559,0.06521175836905392,-0.06521175836905392
0.06526750468156019,0.06533717292418025,-0.06533717292418025
0.06539251905834478,0.06546258902120514,-0.06546258902120514
0.0655175334351294,0.06558800666312779,-0.06558800666312779
0.06564254781191399,0.06571342585294755,-0.06571342585294755
0.06576756218869859,0.0658388465936641,-0.0658388465936641
0.06589257656548318,0.06596426888827739,-0.06596426888827739
0.06601759094226778,0.06608969273978761,-0.06608969273978761
0.06614260531905237,0.06621511815119523,-0.06621511815119523
0.06626761969583697,0.06634054512550097,-0.06634054512550097
0.06639263407262157,0.06646597366570586,-0.06646597366570586
0.06651764844940618,0.06659140377481118,-0.06659140377481118
0.06664266282619077,0.06671683545581844,-0.06671683545581844
0.06676767720297537,0.06684226871172945,-0.06684226871172945
0.06689269157975997,0.06696770354554629,-0.06696770354554629
0.06701770595654456,0.06709313996027133,-0.06709313996027133
0.06714272033332916,0.06721857795890718,-0.06721857795890718
0.06726773471011376,0.06734401754445675,-0.06734401754445675
0.06739274908689837,0.06746945871992319,-0.06746945871992319
0.06751776346368296,0.06759490148830993,-0.06759490148830993
0.06764277784046756,0.0677203458526207,-0.0677203458526207
0.06776779221725215,0.06784579181585948,-0.06784579181585948
0.06789280659403675,0.06797123938103053,-0.06797123938103053
0.06801782097082135,0.06809668855113837,-0.06809668855113837
0.06814283534760594,0.06822213932918784,-0.06822213932918784
0.06826784972439054,0.06834759171818401,-0.06834759171818401
0.06839286410117515,0.06847304572113226,-0.06847304572113226
0.06851787847795975,0.0685985013410382,-0.0685985013410382
0.06864289285474434,0.06872395858090777,-0.06872395858090777
0.06876790723152894,0.06884941744374715,-0.06884941744374715
0.06889292160831353,0.06897487793256281,-0.06897487793256281
0.06901793598509813,0.06910034005036152,-0.06910034005036152
0.06914295036188273,0.06922580380015031,-0.06922580380015031
0.06926796473866732,0.06935126918493649,-0.06935126918493649
0.06939297911545193,0.06947673620772767,-0.06947673620772767
0.06951799349223653,0.0696022048715317,-0.0696022048715317
0.06964300786902113,0.06972767517935673,-0.06972767517935673
0.06976802224580572,0.06985314713421122,-0.06985314713421122
0.06989303662259032,0.06997862073910388,-0.06997862073910388
0.07001805099937491,0.07010409599704373,-0.07010409599704373
0.07014306537615951,0.07022957291104005,-0.07022957291104005
0.07026807975294412,0.07035505148410243,-0.07035505148410243
0.07039309412972872,0.07048053171924068,-0.07048053171924068
0.07051810850651331,0.07060601361946499,-0.07060601361946499
0.07064312288329791,0.07073149718778576,-0.07073149718778576
0.0707681372600825,0.07085698242721374,-0.07085698242721374
0.0708931516368671,0.0709824693407599,-0.0709824693407599
0.0710181660136517,0.07110795793143555,-0.07110795793143555
0.0711431803904363,0.07123344820225228,-0.07123344820225228
0.0712681947672209,0.07135894015622193,-0.07135894015622193
0.0713932091440055,0.07148443379635668,-0.07148443379635668
0.0715182235207901,0.07160992912566895,-0.07160992912566895
0.0716432378975747,0.0717354261471715,-0.0717354261471715
0.07176825227435929,0.07186092486387735,-0.07186092486387735
0.07189326665114389,0.07198642527879981,-0.07198642527879981
0.07201828102792848,0.07211192739495251,-0.07211192739495251
0.07214329540471309,0.07223743121534935,-0.07223743121534935
0.07226830978149769,0.07236293674300454,-0.07236293674300454
0.07239332415828229,0.07248844398093252,-0.07248844398093252
0.07251833853506688,0.0726139529321481,-0.0726139529321481
0.07264335291185148,0.07273946359966638,-0.07273946359966638
0.07276836728863607,0.07286497598650271,-0.07286497598650271
0.07289338166542067,0.07299049009567277,-0.07299049009567277
0.07301839604220527,0.0731160059301925,-0.0731160059301925
0.07314341041898988,0.07324152349307822,-0.07324152349307822
0.07326842479577447,0.07336704278734643,-0.07336704278734643
0.07339343917255907,0.073492563816014,-0.073492563816014
0.07351845354934367,0.0736180865820981,-0.0736180865820981
0.07364346792612826,0.07374361108861618,-0.07374361108861618
0.07376848230291286,0.073869137338586,-0.073869137338586
0.07389349667969745,0.07399466533502558,-0.07399466533502558
0.07401851105648205,0.0741201950809533,-0.0741201950809533
0.07414352543326666,0.07424572657938783,-0.07424572657938783
0.07426853981005126,0.0743712598333481,-0.0743712598333481
0.07439355418683585,0.07449679484585336,-0.07449679484585336
0.07451856856362045,0.0746223316199232,-0.0746223316199232
0.07464358294040505,0.07474787015857746,-0.07474787015857746
0.07476859731718964,0.07487341046483632,-0.07487341046483632
0.07489361169397424,0.07499895254172025,-0.07499895254172025
0.07501862607075885,0.07512449639225004,-0.07512449639225004
0.07514364044754344,0.07525004201944673,-0.07525004201944673
0.07526865482432804,0.07537558942633173,-0.07537558942633173
0.07539366920111264,0.07550113861592674,-0.07550113861592674
0.07551868357789723,0.07562668959125377,-0.07562668959125377
0.07564369795468183,0.07575224235533508,-0.07575224235533508
0.07576871233146643,0.07587779691119334,-0.07587779691119334
0.07589372670825102,0.07600335326185145,-0.07600335326185145
0.07601874108503563,0.07612891141033266,-0.07612891141033266
0.07614375546182023,0.07625447135966049,-0.07625447135966049
0.07626876983860482,0.07638003311285879,-0.07638003311285879
0.07639378421538942,0.07650559667295175,-0.07650559667295175
0.07651879859217402,0.0766311620429638,-0.0766311620429638
0.07664381296895861,0.07675672922591978,-0.07675672922591978
0.07676882734574321,0.07688229822484474,-0.07688229822484474
0.0768938417225278,0.07700786904276413,-0.07700786904276413
0.07701885609931242,0.07713344168270367,-0.07713344168270367
0.07714387047609701,0.07725901614768937,-0.07725901614768937
0.07726888485288161,0.0773845924407476,-0.0773845924407476
0.0773938992296662,0.07751017056490503,-0.07751017056490503
0.0775189136064508,0.07763575052318863,-0.07763575052318863
0.0776439279832354,0.07776133231862571,-0.07776133231862571
0.07776894236002,0.07788691595424388,-0.07788691595424388
0.0778939567368046,0.0780125014330711,-0.0780125014330711
0.0780189711135892,0.07813808875813558,-0.07813808875813558
0.0781439854903738,0.07826367793246589,-0.07826367793246589
0.07826899986715839,0.07838926895909094,-0.07838926895909094
0.07839401424394299,0.07851486184103994,-0.07851486184103994
0.07851902862072759,0.07864045658134237,-0.07864045658134237
0.07864404299751218,0.07876605318302815,-0.07876605318302815
0.07876905737429678,0.07889165164912738,-0.07889165164912738
0.07889407175108139,0.0790172519826706,-0.0790172519826706
0.07901908612786598,0.07914285418668858,-0.07914285418668858
0.07914410050465058,0.07926845826421246,-0.07926845826421246
0.07926911488143518,0.07939406421827372,-0.07939406421827372
0.07939412925821977,0.0795196720519041,-0.0795196720519041
0.07951914363500437,0.07964528176813575,-0.07964528176813575
0.07964415801178897,0.07977089337000108,-0.07977089337000108
0.07976917238857356,0.07989650686053283,-0.07989650686053283
0.07989418676535817,0.0800221222427641,-0.0800221222427641
0.08001920114214277,0.08014773951972827,-0.08014773951972827
0.08014421551892736,0.08027335869445909,-0.08027335869445909
0.08026922989571196,0.08039897976999061,-0.08039897976999061
0.08039424427249656,0.08052460274935723,-0.08052460274935723
0.08051925864928115,0.08065022763559367,-0.08065022763559367
0.08064427302606575,0.08077585443173495,-0.08077585443173495
0.08076928740285036,0.08090148314081648,-0.08090148314081648
0.08089430177963496,0.08102711376587392,-0.08102711376587392
0.08101931615641955,0.08115274630994333,-0.08115274630994333
0.08114433053320415,0.08127838077606109,-0.08127838077606109
0.08126934490998874,0.08140401716726386,-0.08140401716726386
0.08139435928677334,0.08152965548658872,-0.08152965548658872
0.08151937366355794,0.08165529573707299,-0.08165529573707299
0.08164438804034253,0.08178093792175439,-0.08178093792175439
0.08176940241712714,0.08190658204367095,-0.08190658204367095
0.08189441679391174,0.08203222810586101,-0.08203222810586101
0.08201943117069634,0.0821578761113633,-0.0821578761113633
0.08214444554748093,0.08228352606321683,-0.08228352606321683
0.08226945992426553,0.082409177964461,-0.082409177964461
0.08239447430105012,0.08253483181813549,-0.08253483181813549
0.08251948867783472,0.08266048762728036,-0.08266048762728036
0.08264450305461932,0.08278614539493598,-0.08278614539493598
0.08276951743140393,0.0829118051241431,-0.0829118051241431
0.08289453180818852,0.08303746681794275,-0.08303746681794275
0.08301954618497312,0.08316313047937633,-0.08316313047937633
0.08314456056175772,0.0832887961114856,-0.0832887961114856
0.08326957493854231,0.08341446371731262,-0.08341446371731262
0.08339458931532691,0.0835401332998998,-0.0835401332998998
0.0835196036921115,0.08366580486228994,-0.08366580486228994
0.08364461806889611,0.08379147840752613,-0.08379147840752613
0.08376963244568071,0.08391715393865179,-0.08391715393865179
0.08389464682246531,0.08404283145871073,-0.08404283145871073
0.0840196611992499,0.08416851097074708,-0.08416851097074708
0.0841446755760345,0.08429419247780533,-0.08429419247780533
0.0842696899528191,0.08441987598293028,-0.08441987598293028
0.08439470432960369,0.0845455614891671,-0.0845455614891671
0.08451971870638829,0.08467124899956133,-0.08467124899956133
0.0846447330831729,0.08479693851715882,-0.08479693851715882
0.0847697474599575,0.08492263004500575,-0.08492263004500575
0.08489476183674209,0.08504832358614868,-0.08504832358614868
0.08501977621352669,0.08517401914363455,-0.08517401914363455
0.08514479059031128,0.08529971672051057,-0.08529971672051057
0.08526980496709588,0.08542541631982437,-0.08542541631982437
0.08539481934388048,0.08555111794462386,-0.08555111794462386
0.08551983372066509,0.0856768215979574,-0.0856768215979574
0.08564484809744968,0.0858025272828736,-0.0858025272828736
0.08576986247423428,0.08592823500242146,-0.08592823500242146
0.08589487685101888,0.08605394475965035,-0.08605394475965035
0.08601989122780347,0.08617965655760997,-0.08617965655760997
0.08614490560458807,0.08630537039935038,-0.08630537039935038
0.08626991998137266,0.08643108628792198,-0.08643108628792198
0.08639493435815726,0.08655680422637557,-0.08655680422637557
0.08651994873494187,0.08668252421776226,-0.08668252421776226
0.08664496311172647,0.08680824626513352,-0.08680824626513352
0.08676997748851106,0.08693397037154117,-0.08693397037154117
0.08689499186529566,0.08705969654003742,-0.08705969654003742
0.08702000624208026,0.0871854247736748,-0.0871854247736748
0.08714502061886485,0.08731115507550624,-0.08731115507550624
0.08727003499564945,0.08743688744858498,-0.08743688744858498
0.08739504937243404,0.08756262189596466,-0.08756262189596466
0.08752006374921865,0.08768835842069923,-0.08768835842069923
0.08764507812600325,0.08781409702584306,-0.08781409702584306
0.08777009250278785,0.08793983771445081,-0.08793983771445081
0.08789510687957244,0.08806558048957758,-0.08806558048957758
0.08802012125635704,0.08819132535427877,-0.08819132535427877
0.08814513563314164,0.08831707231161016,-0.08831707231161016
0.08827015000992623,0.08844282136462792,-0.08844282136462792
0.08839516438671084,0.08856857251638853,-0.08856857251638853
0.08852017876349544,0.08869432576994887,-0.08869432576994887
0.08864519314028003,0.08882008112836617,-0.08882008112836617
0.08877020751706463,0.08894583859469807,-0.08894583859469807
0.08889522189384923,0.08907159817200247,-0.08907159817200247
0.08902023627063382,0.08919735986333777,-0.08919735986333777
0.08914525064741842,0.08932312367176261,-0.08932312367176261
0.08927026502420302,0.08944888960033608,-0.08944888960033608
0.08939527940098763,0.08957465765211763,-0.08957465765211763
0.08952029377777222,0.08970042783016702,-0.08970042783016702
0.08964530815455682,0.08982620013754443,-0.08982620013754443
0.08977032253134141,0.08995197457731041,-0.08995197457731041
0.08989533690812601,0.09007775115252586,-0.09007775115252586
0.09002035128491061,0.09020352986625206,-0.09020352986625206
0.0901453656616952,0.09032931072155066,-0.09032931072155066
0.0902703800384798,0.09045509372148368,-0.09045509372148368
0.09039539441526441,0.0905808788691135,-0.0905808788691135
0.090520408792049,0.09070666616750286,-0.09070666616750286
0.0906454231688336,0.09083245561971497,-0.09083245561971497
0.0907704375456182,0.09095824722881327,-0.09095824722881327
0.0908954519224028,0.09108404099786166,-0.09108404099786166
0.09102046629918739,0.09120983692992439,-0.09120983692992439
0.09114548067597199,0.09133563502806612,-0.09133563502806612
0.0912704950527566,0.09146143529535188,-0.09146143529535188
0.0913955094295412,0.09158723773484699,-0.09158723773484699
0.09152052380632579,0.09171304234961722,-0.09171304234961722
0.09164553818311039,0.09183884914272876,-0.09183884914272876
0.09177055255989498,0.09196465811724809,-0.09196465811724809
0.09189556693667958,0.09209046927624212,-0.09209046927624212
0.09202058131346418,0.09221628262277812,-0.09221628262277812
0.09214559569024877,0.09234209815992372,-0.09234209815992372
0.09227061006703338,0.09246791589074702,-0.09246791589074702
0.09239562444381798,0.09259373581831636,-0.09259373581831636
0.09252063882060257,0.09271955794570055,-0.09271955794570055
0.09264565319738717,0.09284538227596882,-0.09284538227596882
0.09277066757417177,0.09297120881219069,-0.09297120881219069
0.09289568195095636,0.09309703755743609,-0.09309703755743609
0.09302069632774096,0.09322286851477539,-0.09322286851477539
0.09314571070452556,0.09334870168727925,-0.09334870168727925
0.09327072508131017,0.09347453707801884,-0.09347453707801884
0.09339573945809476,0.09360037469006556,-0.09360037469006556
0.09352075383487936,0.09372621452649131,-0.09372621452649131
0.09364576821166395,0.09385205659036835,-0.09385205659036835
0.09377078258844855,0.09397790088476932,-0.09397790088476932
0.09389579696523315,0.09410374741276724,-0.09410374741276724
0.09402081134201774,0.09422959617743551,-0.09422959617743551
0.09414582571880235,0.09435544718184798,-0.09435544718184798
0.09427084009558695,0.09448130042907879,-0.09448130042907879
0.09439585447237155,0.09460715592220253,-0.09460715592220253
0.09452086884915614,0.09473301366429421,-0.09473301366429421
0.09464588322594074,0.09485887365842915,-0.09485887365842915
0.09477089760272533,0.09498473590768314,-0.09498473590768314
0.09489591197950993,0.09511060041513231,-0.09511060041513231
0.09502092635629453,0.09523646718385319,-0.09523646718385319
0.09514594073307914,0.09536233621692275,-0.09536233621692275
0.09527095510986373,0.09548820751741827,-0.09548820751741827
0.09539596948664833,0.09561408108841747,-0.09561408108841747
0.09552098386343293,0.0957399569329985,-0.0957399569329985
0.09564599824021752,0.09586583505423985,-0.09586583505423985
0.09577101261700212,0.09599171545522042,-0.09599171545522042
0.09589602699378671,0.09611759813901952,-0.09611759813901952
0.09602104137057131,0.09624348310871685,-0.09624348310871685
0.09614605574735592,0.09636937036739253,-0.09636937036739253
0.09627107012414052,0.096495259918127,-0.096495259918127
0.09639608450092511,0.0966211517640012,-0.0966211517640012
0.09652109887770971,0.0967470459080964,-0.0967470459080964
0.0966461132544943,0.09687294235349429,-0.09687294235349429
0.0967711276312789,0.09699884110327697,-0.09699884110327697
0.0968961420080635,0.09712474216052695,-0.09712474216052695
0.09702115638484811,0.09725064552832711,-0.09725064552832711
0.0971461707616327,0.09737655120976074,-0.09737655120976074
0.0972711851384173,0.09750245920791153,-0.09750245920791153
0.0973961995152019,0.09762836952586362,-0.09762836952586362
0.0975212138919865,0.0977542821667015,-0.0977542821667015
0.09764622826877109,0.09788019713351005,-0.09788019713351005
0.09777124264555569,0.09800611442937464,-0.09800611442937464
0.09789625702234028,0.09813203405738094,-0.09813203405738094
0.09802127139912489,0.09825795602061513,-0.09825795602061513
0.09814628577590949,0.09838388032216369,-0.09838388032216369
0.09827130015269409,0.09850980696511359,-0.09850980696511359
0.09839631452947868,0.09863573595255218,-0.09863573595255218
0.09852132890626328,0.0987616672875672,-0.0987616672875672
0.09864634328304787,0.09888760097324684,-0.09888760097324684
0.09877135765983247,0.09901353701267965,-0.09901353701267965
0.09889637203661708,0.09913947540895464,-0.09913947540895464
0.09902138641340168,0.09926541616516119,-0.09926541616516119
0.09914640079018627,0.0993913592843891,-0.0993913592843891
0.09927141516697087,0.09951730476972859,-0.09951730476972859
0.09939642954375547,0.0996432526242703,-0.0996432526242703
0.09952144392054006,0.0997692028511053,-0.0997692028511053
0.09964645829732466,0.09989515545332499,-0.09989515545332499
0.09977147267410925,0.10002111043402129,-0.10002111043402129
0.09989648705089386,0.10014706779628645,-0.10014706779628645
0.10002150142767846,0.10027302754321318,-0.10027302754321318
0.10014651580446306,0.10039898967789461,-0.10039898967789461
0.10027153018124765,0.10052495420342426,-0.10052495420342426
0.10039654455803225,0.10065092112289609,-0.10065092112289609
0.10052155893481685,0.10077689043940445,-0.10077689043940445
0.10064657331160144,0.10090286215604413,-0.10090286215604413
0.10077158768838604,0.10102883627591033,-0.10102883627591033
0.10089660206517065,0.1011548128020987,-0.1011548128020987
0.10102161644195524,0.10128079173770525,-0.10128079173770525
0.10114663081873984,0.10140677308582643,-0.10140677308582643
0.10127164519552444,0.10153275684955917,-0.10153275684955917
0.10139665957230903,0.10165874303200075,-0.10165874303200075
0.10152167394909363,0.10178473163624886,-0.10178473163624886
0.10164668832587823,0.10191072266540172,-0.10191072266540172
0.10177170270266284,0.10203671612255785,-0.10203671612255785
0.10189671707944743,0.10216271201081625,-0.10216271201081625
0.10202173145623203,0.10228871033327636,-0.10228871033327636
0.10214674583301663,0.102414711093038,-0.102414711093038
0.10227176020980122,0.10254071429320144,-0.10254071429320144
0.10239677458658582,0.1026667199368674,-0.1026667199368674
0.10252178896337041,0.10279272802713699,-0.10279272802713699
0.10264680334015501,0.10291873856711174,-0.10291873856711174
0.10277181771693962,0.10304475155989369,-0.10304475155989369
0.10289683209372422,0.10317076700858516,-0.10317076700858516
0.10302184647050881,0.10329678491628902,-0.10329678491628902
0.10314686084729341,0.10342280528610853,-0.10342280528610853
0.103271875224078,0.10354882812114741,-0.10354882812114741
0.1033968896008626,0.10367485342450974,-0.10367485342450974
0.1035219039776472,0.10380088119930012,-0.10380088119930012
0.1036469183544318,0.1039269114486235,-0.1039269114486235
0.1037719327312164,0.10405294417558532,-0.10405294417558532
0.103896947108001,0.1041789793832914,-0.1041789793832914
0.1040219614847856,0.10430501707484806,-0.10430501707484806
0.10414697586157019,0.104431057253362,-0.104431057253362
0.10427199023835479,0.10455709992194037,-0.10455709992194037
0.10439700461513939,0.1046831450836908,-0.1046831450836908
0.10452201899192398,0.10480919274172125,-0.10480919274172125
0.10464703336870859,0.10493524289914023,-0.10493524289914023
0.10477204774549319,0.1050612955590566,-0.1050612955590566
0.10489706212227778,0.10518735072457974,-0.10518735072457974
0.10502207649906238,0.10531340839881938,-0.10531340839881938
0.10514709087584698,0.10543946858488573,-0.10543946858488573
0.10527210525263157,0.10556553128588948,-0.10556553128588948
0.10539711962941617,0.10569159650494168,-0.10569159650494168
0.10552213400620077,0.10581766424515389,-0.10581766424515389
0.10564714838298538,0.10594373450963808,-0.10594373450963808
0.10577216275976997,0.10606980730150663,-0.10606980730150663
0.10589717713655457,0.10619588262387243,-0.10619588262387243
0.10602219151333916,0.10632196047984875,-0.10632196047984875
0.10614720589012376,0.10644804087254936,-0.10644804087254936
0.10627222026690836,0.10657412380508843,-0.10657412380508843
0.10639723464369295,0.10670020928058058,-0.10670020928058058
0.10652224902047755,0.1068262973021409,-0.1068262973021409
0.10664726339726216,0.1069523878728849,-0.1069523878728849
0.10677227777404676,0.10707848099592855,-0.10707848099592855
0.10689729215083135,0.10720457667438825,-0.10720457667438825
0.10702230652761595,0.10733067491138087,-0.10733067491138087
0.10714732090440054,0.10745677571002372,-0.10745677571002372
0.10727233528118514,0.10758287907343454,-0.10758287907343454
0.10739734965796974,0.10770898500473157,-0.10770898500473157
0.10752236403475435,0.10783509350703344,-0.10783509350703344
0.10764737841153894,0.10796120458345923,-0.10796120458345923
0.10777239278832354,0.10808731823712854,-0.10808731823712854
0.10789740716510814,0.10821343447116136,-0.10821343447116136
0.10802242154189273,0.10833955328867813,-0.10833955328867813
0.10814743591867733,0.10846567469279977,-0.10846567469279977
0.10827245029546193,0.10859179868664767,-0.10859179868664767
0.10839746467224652,0.10871792527334362,-0.10871792527334362
0.10852247904903113,0.1088440544560099,-0.1088440544560099
0.10864749342581573,0.10897018623776923,-0.10897018623776923
0.10877250780260032,0.10909632062174482,-0.10909632062174482
0.10889752217938492,0.10922245761106027,-0.10922245761106027
0.10902253655616952,0.1093485972088397,-0.1093485972088397
0.10914755093295411,0.10947473941820764,-0.10947473941820764
0.10927256530973871,0.10960088424228911,-0.10960088424228911
0.10939757968652332,0.10972703168420962,-0.10972703168420962
0.10952259406330792,0.10985318174709503,-0.10985318174709503
0.10964760844009251,0.10997933443407176,-0.10997933443407176
0.10977262281687711,0.11010548974826664,-0.11010548974826664
0.1098976371936617,0.11023164769280701,-0.11023164769280701
0.1100226515704463,0.1103578082708206,-0.1103578082708206
0.1101476659472309,0.11048397148543568,-0.11048397148543568
0.11027268032401549,0.1106101373397809,-0.1106101373397809
0.1103976947008001,0.11073630583698545,-0.11073630583698545
0.1105227090775847,0.11086247698017894,-0.11086247698017894
0.1106477234543693,0.11098865077249143,-0.11098865077249143
0.11077273783115389,0.1111148272170535,-0.1111148272170535
0.11089775220793849,0.11124100631699613,-0.11124100631699613
0.11102276658472308,0.11136718807545083,-0.11136718807545083
0.11114778096150768,0.11149337249554955,-0.11149337249554955
0.11127279533829228,0.11161955958042469,-0.11161955958042469
0.11139780971507689,0.11174574933320913,-0.11174574933320913
0.11152282409186148,0.11187194175703621,-0.11187194175703621
0.11164783846864608,0.11199813685503977,-0.11199813685503977
0.11177285284543068,0.11212433463035408,-0.11212433463035408
0.11189786722221527,0.1122505350861139,-0.1122505350861139
0.11202288159899987,0.11237673822545448,-0.11237673822545448
0.11214789597578446,0.11250294405151148,-0.11250294405151148
0.11227291035256907,0.11262915256742112,-0.11262915256742112
0.11239792472935367,0.11275536377632,-0.11275536377632
0.11252293910613827,0.11288157768134527,-0.11288157768134527
0.11264795348292286,0.11300779428563448,-0.11300779428563448
0.11277296785970746,0.11313401359232574,-0.11313401359232574
0.11289798223649206,0.11326023560455756,-0.11326023560455756
0.11302299661327665,0.11338646032546897,-0.11338646032546897
0.11314801099006125,0.11351268775819943,-0.11351268775819943
0.11327302536684586,0.11363891790588898,-0.11363891790588898
0.11339803974363045,0.11376515077167798,-0.11376515077167798
0.11352305412041505,0.1138913863587074,-0.1138913863587074
0.11364806849719965,0.11401762467011863,-0.11401762467011863
0.11377308287398424,0.11414386570905354,-0.11414386570905354
0.11389809725076884,0.11427010947865451,-0.11427010947865451
0.11402311162755344,0.11439635598206435,-0.11439635598206435
0.11414812600433803,0.11452260522242641,-0.11452260522242641
0.11427314038112264,0.11464885720288448,-0.11464885720288448
0.11439815475790724,0.11477511192658284,-0.11477511192658284
0.11452316913469184,0.11490136939666624,-0.11490136939666624
0.11464818351147643,0.11502762961627996,-0.11502762961627996
0.11477319788826103,0.11515389258856971,-0.11515389258856971
0.11489821226504562,0.11528015831668172,-0.11528015831668172
0.11502322664183022,0.11540642680376269,-0.11540642680376269
0.11514824101861483,0.11553269805295979,-0.11553269805295979
0.11527325539539943,0.11565897206742072,-0.11565897206742072
0.11539826977218402,0.1157852488502936,-0.1157852488502936
0.11552328414896862,0.11591152840472711,-0.11591152840472711
0.11564829852575322,0.11603781073387037,-0.11603781073387037
0.11577331290253781,0.116164095840873,-0.116164095840873
0.11589832727932241,0.11629038372888513,-0.11629038372888513
0.116023341656107,0.11641667440105735,-0.11641667440105735
0.11614835603289161,0.11654296786054077,-0.11654296786054077
0.11627337040967621,0.11666926411048693,-0.11666926411048693
0.1163983847864608,0.11679556315404793,-0.11679556315404793
0.1165233991632454,0.11692186499437635,-0.11692186499437635
0.11664841354003,0.11704816963462522,-0.11704816963462522
0.1167734279168146,0.1171744770779481,-0.1171744770779481
0.11689844229359919,0.11730078732749905,-0.11730078732749905
0.11702345667038379,0.1174271003864326,-0.1174271003864326
0.1171484710471684,0.11755341625790378,-0.11755341625790378
0.117273485423953,0.11767973494506813,-0.11767973494506813
0.11739849980073759,0.11780605645108166,-0.11780605645108166
0.11752351417752219,0.11793238077910091,-0.11793238077910091
0.11764852855430678,0.1180587079322829,-0.1180587079322829
0.11777354293109138,0.11818503791378515,-0.11818503791378515
0.11789855730787598,0.11831137072676566,-0.11831137072676566
0.11802357168466059,0.11843770637438297,-0.11843770637438297
0.11814858606144518,0.11856404485979607,-0.11856404485979607
0.11827360043822978,0.11869038618616451,-0.11869038618616451
0.11839861481501437,0.11881673035664826,-0.11881673035664826
0.11852362919179897,0.11894307737440789,-0.11894307737440789
0.11864864356858357,0.1190694272426044,-0.1190694272426044
0.11877365794536816,0.1191957799643993,-0.1191957799643993
0.11889867232215276,0.11932213554295465,-0.11932213554295465
0.11902368669893737,0.11944849398143297,-0.11944849398143297
0.11914870107572197,0.11957485528299726,-0.11957485528299726
0.11927371545250656,0.1197012194508111,-0.1197012194508111
0.11939872982929116,0.11982758648803851,-0.11982758648803851
0.11952374420607575,0.11995395639784409,-0.11995395639784409
0.11964875858286035,0.12008032918339286,-0.12008032918339286
0.11977377295964495,0.1202067048478504,-0.1202067048478504
0.11989878733642954,0.12033308339438277,-0.12033308339438277
0.12002380171321415,0.1204594648261566,-0.1204594648261566
0.12014881608999875,0.12058584914633894,-0.12058584914633894
0.12027383046678335,0.12071223635809741,-0.12071223635809741
0.12039884484356794,0.12083862646460013,-0.12083862646460013
0.12052385922035254,0.12096501946901571,-0.12096501946901571
0.12064887359713714,0.1210914153745133,-0.1210914153745133
0.12077388797392173,0.12121781418426254,-0.12121781418426254
0.12089890235070634,0.12134421590143364,-0.12134421590143364
0.12102391672749094,0.12147062052919722,-0.12147062052919722
0.12114893110427553,0.12159702807072448,-0.12159702807072448
0.12127394548106013,0.12172343852918716,-0.12172343852918716
0.12139895985784473,0.12184985190775745,-0.12184985190775745
0.12152397423462932,0.1219762682096081,-0.1219762682096081
0.12164898861141392,0.12210268743791235,-0.12210268743791235
0.12177400298819852,0.12222910959584399,-0.12222910959584399
0.12189901736498313,0.12235553468657732,-0.12235553468657732
0.12202403174176772,0.12248196271328712,-0.12248196271328712
0.12214904611855232,0.12260839367914873,-0.12260839367914873
0.12227406049533691,0.122734827587338,-0.122734827587338
0.12239907487212151,0.12286126444103128,-0.12286126444103128
0.1225240892489061,0.1229877042434055,-0.1229877042434055
0.1226491036256907,0.12311414699763802,-0.12311414699763802
0.12277411800247531,0.1232405927069068,-0.1232405927069068
0.12289913237925991,0.1233670413743903,-0.1233670413743903
0.1230241467560445,0.12349349300326748,-0.12349349300326748
0.1231491611328291,0.12361994759671784,-0.12361994759671784
0.1232741755096137,0.12374640515792143,-0.12374640515792143
0.1233991898863983,0.12387286569005877,-0.12387286569005877
0.12352420426318289,0.12399932919631096,-0.12399932919631096
0.12364921863996749,0.12412579567985961,-0.12412579567985961
0.1237742330167521,0.12425226514388683,-0.12425226514388683
0.1238992473935367,0.1243787375915753,-0.1243787375915753
0.12402426177032129,0.12450521302610819,-0.12450521302610819
0.12414927614710589,0.12463169145066921,-0.12463169145066921
0.12427429052389048,0.12475817286844262,-0.12475817286844262
0.12439930490067508,0.1248846572826132,-0.1248846572826132
0.12452431927745967,0.12501114469636623,-0.12501114469636623
0.12464933365424427,0.12513763511288759,-0.12513763511288759
0.12477434803102888,0.12526412853536362,-0.12526412853536362
0.12489936240781348,0.12539062496698122,-0.12539062496698122
0.12502437678459807,0.12551712441092783,-0.12551712441092783
0.12514939116138268,0.12564362687039143,-0.12564362687039143
0.1252744055381673,0.1257701323485605,-0.1257701323485605
0.12539941991495188,0.1258966408486241,-0.1258966408486241
0.1255244342917365,0.12602315237377176,-0.12602315237377176
0.12564944866852107,0.12614966692719365,-0.12614966692719365
0.12577446304530568,0.1262761845120804,-0.1262761845120804
0.12589947742209026,0.12640270513162316,-0.12640270513162316
0.12602449179887487,0.12652922878901368,-0.12652922878901368
0.12614950617565948,0.12665575548744426,-0.12665575548744426
0.12627452055244406,0.1267822852301076,-0.1267822852301076
0.12639953492922867,0.12690881802019713,-0.12690881802019713
0.12652454930601326,0.12703535386090667,-0.12703535386090667
0.12664956368279787,0.1271618927554307,-0.1271618927554307
0.12677457805958245,0.1272884347069641,-0.1272884347069641
0.12689959243636706,0.1274149797187025,-0.1274149797187025
0.12702460681315164,0.1275415277938418,-0.1275415277938418
0.12714962118993625,0.12766807893557874,-0.12766807893557874
0.12727463556672086,0.12779463314711037,-0.12779463314711037
0.12739964994350544,0.12792119043163436,-0.12792119043163436
0.12752466432029005,0.12804775079234898,-0.12804775079234898
0.12764967869707464,0.12817431423245298,-0.12817431423245298
0.12777469307385925,0.1283008807551457,-0.1283008807551457
0.12789970745064383,0.12842745036362696,-0.12842745036362696
0.12802472182742844,0.12855402306109726,-0.12855402306109726
0.12814973620421305,0.1286805988507575,-0.1286805988507575
0.12827475058099763,0.12880717773580916,-0.12880717773580916
0.12839976495778224,0.1289337597194544,-0.1289337597194544
0.12852477933456682,0.12906034480489573,-0.12906034480489573
0.12864979371135143,0.12918693299533637,-0.12918693299533637
0.12877480808813602,0.12931352429398005,-0.12931352429398005
0.12889982246492063,0.12944011870403102,-0.12944011870403102
0.12902483684170524,0.1295667162286941,-0.1295667162286941
0.12914985121848982,0.12969331687117464,-0.12969331687117464
0.12927486559527443,0.12981992063467862,-0.12981992063467862
0.129399879972059,0.12994652752241245,-0.12994652752241245
0.12952489434884362,0.13007313753758323,-0.13007313753758323
0.1296499087256282,0.13019975068339854,-0.13019975068339854
0.12977492310241281,0.13032636696306654,-0.13032636696306654
0.1298999374791974,0.13045298637979588,-0.13045298637979588
0.130024951855982,0.13057960893679593,-0.13057960893679593
0.13014996623276662,0.13070623463727643,-0.13070623463727643
0.1302749806095512,0.13083286348444778,-0.13083286348444778
0.1303999949863358,0.13095949548152094,-0.13095949548152094
0.1305250093631204,0.1310861306317074,-0.1310861306317074
0.130650023739905,0.13121276893821926,-0.13121276893821926
0.13077503811668958,0.13133941040426908,-0.13133941040426908
0.1309000524934742,0.13146605503307013,-0.13146605503307013
0.1310250668702588,0.1315927028278361,-0.1315927028278361
0.1311500812470434,0.13171935379178132,-0.13171935379178132
0.131275095623828,0.1318460079281207,-0.1318460079281207
0.13140011000061258,0.13197266524006962,-0.13197266524006962
0.1315251243773972,0.13209932573084418,-0.13209932573084418
0.13165013875418177,0.13222598940366084,-0.13222598940366084
0.13177515313096638,0.13235265626173687,-0.13235265626173687
0.131900167507751,0.1324793263082899,-0.1324793263082899
0.13202518188453558,0.13260599954653818,-0.13260599954653818
0.13215019626132019,0.13273267597970065,-0.13273267597970065
0.13227521063810477,0.13285935561099663,-0.13285935561099663
0.13240022501488938,0.13298603844364618,-0.13298603844364618
0.13252523939167396,0.1331127244808698,-0.1331127244808698
0.13265025376845857,0.13323941372588868,-0.13323941372588868
0.13277526814524315,0.13336610618192443,-0.13336610618192443
0.13290028252202776,0.13349280185219942,-0.13349280185219942
0.13302529689881237,0.13361950073993642,-0.13361950073993642
0.13315031127559696,0.13374620284835886,-0.13374620284835886
0.13327532565238157,0.13387290818069075,-0.13387290818069075
0.13340034002916615,0.13399961674015662,-0.13399961674015662
0.13352535440595076,0.13412632852998166,-0.13412632852998166
0.13365036878273534,0.13425304355339154,-0.13425304355339154
0.13377538315951995,0.1343797618136126,-0.1343797618136126
0.13390039753630456,0.13450648331387172,-0.13450648331387172
0.13402541191308914,0.13463320805739626,-0.13463320805739626
0.13415042628987375,0.13475993604741432,-0.13475993604741432
0.13427544066665834,0.13488666728715448,-0.13488666728715448
0.13440045504344295,0.135013401779846,-0.135013401779846
0.13452546942022753,0.13514013952871853,-0.13514013952871853
0.13465048379701214,0.1352668805370025,-0.1352668805370025
0.13477549817379675,0.13539362480792883,-0.13539362480792883
0.13490051255058133,0.13552037234472897,-0.13552037234472897
0.13502552692736594,0.1356471231506351,-0.1356471231506351
0.13515054130415052,0.13577387722887985,-0.13577387722887985
0.13527555568093513,0.13590063458269652,-0.13590063458269652
0.13540057005771972,0.13602739521531892,-0.13602739521531892
0.13552558443450433,0.1361541591299815,-0.1361541591299815
0.1356505988112889,0.13628092632991928,-0.13628092632991928
0.13577561318807352,0.1364076968183679,-0.1364076968183679
0.13590062756485813,0.1365344705985635,-0.1365344705985635
0.1360256419416427,0.13666124767374288,-0.13666124767374288
0.13615065631842732,0.13678802804714346,-0.13678802804714346
0.1362756706952119,0.13691481172200312,-0.13691481172200312
0.1364006850719965,0.13704159870156046,-0.13704159870156046
0.1365256994487811,0.1371683889890546,-0.1371683889890546
0.1366507138255657,0.1372951825877253,-0.1372951825877253
0.13677572820235032,0.1374219795008129,-0.1374219795008129
0.1369007425791349,0.13754877973155824,-0.13754877973155824
0.1370257569559195,0.13767558328320292,-0.13767558328320292
0.1371507713327041,0.13780239015898899,-0.13780239015898899
0.1372757857094887,0.13792920036215917,-0.13792920036215917
0.13740080008627328,0.13805601389595673,-0.13805601389595673
0.1375258144630579,0.1381828307636256,-0.1381828307636256
0.1376508288398425,0.13830965096841027,-0.13830965096841027
0.1377758432166271,0.13843647451355576,-0.13843647451355576
0.1379008575934117,0.13856330140230783,-0.13856330140230783
0.13802587197019628,0.1386901316379127,-0.1386901316379127
0.1381508863469809,0.13881696522361728,-0.13881696522361728
0.13827590072376547,0.138943802162669,-0.138943802162669
0.13840091510055008,0.13907064245831602,-0.13907064245831602
0.13852592947733466,0.13919748611380697,-0.13919748611380697
0.13865094385411927,0.13932433313239115,-0.13932433313239115
0.13877595823090388,0.13945118351731842,-0.13945118351731842
0.13890097260768847,0.13957803727183926,-0.13957803727183926
0.13902598698447308,0.13970489439920483,-0.13970489439920483
0.13915100136125766,0.13983175490266672,-0.13983175490266672
0.13927601573804227,0.13995861878547733,-0.13995861878547733
0.13940103011482685,0.14008548605088947,-0.14008548605088947
0.13952604449161146,0.14021235670215673,-0.14021235670215673
0.13965105886839607,0.1403392307425332,-0.1403392307425332
0.13977607324518065,0.14046610817527358,-0.14046610817527358
0.13990108762196526,0.14059298900363323,-0.14059298900363323
0.14002610199874985,0.14071987323086807,-0.14071987323086807
0.14015111637553446,0.14084676086023468,-0.14084676086023468
0.14027613075231904,0.14097365189499014,-0.14097365189499014
0.14040114512910365,0.14110054633839236,-0.14110054633839236
0.14052615950588826,0.14122744419369962,-0.14122744419369962
0.14065117388267284,0.14135434546417092,-0.14135434546417092
0.14077618825945745,0.14148125015306592,-0.14148125015306592
0.14090120263624203,0.14160815826364476,-0.14160815826364476
0.14102621701302664,0.14173506979916833,-0.14173506979916833
0.14115123138981123,0.14186198476289807,-0.14186198476289807
0.14127624576659584,0.14198890315809606,-0.14198890315809606
0.14140126014338045,0.14211582498802494,-0.14211582498802494
0.14152627452016503,0.14224275025594801,-0.14224275025594801
0.14165128889694964,0.14236967896512923,-0.14236967896512923
0.14177630327373422,0.14249661111883308,-0.14249661111883308
0.14190131765051883,0.14262354672032473,-0.14262354672032473
0.14202633202730341,0.14275048577286992,-0.14275048577286992
0.14215134640408802,0.14287742827973507,-0.14287742827973507
0.1422763607808726,0.14300437424418716,-0.14300437424418716
0.14240137515765722,0.14313132366949385,-0.14313132366949385
0.14252638953444183,0.1432582765589234,-0.1432582765589234
0.1426514039112264,0.14338523291574465,-0.14338523291574465
0.14277641828801102,0.14351219274322707,-0.14351219274322707
0.1429014326647956,0.1436391560446408,-0.1436391560446408
0.1430264470415802,0.14376612282325665,-0.14376612282325665
0.1431514614183648,0.14389309308234588,-0.14389309308234588
0.1432764757951494,0.14402006682518056,-0.14402006682518056
0.14340149017193402,0.1441470440550333,-0.1441470440550333
0.1435265045487186,0.14427402477517728,-0.14427402477517728
0.1436515189255032,0.1444010089888865,-0.1444010089888865
0.1437765333022878,0.1445279966994353,-0.1445279966994353
0.1439015476790724,0.14465498791009898,-0.14465498791009898
0.14402656205585698,0.14478198262415318,-0.14478198262415318
0.1441515764326416,0.14490898084487433,-0.14490898084487433
0.1442765908094262,0.14503598257553946,-0.14503598257553946
0.14440160518621079,0.1451629878194262,-0.1451629878194262
0.1445266195629954,0.14528999657981287,-0.14528999657981287
0.14465163393977998,0.14541700885997833,-0.14541700885997833
0.1447766483165646,0.1455440246632022,-0.1455440246632022
0.14490166269334917,0.14567104399276462,-0.14567104399276462
0.14502667707013378,0.14579806685194643,-0.14579806685194643
0.14515169144691836,0.14592509324402908,-0.14592509324402908
0.14527670582370297,0.14605212317229466,-0.14605212317229466
0.14540172020048758,0.1461791566400259,-0.1461791566400259
0.14552673457727217,0.14630619365050615,-0.14630619365050615
0.14565174895405678,0.14643323420701945,-0.14643323420701945
0.14577676333084136,0.14656027831285037,-0.14656027831285037
0.14590177770762597,0.1466873259712843,-0.1466873259712843
0.14602679208441055,0.14681437718560705,-0.14681437718560705
0.14615180646119516,0.14694143195910528,-0.14694143195910528
0.14627682083797977,0.14706849029506613,-0.14706849029506613
0.14640183521476435,0.14719555219677743,-0.14719555219677743
0.14652684959154896,0.14732261766752774,-0.14732261766752774
0.14665186396833355,0.14744968671060613,-0.14744968671060613
0.14677687834511816,0.14757675932930242,-0.14757675932930242
0.14690189272190274,0.14770383552690697,-0.14770383552690697
0.14702690709868735,0.1478309153067109,-0.1478309153067109
0.14715192147547196,0.14795799867200593,-0.14795799867200593
0.14727693585225654,0.14808508562608436,-0.14808508562608436
0.14740195022904115,0.14821217617223922,-0.14821217617223922
0.14752696460582573,0.14833927031376418,-0.14833927031376418
0.14765197898261034,0.14846636805395355,-0.14846636805395355
0.14777699335939493,0.1485934693961022,-0.1485934693961022
0.14790200773617954,0.14872057434350586,-0.14872057434350586
0.14802702211296412,0.14884768289946065,-0.14884768289946065
0.14815203648974873,0.1489747950672636,-0.1489747950672636
0.14827705086653334,0.14910191085021218,-0.14910191085021218
0.14840206524331792,0.1492290302516046,-0.1492290302516046
0.14852707962010253,0.14935615327473978,-0.14935615327473978
0.1486520939968871,0.14948327992291713,-0.14948327992291713
0.14877710837367172,0.1496104101994369,-0.1496104101994369
0.1489021227504563,0.14973754410759993,-0.14973754410759993
0.14902713712724092,0.14986468165070765,-0.14986468165070765
0.14915215150402553,0.14999182283206222,-0.14999182283206222
0.1492771658808101,0.15011896765496638,-0.15011896765496638
0.14940218025759472,0.1502461161227237,-0.1502461161227237
0.1495271946343793,0.15037326823863817,-0.15037326823863817
0.1496522090111639,0.15050042400601463,-0.15050042400601463
0.1497772233879485,0.15062758342815846,-0.15062758342815846
0.1499022377647331,0.1507547465083758,-0.1507547465083758
0.15002725214151771,0.1508819132499734,-0.1508819132499734
0.1501522665183023,0.15100908365625862,-0.15100908365625862
0.1502772808950869,0.15113625773053962,-0.15113625773053962
0.1504022952718715,0.15126343547612503,-0.15126343547612503
0.1505273096486561,0.15139061689632438,-0.15139061689632438
0.15065232402544068,0.15151780199444762,-0.15151780199444762
0.1507773384022253,0.15164499077380555,-0.15164499077380555
0.15090235277900987,0.15177218323770955,-0.15177218323770955
0.15102736715579448,0.15189937938947173,-0.15189937938947173
0.1511523815325791,0.15202657923240476,-0.15202657923240476
0.15127739590936368,0.15215378276982205,-0.15215378276982205
0.1514024102861483,0.15228099000503773,-0.15228099000503773
0.15152742466293287,0.15240820094136645,-0.15240820094136645
0.15165243903971748,0.15253541558212372,-0.15253541558212372
0.15177745341650206,0.1526626339306255,-0.1526626339306255
0.15190246779328667,0.15278985599018868,-0.15278985599018868
0.15202748217007128,0.15291708176413057,-0.15291708176413057
0.15215249654685586,0.1530443112557693,-0.1530443112557693
0.15227751092364047,0.1531715444684237,-0.1531715444684237
0.15240252530042506,0.15329878140541311,-0.15329878140541311
0.15252753967720967,0.15342602207005776,-0.15342602207005776
0.15265255405399425,0.15355326646567832,-0.15355326646567832
0.15277756843077886,0.15368051459559637,-0.15368051459559637
0.15290258280756347,0.15380776646313402,-0.15380776646313402
0.15302759718434805,0.15393502207161405,-0.15393502207161405
0.15315261156113266,0.15406228142436004,-0.15406228142436004
0.15327762593791724,0.1541895445246961,-0.1541895445246961
0.15340264031470185,0.15431681137594716,-0.15431681137594716
0.15352765469148644,0.1544440819814387,-0.1544440819814387
0.15365266906827105,0.15457135634449698,-0.15457135634449698
0.15377768344505563,0.15469863446844886,-0.15469863446844886
0.15390269782184024,0.15482591635662202,-0.15482591635662202
0.15402771219862485,0.15495320201234464,-0.15495320201234464
0.15415272657540943,0.15508049143894564,-0.15508049143894564
0.15427774095219404,0.1552077846397548,-0.1552077846397548
0.15440275532897862,0.15533508161810228,-0.15533508161810228
0.15452776970576323,0.1554623823773192,-0.1554623823773192
0.15465278408254782,0.15558968692073724,-0.15558968692073724
0.15477779845933243,0.15571699525168872,-0.15571699525168872
0.15490281283611704,0.1558443073735068,-0.1558443073735068
0.15502782721290162,0.15597162328952513,-0.15597162328952513
0.15515284158968623,0.15609894300307822,-0.15609894300307822
0.1552778559664708,0.15622626651750118,-0.15622626651750118
0.15540287034325542,0.1563535938361299,-0.1563535938361299
0.15552788472004,0.15648092496230082,-0.15648092496230082
0.15565289909682462,0.15660825989935118,-0.15660825989935118
0.15577791347360923,0.15673559865061887,-0.15673559865061887
0.1559029278503938,0.15686294121944247,-0.15686294121944247
0.15602794222717842,0.1569902876091613,-0.1569902876091613
0.156152956603963,0.15711763782311536,-0.15711763782311536
0.1562779709807476,0.15724499186464527,-0.15724499186464527
0.1564029853575322,0.15737234973709244,-0.15737234973709244
0.1565279997343168,0.15749971144379896,-0.15749971144379896
0.15665301411110139,0.15762707698810755,-0.15762707698810755
0.156778028487886,0.1577544463733617,-0.1577544463733617
0.1569030428646706,0.1578818196029056,-0.1578818196029056
0.1570280572414552,0.15800919668008404,-0.15800919668008404
0.1571530716182398,0.15813657760824265,-0.15813657760824265
0.15727808599502438,0.15826396239072765,-0.15826396239072765
0.157403100371809,0.15839135103088609,-0.15839135103088609
0.15752811474859357,0.1585187435320655,-0.1585187435320655
0.15765312912537818,0.1586461398976144,-0.1586461398976144
0.1577781435021628,0.15877354013088177,-0.15877354013088177
0.15790315787894738,0.1589009442352174,-0.1589009442352174
0.15802817225573199,0.1590283522139718,-0.1590283522139718
0.15815318663251657,0.15915576407049611,-0.15915576407049611
0.15827820100930118,0.1592831798081423,-0.1592831798081423
0.15840321538608576,0.1594105994302629,-0.1594105994302629
0.15852822976287037,0.1595380229402113,-0.1595380229402113
0.15865324413965498,0.15966545034134141,-0.15966545034134141
0.15877825851643956,0.15979288163700806,-0.15979288163700806
0.15890327289322417,0.15992031683056662,-0.15992031683056662
0.15902828727000876,0.16004775592537326,-0.16004775592537326
0.15915330164679337,0.16017519892478485,-0.16017519892478485
0.15927831602357795,0.16030264583215892,-0.16030264583215892
0.15940333040036256,0.16043009665085384,-0.16043009665085384
0.15952834477714714,0.16055755138422848,-0.16055755138422848
0.15965335915393175,0.16068501003564267,-0.16068501003564267
0.15977837353071636,0.16081247260845677,-0.16081247260845677
0.15990338790750094,0.1609399391060319,-0.1609399391060319
0.16002840228428555,0.16106740953173,-0.16106740953173
0.16015341666107014,0.16119488388891354,-0.16119488388891354
0.16027843103785475,0.1613223621809459,-0.1613223621809459
0.16040344541463933,0.16144984441119098,-0.16144984441119098
0.16052845979142394,0.16157733058301363,-0.16157733058301363
0.16065347416820855,0.16170482069977923,-0.16170482069977923
0.16077848854499313,0.16183231476485394,-0.16183231476485394
0.16090350292177774,0.16195981278160468,-0.16195981278160468
0.16102851729856232,0.16208731475339902,-0.16208731475339902
0.16115353167534693,0.16221482068360532,-0.16221482068360532
0.16127854605213152,0.16234233057559264,-0.16234233057559264
0.16140356042891613,0.16246984443273074,-0.16246984443273074
0.16152857480570074,0.1625973622583901,-0.1625973622583901
0.16165358918248532,0.162724884055942,-0.162724884055942
0.16177860355926993,0.16285240982875834,-0.16285240982875834
0.1619036179360545,0.16297993958021184,-0.16297993958021184
0.16202863231283912,0.1631074733136759,-0.1631074733136759
0.1621536466896237,0.1632350110325246,-0.1632350110325246
0.16227866106640831,0.1633625527401329,-0.1633625527401329
0.1624036754431929,0.16349009843987627,-0.16349009843987627
0.1625286898199775,0.16361764813513116,-0.16361764813513116
0.16265370419676212,0.16374520182927457,-0.16374520182927457
0.1627787185735467,0.16387275952568425,-0.16387275952568425
0.1629037329503313,0.16400032122773878,-0.16400032122773878
0.1630287473271159,0.1641278869388173,-0.1641278869388173
0.1631537617039005,0.16425545666229996,-0.16425545666229996
0.16327877608068508,0.1643830304015673,-0.1643830304015673
0.1634037904574697,0.1645106081600009,-0.1645106081600009
0.1635288048342543,0.16463818994098292,-0.16463818994098292
0.1636538192110389,0.16476577574789625,-0.16476577574789625
0.1637788335878235,0.16489336558412457,-0.16489336558412457
0.16390384796460808,0.16502095945305226,-0.16502095945305226
0.1640288623413927,0.1651485573580645,-0.1651485573580645
0.16415387671817727,0.1652761593025471,-0.1652761593025471
0.16427889109496188,0.1654037652898868,-0.1654037652898868
0.1644039054717465,0.16553137532347081,-0.16553137532347081
0.16452891984853107,0.1656589894066873,-0.1656589894066873
0.16465393422531568,0.1657866075429251,-0.1657866075429251
0.16477894860210027,0.1659142297355738,-0.1659142297355738
0.16490396297888488,0.16604185598802373,-0.16604185598802373
0.16502897735566946,0.16616948630366593,-0.16616948630366593
0.16515399173245407,0.16629712068589228,-0.16629712068589228
0.16527900610923865,0.16642475913809526,-0.16642475913809526
0.16540402048602326,0.16655240166366825,-0.16655240166366825
0.16552903486280787,0.16668004826600527,-0.16668004826600527
0.16565404923959245,0.1668076989485011,-0.1668076989485011
0.16577906361637706,0.16693535371455132,-0.16693535371455132
0.16590407799316165,0.16706301256755224,-0.16706301256755224
0.16602909236994626,0.1671906755109009,-0.1671906755109009
0.16615410674673084,0.16731834254799502,-0.16731834254799502
0.16627912112351545,0.1674460136822333,-0.1674460136822333
0.16640413550030006,0.16757368891701496,-0.16757368891701496
0.16652914987708464,0.16770136825574006,-0.16770136825574006
0.16665416425386925,0.16782905170180942,-0.16782905170180942
0.16677917863065383,0.1679567392586246,-0.1679567392586246
0.16690419300743844,0.16808443092958789,-0.16808443092958789
0.16702920738422303,0.1682121267181024,-0.1682121267181024
0.16715422176100764,0.16833982662757196,-0.16833982662757196
0.16727923613779225,0.1684675306614012,-0.1684675306614012
0.16740425051457683,0.16859523882299532,-0.16859523882299532
0.16752926489136144,0.16872295111576058,-0.16872295111576058
0.16765427926814602,0.16885066754310377,-0.16885066754310377
0.16777929364493063,0.16897838810843252,-0.16897838810843252
0.16790430802171522,0.1691061128151552,-0.1691061128151552
0.16802932239849983,0.169233841666681,-0.169233841666681
0.16815433677528444,0.16936157466641982,-0.16936157466641982
0.16827935115206902,0.16948931181778226,-0.16948931181778226
0.16840436552885363,0.16961705312417985,-0.16961705312417985
0.1685293799056382,0.16974479858902472,-0.16974479858902472
0.16865439428242282,0.16987254821572986,-0.16987254821572986
0.1687794086592074,0.17000030200770896,-0.17000030200770896
0.168904423035992,0.1701280599683766,-0.1701280599683766
0.1690294374127766,0.17025582210114795,-0.17025582210114795
0.1691544517895612,0.17038358840943912,-0.17038358840943912
0.16927946616634582,0.17051135889666683,-0.17051135889666683
0.1694044805431304,0.17063913356624869,-0.17063913356624869
0.169529494919915,0.17076691242160305,-0.17076691242160305
0.1696545092966996,0.17089469546614897,-0.17089469546614897
0.1697795236734842,0.1710224827033064,-0.1710224827033064
0.16990453805026878,0.1711502741364959,-0.1711502741364959
0.1700295524270534,0.17127806976913898,-0.17127806976913898
0.170154566803838,0.1714058696046578,-0.1714058696046578
0.17027958118062259,0.17153367364647534,-0.17153367364647534
0.1704045955574072,0.17166148189801533,-0.17166148189801533
0.17052960993419178,0.17178929436270232,-0.17178929436270232
0.1706546243109764,0.1719171110439616,-0.1719171110439616
0.17077963868776097,0.17204493194521922,-0.17204493194521922
0.17090465306454558,0.17217275706990212,-0.17217275706990212
0.1710296674413302,0.17230058642143786,-0.17230058642143786
0.17115468181811477,0.17242842000325487,-0.17242842000325487
0.17127969619489938,0.17255625781878234,-0.17255625781878234
0.17140471057168397,0.17268409987145023,-0.17268409987145023
0.17152972494846858,0.17281194616468937,-0.17281194616468937
0.17165473932525316,0.1729397967019312,-0.1729397967019312
0.17177975370203777,0.1730676514866081,-0.1730676514866081
0.17190476807882235,0.17319551052215315,-0.17319551052215315
0.17202978245560696,0.1733233738120003,-0.1733233738120003
0.17215479683239157,0.17345124135958417,-0.17345124135958417
0.17227981120917615,0.1735791131683402,-0.1735791131683402
0.17240482558596076,0.17370698924170475,-0.17370698924170475
0.17252983996274535,0.1738348695831147,-0.1738348695831147
0.17265485433952996,0.173962754196008,-0.173962754196008
0.17277986871631454,0.1740906430838232,-0.1740906430838232
0.17290488309309915,0.17421853624999975,-0.17421853624999975
0.17302989746988376,0.1743464336979778,-0.1743464336979778
0.17315491184666834,0.17447433543119836,-0.17447433543119836
0.17327992622345295,0.1746022414531032,-0.1746022414531032
0.17340494060023753,0.17473015176713488,-0.17473015176713488
0.17352995497702214,0.17485806637673681,-0.17485806637673681
0.17365496935380673,0.17498598528535306,-0.17498598528535306
0.17377998373059134,0.1751139084964287,-0.1751139084964287
0.17390499810737595,0.17524183601340937,-0.17524183601340937
0.17403001248416053,0.17536976783974165,-0.17536976783974165
0.17415502686094514,0.1754977039788729,-0.1754977039788729
0.17428004123772972,0.17562564443425124,-0.17562564443425124
0.17440505561451433,0.17575358920932566,-0.17575358920932566
0.17453006999129891,0.1758815383075458,-0.1758815383075458
0.17465508436808352,0.1760094917323623,-0.1760094917323623
0.1747800987448681,0.1761374494872264,-0.1761374494872264
0.17490511312165272,0.17626541157559034,-0.17626541157559034
0.17503012749843733,0.176393378000907,-0.176393378000907
0.1751551418752219,0.17652134876663012,-0.17652134876663012
0.17528015625200652,0.1766493238762143,-0.1766493238762143
0.1754051706287911,0.1767773033331148,-0.1767773033331148
0.1755301850055757,0.1769052871407879,-0.1769052871407879
0.1756551993823603,0.17703327530269047,-0.17703327530269047
0.1757802137591449,0.17716126782228034,-0.17716126782228034
0.17590522813592951,0.1772892647030161,-0.1772892647030161
0.1760302425127141,0.17741726594835705,-0.17741726594835705
0.1761552568894987,0.17754527156176347,-0.17754527156176347
0.1762802712662833,0.17767328154669632,-0.17767328154669632
0.1764052856430679,0.17780129590661745,-0.17780129590661745
0.17653030001985248,0.17792931464498946,-0.17792931464498946
0.1766553143966371,0.17805733776527582,-0.17805733776527582
0.1767803287734217,0.17818536527094075,-0.17818536527094075
0.17690534315020628,0.17831339716544933,-0.17831339716544933
0.1770303575269909,0.17844143345226748,-0.17844143345226748
0.17715537190377548,0.17856947413486182,-0.17856947413486182
0.1772803862805601,0.17869751921669993,-0.17869751921669993
0.17740540065734467,0.17882556870125008,-0.17882556870125008
0.17753041503412928,0.17895362259198147,-0.17895362259198147
0.17765542941091386,0.17908168089236404,-0.17908168089236404
0.17778044378769847,0.17920974360586855,-0.17920974360586855
0.17790545816448308,0.17933781073596664,-0.17933781073596664
0.17803047254126766,0.1794658822861307,-0.1794658822861307
0.17815548691805227,0.17959395825983399,-0.17959395825983399
0.17828050129483686,0.17972203866055056,-0.17972203866055056
0.17840551567162147,0.1798501234917553,-0.1798501234917553
0.17853053004840605,0.17997821275692394,-0.17997821275692394
0.17865554442519066,0.180106306459533,-0.180106306459533
0.17878055880197527,0.18023440460305987,-0.18023440460305987
0.17890557317875985,0.18036250719098265,-0.18036250719098265
0.17903058755554446,0.18049061422678045,-0.18049061422678045
0.17915560193232904,0.18061872571393303,-0.18061872571393303
0.17928061630911366,0.18074684165592114,-0.18074684165592114
0.17940563068589824,0.18087496205622614,-0.18087496205622614
0.17953064506268285,0.1810030869183305,-0.1810030869183305
0.17965565943946746,0.18113121624571732,-0.18113121624571732
0.17978067381625204,0.18125935004187052,-0.18125935004187052
0.17990568819303665,0.18138748831027504,-0.18138748831027504
0.18003070256982123,0.1815156310544164,-0.1815156310544164
0.18015571694660584,0.18164377827778116,-0.18164377827778116
0.18028073132339043,0.1817719299838566,-0.1817719299838566
0.18040574570017504,0.18190008617613096,-0.18190008617613096
0.18053076007695962,0.18202824685809305,-0.18202824685809305
0.18065577445374423,0.18215641203323288,-0.18215641203323288
0.18078078883052884,0.18228458170504097,-0.18228458170504097
0.18090580320731342,0.18241275587700886,-0.18241275587700886
0.18103081758409803,0.18254093455262896,-0.18254093455262896
0.1811558319608826,0.18266911773539432,-0.18266911773539432
0.18128084633766722,0.18279730542879902,-0.18279730542879902
0.1814058607144518,0.1829254976363379,-0.1829254976363379
0.18153087509123642,0.1830536943615067,-0.1830536943615067
0.18165588946802103,0.1831818956078019,-0.1831818956078019
0.1817809038448056,0.18331010137872086,-0.18331010137872086
0.18190591822159022,0.1834383116777619,-0.1834383116777619
0.1820309325983748,0.18356652650842398,-0.18356652650842398
0.1821559469751594,0.18369474587420712,-0.18369474587420712
0.182280961351944,0.18382296977861198,-0.18382296977861198
0.1824059757287286,0.18395119822514025,-0.18395119822514025
0.1825309901055132,0.18407943121729436,-0.18407943121729436
0.1826560044822978,0.18420766875857758,-0.18420766875857758
0.1827810188590824,0.1843359108524941,-0.1843359108524941
0.182906033235867,0.1844641575025489,-0.1844641575025489
0.1830310476126516,0.18459240871224789,-0.18459240871224789
0.18315606198943618,0.18472066448509766,-0.18472066448509766
0.1832810763662208,0.1848489248246059,-0.1848489248246059
0.18340609074300537,0.18497718973428093,-0.18497718973428093
0.18353110511978998,0.18510545921763205,-0.18510545921763205
0.1836561194965746,0.18523373327816936,-0.18523373327816936
0.18378113387335918,0.18536201191940385,-0.18536201191940385
0.18390614825014379,0.18549029514484738,-0.18549029514484738
0.18403116262692837,0.18561858295801253,-0.18561858295801253
0.18415617700371298,0.18574687536241297,-0.18574687536241297
0.18428119138049756,0.185875172361563,-0.185875172361563
0.18440620575728217,0.18600347395897798,-0.18600347395897798
0.18453122013406678,0.18613178015817397,-0.18613178015817397
0.18465623451085136,0.1862600909626679,-0.1862600909626679
0.18478124888763597,0.18638840637597776,-0.18638840637597776
0.18490626326442056,0.18651672640162212,-0.18651672640162212
0.18503127764120517,0.18664505104312065,-0.18664505104312065
0.18515629201798975,0.18677338030399368,-0.18677338030399368
0.18528130639477436,0.1869017141877626,-0.1869017141877626
0.18540632077155897,0.18703005269794953,-0.18703005269794953
0.18553133514834355,0.1871583958380775,-0.1871583958380775
0.18565634952512816,0.18728674361167041,-0.18728674361167041
0.18578136390191274,0.18741509602225304,-0.18741509602225304
0.18590637827869735,0.18754345307335102,-0.18754345307335102
0.18603139265548194,0.1876718147684908,-0.1876718147684908
0.18615640703226655,0.1878001811111998,-0.1878001811111998
0.18628142140905113,0.18792855210500625,-0.18792855210500625
0.18640643578583574,0.18805692775343932,-0.18805692775343932
0.18653145016262035,0.18818530806002892,-0.18818530806002892
0.18665646453940493,0.18831369302830592,-0.18831369302830592
0.18678147891618954,0.18844208266180207,-0.18844208266180207
0.18690649329297412,0.18857047696404997,-0.18857047696404997
0.18703150766975873,0.18869887593858312,-0.18869887593858312
0.18715652204654332,0.1888272795889359,-0.1888272795889359
0.18728153642332793,0.1889556879186435,-0.1889556879186435
0.18740655080011254,0.18908410093124206,-0.18908410093124206
0.18753156517689712,0.18921251863026853,-0.18921251863026853
0.18765657955368173,0.18934094101926086,-0.18934094101926086
0.1877815939304663,0.18946936810175774,-0.18946936810175774
0.18790660830725092,0.18959779988129888,-0.18959779988129888
0.1880316226840355,0.18972623636142466,-0.18972623636142466
0.18815663706082011,0.18985467754567664,-0.18985467754567664
0.18828165143760472,0.18998312343759702,-0.18998312343759702
0.1884066658143893,0.19011157404072893,-0.19011157404072893
0.18853168019117392,0.19024002935861653,-0.19024002935861653
0.1886566945679585,0.1903684893948046,-0.1903684893948046
0.1887817089447431,0.19049695415283913,-0.19049695415283913
0.1889067233215277,0.19062542363626672,-0.19062542363626672
0.1890317376983123,0.19075389784863503,-0.19075389784863503
0.18915675207509688,0.19088237679349251,-0.19088237679349251
0.1892817664518815,0.1910108604743886,-0.1910108604743886
0.1894067808286661,0.1911393488948735,-0.1911393488948735
0.1895317952054507,0.19126784205849834,-0.19126784205849834
0.1896568095822353,0.1913963399688153,-0.1913963399688153
0.18978182395901988,0.19152484262937716,-0.19152484262937716
0.1899068383358045,0.19165335004373793,-0.19165335004373793
0.19003185271258907,0.19178186221545218,-0.19178186221545218
0.19015686708937368,0.19191037914807568,-0.19191037914807568
0.1902818814661583,0.19203890084516487,-0.19203890084516487
0.19040689584294287,0.1921674273102772,-0.1921674273102772
0.19053191021972748,0.19229595854697093,-0.19229595854697093
0.19065692459651207,0.19242449455880536,-0.19242449455880536
0.19078193897329668,0.1925530353493406,-0.1925530353493406
0.19090695335008126,0.1926815809221376,-0.1926815809221376
0.19103196772686587,0.19281013128075833,-0.19281013128075833
0.19115698210365048,0.1929386864287656,-0.1929386864287656
0.19128199648043506,0.1930672463697231,-0.1930672463697231
0.19140701085721967,0.19319581110719553,-0.19319581110719553
0.19153202523400426,0.1933243806447483,-0.1933243806447483
0.19165703961078887,0.19345295498594797,-0.19345295498594797
0.19178205398757345,0.19358153413436174,-0.19358153413436174
0.19190706836435806,0.193710118093558,-0.193710118093558
0.19203208274114264,0.1938387068671058,-0.1938387068671058
0.19215709711792725,0.19396730045857527,-0.19396730045857527
0.19228211149471186,0.19409589887153736,-0.19409589887153736
0.19240712587149644,0.19422450210956388,-0.19422450210956388
0.19253214024828105,0.19435311017622772,-0.19435311017622772
0.19265715462506564,0.1944817230751025,-0.1944817230751025
0.19278216900185025,0.1946103408097629,-0.1946103408097629
0.19290718337863483,0.19473896338378438,-0.19473896338378438
0.19303219775541944,0.19486759080074342,-0.19486759080074342
0.19315721213220405,0.19499622306421738,-0.19499622306421738
0.19328222650898863,0.1951248601777845,-0.1951248601777845
0.19340724088577324,0.195253502145024,-0.195253502145024
0.19353225526255782,0.1953821489695159,-0.1953821489695159
0.19365726963934243,0.19551080065484133,-0.19551080065484133
0.19378228401612702,0.19563945720458215,-0.19563945720458215
0.19390729839291163,0.19576811862232124,-0.19576811862232124
0.19403231276969624,0.19589678491164242,-0.19589678491164242
0.19415732714648082,0.19602545607613028,-0.19602545607613028
0.19428234152326543,0.19615413211937058,-0.19615413211937058
0.19440735590005,0.19628281304494977,-0.19628281304494977
0.19453237027683462,0.1964114988564553,-0.1964114988564553
0.1946573846536192,0.19654018955747563,-0.19654018955747563
0.1947823990304038,0.19666888515160005,-0.19666888515160005
0.19490741340718842,0.19679758564241878,-0.19679758564241878
0.195032427783973,0.19692629103352297,-0.19692629103352297
0.19515744216075762,0.1970550013285048,-0.1970550013285048
0.1952824565375422,0.19718371653095718,-0.19718371653095718
0.1954074709143268,0.19731243664447415,-0.19731243664447415
0.1955324852911114,0.19744116167265055,-0.19744116167265055
0.195657499667896,0.1975698916190822,-0.1975698916190822
0.19578251404468058,0.19769862648736583,-0.19769862648736583
0.1959075284214652,0.19782736628109918,-0.19782736628109918
0.1960325427982498,0.19795611100388077,-0.19795611100388077
0.19615755717503439,0.19808486065931022,-0.19808486065931022
0.196282571551819,0.19821361525098796,-0.19821361525098796
0.19640758592860358,0.19834237478251537,-0.19834237478251537
0.1965326003053882,0.19847113925749493,-0.19847113925749493
0.19665761468217277,0.19859990867952976,-0.19859990867952976
0.19678262905895738,0.19872868305222421,-0.19872868305222421
0.196907643435742,0.19885746237918342,-0.19885746237918342
0.19703265781252657,0.19898624666401346,-0.19898624666401346
0.19715767218931118,0.19911503591032137,-0.19911503591032137
0.19728268656609577,0.19924383012171518,-0.19924383012171518
0.19740770094288038,0.19937262930180377,-0.19937262930180377
0.19753271531966496,0.19950143345419705,-0.19950143345419705
0.19765772969644957,0.1996302425825058,-0.1996302425825058
0.19778274407323418,0.19975905669034186,-0.19975905669034186
0.19790775845001876,0.1998878757813178,-0.1998878757813178
0.19803277282680337,0.20001669985904738,-0.20001669985904738
0.19815778720358795,0.20014552892714513,-0.20014552892714513
0.19828280158037256,0.20027436298922666,-0.20027436298922666
0.19840781595715715,0.2004032020489084,-0.2004032020489084
0.19853283033394176,0.20053204610980782,-0.20053204610980782
0.19865784471072634,0.20066089517554334,-0.20066089517554334
0.19878285908751095,0.20078974924973428,-0.20078974924973428
0.19890787346429556,0.20091860833600095,-0.20091860833600095
0.19903288784108014,0.20104747243796456,-0.20104747243796456
0.19915790221786475,0.20117634155924738,-0.20117634155924738
0.19928291659464933,0.20130521570347248,-0.20130521570347248
0.19940793097143394,0.20143409487426409,-0.20143409487426409
0.19953294534821853,0.20156297907524715,-0.20156297907524715
0.19965795972500314,0.20169186831004782,-0.20169186831004782
0.19978297410178775,0.20182076258229298,-0.20182076258229298
0.19990798847857233,0.20194966189561062,-0.20194966189561062
0.20003300285535694,0.20207856625362963,-0.20207856625362963
0.20015801723214152,0.20220747565997987,-0.20220747565997987
0.20028303160892613,0.20233639011829221,-0.20233639011829221
0.20040804598571071,0.20246530963219833,-0.20246530963219833
0.20053306036249532,0.20259423420533113,-0.20259423420533113
0.20065807473927993,0.20272316384132422,-0.20272316384132422
0.20078308911606452,0.20285209854381225,-0.20285209854381225
0.20090810349284913,0.20298103831643097,-0.20298103831643097
0.2010331178696337,0.2031099831628169,-0.2031099831628169
0.20115813224641832,0.20323893308660765,-0.20323893308660765
0.2012831466232029,0.20336788809144174,-0.20336788809144174
0.2014081609999875,0.20349684818095873,-0.20349684818095873
0.2015331753767721,0.2036258133587991,-0.2036258133587991
0.2016581897535567,0.20375478362860425,-0.20375478362860425
0.20178320413034131,0.20388375899401665,-0.20388375899401665
0.2019082185071259,0.20401273945867962,-0.20401273945867962
0.2020332328839105,0.20414172502623765,-0.20414172502623765
0.2021582472606951,0.20427071570033598,-0.20427071570033598
0.2022832616374797,0.204399711484621,-0.204399711484621
0.20240827601426428,0.20452871238273992,-0.20452871238273992
0.2025332903910489,0.2046577183983411,-0.2046577183983411
0.2026583047678335,0.20478672953507376,-0.20478672953507376
0.20278331914461808,0.20491574579658806,-0.20491574579658806
0.2029083335214027,0.2050447671865353,-0.2050447671865353
0.20303334789818728,0.20517379370856753,-0.20517379370856753
0.2031583622749719,0.20530282536633807,-0.20530282536633807
0.20328337665175647,0.20543186216350093,-0.20543186216350093
0.20340839102854108,0.20556090410371133,-0.20556090410371133
0.2035334054053257,0.20568995119062536,-0.20568995119062536
0.20365841978211027,0.20581900342790005,-0.20581900342790005
0.20378343415889488,0.20594806081919356,-0.20594806081919356
0.20390844853567947,0.2060771233681649,-0.2060771233681649
0.20403346291246408,0.2062061910784741,-0.2062061910784741
0.20415847728924866,0.20633526395378227,-0.20633526395378227
0.20428349166603327,0.2064643419977514,-0.2064643419977514
0.20440850604281785,0.2065934252140445,-0.2065934252140445
0.20453352041960246,0.20672251360632557,-0.20672251360632557
0.20465853479638707,0.20685160717825962,-0.20685160717825962
0.20478354917317165,0.2069807059335126,-0.2069807059335126
0.20490856354995626,0.20710980987575153,-0.20710980987575153
0.20503357792674085,0.20723891900864436,-0.20723891900864436
0.20515859230352546,0.2073680333358601,-0.2073680333358601
0.20528360668031004,0.2074971528610686,-0.2074971528610686
0.20540862105709465,0.20762627758794092,-0.20762627758794092
0.20553363543387926,0.207755407520149,-0.207755407520149
0.20565864981066384,0.20788454266136572,-0.20788454266136572
0.20578366418744845,0.20801368301526513,-0.20801368301526513
0.20590867856423303,0.2081428285855221,-0.2081428285855221
0.20603369294101764,0.20827197937581263,-0.20827197937581263
0.20615870731780223,0.20840113538981359,-0.20840113538981359
0.20628372169458684,0.208530296631203,-0.208530296631203
0.20640873607137145,0.20865946310365985,-0.20865946310365985
0.20653375044815603,0.208788634810864,-0.208788634810864
0.20665876482494064,0.20891781175649649,-0.20891781175649649
0.20678377920172522,0.2090469939442392,-0.2090469939442392
0.20690879357850983,0.2091761813777752,-0.2091761813777752
0.2070338079552944,0.20930537406078836,-0.20930537406078836
0.20715882233207902,0.20943457199696378,-0.20943457199696378
0.2072838367088636,0.20956377518998737,-0.20956377518998737
0.20740885108564822,0.2096929836435462,-0.2096929836435462
0.20753386546243283,0.20982219736132826,-0.20982219736132826
0.2076588798392174,0.20995141634702255,-0.20995141634702255
0.20778389421600202,0.21008064060431916,-0.21008064060431916
0.2079089085927866,0.21020987013690906,-0.21020987013690906
0.2080339229695712,0.21033910494848443,-0.21033910494848443
0.2081589373463558,0.21046834504273823,-0.21046834504273823
0.2082839517231404,0.21059759042336468,-0.21059759042336468
0.208408966099925,0.21072684109405881,-0.21072684109405881
0.2085339804767096,0.21085609705851674,-0.21085609705851674
0.2086589948534942,0.21098535832043566,-0.21098535832043566
0.2087840092302788,0.2111146248835137,-0.2111146248835137
0.2089090236070634,0.2112438967514501,-0.2112438967514501
0.20903403798384798,0.21137317392794502,-0.21137317392794502
0.2091590523606326,0.2115024564166997,-0.2115024564166997
0.2092840667374172,0.21163174422141642,-0.21163174422141642
0.20940908111420178,0.21176103734579843,-0.21176103734579843
0.2095340954909864,0.21189033579355004,-0.21189033579355004
0.20965910986777098,0.21201963956837655,-0.21201963956837655
0.2097841242445556,0.21214894867398432,-0.21214894867398432
0.20990913862134017,0.21227826311408074,-0.21227826311408074
0.21003415299812478,0.2124075828923742,-0.2124075828923742
0.21015916737490936,0.21253690801257416,-0.21253690801257416
0.21028418175169397,0.21266623847839108,-0.21266623847839108
0.21040919612847858,0.21279557429353643,-0.21279557429353643
0.21053421050526316,0.21292491546172274,-0.21292491546172274
0.21065922488204777,0.21305426198666358,-0.21305426198666358
0.21078423925883236,0.21318361387207352,-0.21318361387207352
0.21090925363561697,0.2133129711216682,-0.2133129711216682
0.21103426801240155,0.21344233373916424,-0.21344233373916424
0.21115928238918616,0.21357170172827944,-0.21357170172827944
0.21128429676597077,0.21370107509273245,-0.21370107509273245
0.21140931114275535,0.21383045383624302,-0.21383045383624302
0.21153432551953996,0.21395983796253198,-0.21395983796253198
0.21165933989632454,0.21408922747532122,-0.21408922747532122
0.21178435427310915,0.21421862237833358,-0.21421862237833358
0.21190936864989374,0.21434802267529296,-0.21434802267529296
0.21203438302667835,0.2144774283699244,-0.2144774283699244
0.21215939740346296,0.21460683946595388,-0.21460683946595388
0.21228441178024754,0.2147362559671084,-0.2147362559671084
0.21240942615703215,0.21486567787711616,-0.21486567787711616
0.21253444053381673,0.21499510519970622,-0.21499510519970622
0.21265945491060134,0.2151245379386088,-0.2151245379386088
0.21278446928738592,0.21525397609755517,-0.21525397609755517
0.21290948366417053,0.2153834196802776,-0.2153834196802776
0.21303449804095512,0.21551286869050937,-0.21551286869050937
0.21315951241773973,0.21564232313198495,-0.21564232313198495
0.21328452679452434,0.21577178300843972,-0.21577178300843972
0.21340954117130892,0.21590124832361016,-0.21590124832361016
0.21353455554809353,0.21603071908123386,-0.21603071908123386
0.2136595699248781,0.21616019528504934,-0.21616019528504934
0.21378458430166272,0.21628967693879633,-0.21628967693879633
0.2139095986784473,0.2164191640462155,-0.2164191640462155
0.21403461305523191,0.21654865661104858,-0.21654865661104858
0.21415962743201652,0.21667815463703843,-0.21667815463703843
0.2142846418088011,0.21680765812792888,-0.21680765812792888
0.21440965618558572,0.21693716708746488,-0.21693716708746488
0.2145346705623703,0.2170666815193924,-0.2170666815193924
0.2146596849391549,0.21719620142745855,-0.21719620142745855
0.2147846993159395,0.2173257268154114,-0.2173257268154114
0.2149097136927241,0.2174552576870001,-0.2174552576870001
0.2150347280695087,0.21758479404597497,-0.21758479404597497
0.2151597424462933,0.21771433589608724,-0.21771433589608724
0.2152847568230779,0.2178438832410893,-0.2178438832410893
0.2154097711998625,0.21797343608473455,-0.21797343608473455
0.2155347855766471,0.2181029944307776,-0.2181029944307776
0.21565979995343168,0.2182325582829739,-0.2182325582829739
0.2157848143302163,0.2183621276450801,-0.2183621276450801
0.21590982870700087,0.21849170252085395,-0.21849170252085395
0.21603484308378548,0.21862128291405422,-0.21862128291405422
0.2161598574605701,0.21875086882844078,-0.21875086882844078
0.21628487183735468,0.21888046026777447,-0.21888046026777447
0.21640988621413929,0.21901005723581735,-0.21901005723581735
0.21653490059092387,0.21913965973633245,-0.21913965973633245
0.21665991496770848,0.21926926777308395,-0.21926926777308395
0.21678492934449306,0.21939888134983704,-0.21939888134983704
0.21690994372127767,0.21952850047035802,-0.21952850047035802
0.21703495809806228,0.21965812513841426,-0.21965812513841426
0.21715997247484686,0.2197877553577742,-0.2197877553577742
0.21728498685163147,0.2199173911322074,-0.2199173911322074
0.21741000122841606,0.22004703246548443,-0.22004703246548443
0.21753501560520067,0.22017667936137703,-0.22017667936137703
0.21766002998198525,0.2203063318236579,-0.2203063318236579
0.21778504435876986,0.22043598985610102,-0.22043598985610102
0.21791005873555447,0.22056565346248122,-0.22056565346248122
0.21803507311233905,0.22069532264657452,-0.22069532264657452
0.21816008748912366,0.22082499741215808,-0.22082499741215808
0.21828510186590824,0.2209546777630101,-0.2209546777630101
0.21841011624269285,0.22108436370290985,-0.22108436370290985
0.21853513061947744,0.22121405523563767,-0.22121405523563767
0.21866014499626205,0.2213437523649751,-0.2213437523649751
0.21878515937304666,0.22147345509470465,-0.22147345509470465
0.21891017374983124,0.22160316342860992,-0.22160316342860992
0.21903518812661585,0.22173287737047576,-0.22173287737047576
0.21916020250340043,0.22186259692408786,-0.22186259692408786
0.21928521688018504,0.22199232209323327,-0.22199232209323327
0.21941023125696962,0.22212205288169992,-0.22212205288169992
0.21953524563375423,0.22225178929327696,-0.22225178929327696
0.21966026001053882,0.2223815313317546,-0.2223815313317546
0.21978527438732343,0.22251127900092418,-0.22251127900092418
0.21991028876410804,0.22264103230457805,-0.22264103230457805
0.22003530314089262,0.22277079124650975,-0.22277079124650975
0.22016031751767723,0.22290055583051388,-0.22290055583051388
0.2202853318944618,0.2230303260603861,-0.2230303260603861
0.22041034627124642,0.22316010193992336,-0.22316010193992336
0.220535360648031,0.22328988347292342,-0.22328988347292342
0.2206603750248156,0.2234196706631854,-0.2234196706631854
0.22078538940160022,0.22354946351450938,-0.22354946351450938
0.2209104037783848,0.22367926203069657,-0.22367926203069657
0.22103541815516942,0.22380906621554936,-0.22380906621554936
0.221160432531954,0.22393887607287113,-0.22393887607287113
0.2212854469087386,0.2240686916064665,-0.2240686916064665
0.2214104612855232,0.22419851282014108,-0.22419851282014108
0.2215354756623078,0.2243283397177017,-0.2243283397177017
0.2216604900390924,0.2244581723029562,-0.2244581723029562
0.221785504415877,0.22458801057971353,-0.22458801057971353
0.2219105187926616,0.2247178545517839,-0.2247178545517839
0.2220355331694462,0.22484770422297848,-0.22484770422297848
0.2221605475462308,0.22497755959710963,-0.22497755959710963
0.22228556192301538,0.22510742067799075,-0.22510742067799075
0.2224105762998,0.22523728746943653,-0.22523728746943653
0.22253559067658457,0.22536715997526252,-0.22536715997526252
0.22266060505336918,0.22549703819928565,-0.22549703819928565
0.2227856194301538,0.2256269221453238,-0.2256269221453238
0.22291063380693837,0.22575681181719598,-0.22575681181719598
0.22303564818372298,0.22588670721872242,-0.22588670721872242
0.22316066256050757,0.22601660835372442,-0.22601660835372442
0.22328567693729218,0.22614651522602433,-0.22614651522602433
0.22341069131407676,0.22627642783944577,-0.22627642783944577
0.22353570569086137,0.22640634619781339,-0.22640634619781339
0.22366072006764598,0.22653627030495296,-0.22653627030495296
0.22378573444443056,0.22666620016469138,-0.22666620016469138
0.22391074882121517,0.2267961357808568,-0.2267961357808568
0.22403576319799975,0.22692607715727828,-0.22692607715727828
0.22416077757478436,0.22705602429778624,-0.22705602429778624
0.22428579195156895,0.227185977206212,-0.227185977206212
0.22441080632835356,0.22731593588638827,-0.22731593588638827
0.22453582070513817,0.22744590034214865,-0.22744590034214865
0.22466083508192275,0.22757587057732803,-0.22757587057732803
0.22478584945870736,0.22770584659576237,-0.22770584659576237
0.22491086383549194,0.22783582840128877,-0.22783582840128877
0.22503587821227655,0.2279658159977455,-0.2279658159977455
0.22516089258906113,0.22809580938897195,-0.22809580938897195
0.22528590696584574,0.22822580857880864,-0.22822580857880864
0.22541092134263033,0.2283558135710972,-0.2283558135710972
0.22553593571941494,0.22848582436968046,-0.22848582436968046
0.22566095009619955,0.2286158409784024,-0.2286158409784024
0.22578596447298413,0.22874586340110803,-0.22874586340110803
0.22591097884976874,0.22887589164164368,-0.22887589164164368
0.22603599322655332,0.22900592570385664,-0.22900592570385664
0.22616100760333793,0.2291359655915955,-0.2291359655915955
0.22628602198012251,0.22926601130870983,-0.22926601130870983
0.22641103635690712,0.22939606285905054,-0.22939606285905054
0.22653605073369174,0.2295261202464696,-0.2295261202464696
0.22666106511047632,0.22965618347482,-0.22965618347482
0.22678607948726093,0.22978625254795615,-0.22978625254795615
0.2269110938640455,0.22991632746973334,-0.22991632746973334
0.22703610824083012,0.23004640824400824,-0.23004640824400824
0.2271611226176147,0.23017649487463848,-0.23017649487463848
0.2272861369943993,0.23030658736548304,-0.23030658736548304
0.22741115137118392,0.23043668572040182,-0.23043668572040182
0.2275361657479685,0.23056678994325608,-0.23056678994325608
0.22766118012475312,0.23069690003790816,-0.23069690003790816
0.2277861945015377,0.2308270160082215,-0.2308270160082215
0.2279112088783223,0.23095713785806082,-0.23095713785806082
0.2280362232551069,0.2310872655912919,-0.2310872655912919
0.2281612376318915,0.23121739921178172,-0.23121739921178172
0.22828625200867608,0.23134753872339842,-0.23134753872339842
0.2284112663854607,0.2314776841300113,-0.2314776841300113
0.2285362807622453,0.23160783543549088,-0.23160783543549088
0.22866129513902989,0.23173799264370865,-0.23173799264370865
0.2287863095158145,0.23186815575853753,-0.23186815575853753
0.22891132389259908,0.2319983247838514,-0.2319983247838514
0.2290363382693837,0.23212849972352548,-0.23212849972352548
0.22916135264616827,0.23225868058143595,-0.23225868058143595
0.22928636702295288,0.2323888673614604,-0.2323888673614604
0.2294113813997375,0.23251906006747736,-0.23251906006747736
0.22953639577652207,0.23264925870336664,-0.23264925870336664
0.22966141015330668,0.2327794632730093,-0.2327794632730093
0.22978642453009127,0.23290967378028737,-0.23290967378028737
0.22991143890687588,0.2330398902290843,-0.2330398902290843
0.23003645328366046,0.23317011262328452,-0.23317011262328452
0.23016146766044507,0.23330034096677374,-0.23330034096677374
0.23028648203722968,0.23343057526343877,-0.23343057526343877
0.23041149641401426,0.23356081551716767,-0.23356081551716767
0.23053651079079887,0.23369106173184967,-0.23369106173184967
0.23066152516758345,0.23382131391137506,-0.23382131391137506
0.23078653954436806,0.23395157205963557,-0.23395157205963557
0.23091155392115265,0.2340818361805238,-0.2340818361805238
0.23103656829793726,0.23421210627793382,-0.23421210627793382
0.23116158267472184,0.2343423823557606,-0.2343423823557606
0.23128659705150645,0.2344726644179006,-0.2344726644179006
0.23141161142829106,0.23460295246825122,-0.23460295246825122
0.23153662580507564,0.2347332465107111,-0.2347332465107111
0.23166164018186025,0.2348635465491802,-0.2348635465491802
0.23178665455864483,0.2349938525875595,-0.2349938525875595
0.23191166893542944,0.2351241646297513,-0.2351241646297513
0.23203668331221403,0.23525448267965898,-0.23525448267965898
0.23216169768899864,0.23538480674118722,-0.23538480674118722
0.23228671206578325,0.2355151368182418,-0.2355151368182418
0.23241172644256783,0.23564547291472968,-0.23564547291472968
0.23253674081935244,0.23577581503455916,-0.23577581503455916
0.23266175519613702,0.2359061631816396,-0.2359061631816396
0.23278676957292163,0.2360365173598816,-0.2360365173598816
0.2329117839497062,0.23616687757319693,-0.23616687757319693
0.23303679832649082,0.23629724382549863,-0.23629724382549863
0.23316181270327543,0.23642761612070087,-0.23642761612070087
0.23328682708006002,0.23655799446271902,-0.23655799446271902
0.23341184145684463,0.23668837885546973,-0.23668837885546973
0.2335368558336292,0.23681876930287074,-0.23681876930287074
0.23366187021041382,0.2369491658088411,-0.2369491658088411
0.2337868845871984,0.23707956837730096,-0.23707956837730096
0.233911898963983,0.23720997701217178,-0.23720997701217178
0.2340369133407676,0.23734039171737614,-0.23734039171737614
0.2341619277175522,0.2374708124968379,-0.2374708124968379
0.23428694209433681,0.23760123935448207,-0.23760123935448207
0.2344119564711214,0.2377316722942349,-0.2377316722942349
0.234536970847906,0.23786211132002383,-0.23786211132002383
0.2346619852246906,0.23799255643577752,-0.23799255643577752
0.2347869996014752,0.23812300764542588,-0.23812300764542588
0.23491201397825978,0.23825346495289995,-0.23825346495289995
0.2350370283550444,0.2383839283621321,-0.2383839283621321
0.235162042731829,0.2385143978770558,-0.2385143978770558
0.23528705710861358,0.23864487350160576,-0.23864487350160576
0.2354120714853982,0.23877535523971802,-0.23877535523971802
0.23553708586218278,0.23890584309532964,-0.23890584309532964
0.2356621002389674,0.23903633707237912,-0.23903633707237912
0.23578711461575197,0.239166837174806,-0.239166837174806
0.23591212899253658,0.23929734340655115,-0.23929734340655115
0.2360371433693212,0.2394278557715566,-0.2394278557715566
0.23616215774610577,0.2395583742737656,-0.2395583742737656
0.23628717212289038,0.23968889891712272,-0.23968889891712272
0.23641218649967496,0.23981942970557366,-0.23981942970557366
0.23653720087645957,0.23994996664306534,-0.23994996664306534
0.23666221525324416,0.24008050973354597,-0.24008050973354597
0.23678722963002877,0.24021105898096498,-0.24021105898096498
0.23691224400681335,0.24034161438927296,-0.24034161438927296
0.23703725838359796,0.24047217596242182,-0.24047217596242182
0.23716227276038257,0.24060274370436466,-0.24060274370436466
0.23728728713716715,0.24073331761905578,-0.24073331761905578
0.23741230151395176,0.2408638977104508,-0.2408638977104508
0.23753731589073634,0.24099448398250642,-0.24099448398250642
0.23766233026752095,0.2411250764391808,-0.2411250764391808
0.23778734464430554,0.2412556750844331,-0.2412556750844331
0.23791235902109015,0.24138627992222395,-0.24138627992222395
0.23803737339787476,0.241516890956515,-0.241516890956515
0.23816238777465934,0.24164750819126923,-0.24164750819126923
0.23828740215144395,0.24177813163045098,-0.24177813163045098
0.23841241652822853,0.2419087612780256,-0.2419087612780256
0.23853743090501314,0.24203939713795986,-0.24203939713795986
0.23866244528179772,0.2421700392142217,-0.2421700392142217
0.23878745965858234,0.24230068751078032,-0.24230068751078032
0.23891247403536695,0.2424313420316062,-0.2424313420316062
0.23903748841215153,0.24256200278067097,-0.24256200278067097
0.23916250278893614,0.24269266976194764,-0.24269266976194764
0.23928751716572072,0.2428233429794103,-0.2428233429794103
0.23941253154250533,0.2429540224370345,-0.2429540224370345
0.2395375459192899,0.24308470813879685,-0.24308470813879685
0.23966256029607452,0.24321540008867534,-0.24321540008867534
0.2397875746728591,0.24334609829064913,-0.24334609829064913
0.23991258904964372,0.24347680274869868,-0.24347680274869868
0.24003760342642833,0.24360751346680573,-0.24360751346680573
0.2401626178032129,0.24373823044895312,-0.24373823044895312
0.24028763217999752,0.2438689536991252,-0.2438689536991252
0.2404126465567821,0.24399968322130733,-0.24399968322130733
0.2405376609335667,0.24413041901948634,-0.24413041901948634
0.2406626753103513,0.24426116109765014,-0.24426116109765014
0.2407876896871359,0.24439190945978803,-0.24439190945978803
0.2409127040639205,0.24452266410989051,-0.24452266410989051
0.2410377184407051,0.24465342505194934,-0.24465342505194934
0.2411627328174897,0.2447841922899576,-0.2447841922899576
0.2412877471942743,0.24491496582790953,-0.24491496582790953
0.2414127615710589,0.24504574566980075,-0.24504574566980075
0.24153777594784348,0.2451765318196281,-0.2451765318196281
0.2416627903246281,0.24530732428138965,-0.24530732428138965
0.2417878047014127,0.24543812305908486,-0.24543812305908486
0.24191281907819728,0.24556892815671422,-0.24556892815671422
0.2420378334549819,0.2456997395782798,-0.2456997395782798
0.24216284783176648,0.24583055732778472,-0.24583055732778472
0.24228786220855109,0.24596138140923343,-0.24596138140923343
0.24241287658533567,0.24609221182663168,-0.24609221182663168
0.24253789096212028,0.24622304858398653,-0.24622304858398653
0.24266290533890486,0.2463538916853062,-0.2463538916853062
0.24278791971568947,0.24648474113460028,-0.24648474113460028
0.24291293409247408,0.24661559693587964,-0.24661559693587964
0.24303794846925866,0.24674645909315635,-0.24674645909315635
0.24316296284604327,0.24687732761044387,-0.24687732761044387
0.24328797722282786,0.24700820249175684,-0.24700820249175684
0.24341299159961247,0.24713908374111124,-0.24713908374111124
0.24353800597639705,0.24726997136252432,-0.24726997136252432
0.24366302035318166,0.24740086536001465,-0.24740086536001465
0.24378803472996627,0.24753176573760205,-0.24753176573760205
0.24391304910675085,0.24766267249930754,-0.24766267249930754
0.24403806348353546,0.24779358564915363,-0.24779358564915363
0.24416307786032004,0.24792450519116394,-0.24792450519116394
0.24428809223710465,0.24805543112936343,-0.24805543112936343
0.24441310661388924,0.24818636346777842,-0.24818636346777842
0.24453812099067385,0.24831730221043646,-0.24831730221043646
0.24466313536745846,0.24844824736136642,-0.24844824736136642
0.24478814974424304,0.24857919892459834,-0.24857919892459834
0.24491316412102765,0.24871015690416381,-0.24871015690416381
0.24503817849781223,0.24884112130409544,-0.24884112130409544
0.24516319287459684,0.24897209212842736,-0.24897209212842736
0.24528820725138142,0.24910306938119478,-0.24910306938119478
0.24541322162816603,0.2492340530664345,-0.2492340530664345
0.24553823600495064,0.2493650431881843,-0.2493650431881843
0.24566325038173523,0.2494960397504835,-0.2494960397504835
0.24578826475851984,0.24962704275737263,-0.24962704275737263
0.24591327913530442,0.2497580522128935,-0.2497580522128935
0.24603829351208903,0.24988906812108927,-0.24988906812108927
0.2461633078888736,0.2500200904860044,-0.2500200904860044
0.24628832226565822,0.2501511193116846,-0.2501511193116846
0.2464133366424428,0.250282154602177,-0.250282154602177
0.24653835101922741,0.2504131963615299,-0.2504131963615299
0.24666336539601202,0.2505442445937931,-0.2505442445937931
0.2467883797727966,0.25067529930301746,-0.25067529930301746
0.24691339414958122,0.25080636049325544,-0.25080636049325544
0.2470384085263658,0.25093742816856046,-0.25093742816856046
0.2471634229031504,0.2510685023329876,-0.2510685023329876
0.247288437279935,0.2511995829905931,-0.2511995829905931
0.2474134516567196,0.25133067014543453,-0.25133067014543453
0.2475384660335042,0.2514617638015707,-0.2514617638015707
0.2476634804102888,0.25159286396306185,-0.25159286396306185
0.2477884947870734,0.2517239706339695,-0.2517239706339695
0.247913509163858,0.25185508381835653,-0.25185508381835653
0.2480385235406426,0.25198620352028706,-0.25198620352028706
0.24816353791742718,0.25211732974382656,-0.25211732974382656
0.2482885522942118,0.2522484624930419,-0.2522484624930419
0.2484135666709964,0.2523796017720012,-0.2523796017720012
0.24853858104778098,0.2525107475847738,-0.2525107475847738
0.2486635954245656,0.25264189993543074,-0.25264189993543074
0.24878860980135017,0.2527730588280439,-0.2527730588280439
0.24891362417813478,0.2529042242666869,-0.2529042242666869
0.24903863855491937,0.25303539625543436,-0.25303539625543436
0.24916365293170398,0.25316657479836246,-0.25316657479836246
0.24928866730848856,0.2532977598995486,-0.2532977598995486
0.24941368168527317,0.25342895156307166,-0.25342895156307166
0.24953869606205778,0.25356014979301167,-0.25356014979301167
0.24966371043884236,0.25369135459345005,-0.25369135459345005
0.24978872481562697,0.25382256596846964,-0.25382256596846964
0.24991373919241155,0.25395378392215445,-0.25395378392215445
0.25003875356919614,0.2540850084585901,-0.2540850084585901
0.2501637679459808,0.2542162395818633,-0.2542162395818633
0.25028878232276536,0.25434747729606216,-0.25434747729606216
0.25041379669954994,0.2544787216052762,-0.2544787216052762
0.2505388110763346,0.25460997251359624,-0.25460997251359624
0.25066382545311916,0.2547412300251144,-0.2547412300251144
0.25078883982990374,0.2548724941439242,-0.2548724941439242
0.2509138542066883,0.25500376487412063,-0.25500376487412063
0.25103886858347296,0.25513504221979977,-0.25513504221979977
0.25116388296025755,0.2552663261850592,-0.2552663261850592
0.2512888973370421,0.25539761677399775,-0.25539761677399775
0.25141391171382677,0.25552891399071587,-0.25552891399071587
0.25153892609061135,0.255660217839315,-0.255660217839315
0.25166394046739593,0.25579152832389807,-0.25579152832389807
0.2517889548441805,0.2559228454485696,-0.2559228454485696
0.25191396922096515,0.2560541692174351,-0.2560541692174351
0.25203898359774973,0.2561854996346016,-0.2561854996346016
0.2521639979745343,0.25631683670417754,-0.25631683670417754
0.25228901235131895,0.2564481804302727,-0.2564481804302727
0.25241402672810354,0.256579530816998,-0.256579530816998
0.2525390411048881,0.25671088786846613,-0.25671088786846613
0.2526640554816727,0.25684225158879076,-0.25684225158879076
0.25278906985845734,0.2569736219820871,-0.2569736219820871
0.2529140842352419,0.2571049990524718,-0.2571049990524718
0.2530390986120265,0.25723638280406264,-0.25723638280406264
0.2531641129888111,0.257367773240979,-0.257367773240979
0.2532891273655957,0.25749917036734155,-0.25749917036734155
0.2534141417423803,0.2576305741872722,-0.2576305741872722
0.2535391561191649,0.2577619847048943,-0.2577619847048943
0.2536641704959495,0.2578934019243329,-0.2578934019243329
0.2537891848727341,0.2580248258497138,-0.2580248258497138
0.2539141992495187,0.25815625648516466,-0.25815625648516466
0.2540392136263033,0.2582876938348143,-0.2582876938348143
0.2541642280030879,0.25841913790279303,-0.25841913790279303
0.2542892423798725,0.2585505886932325,-0.2585505886932325
0.2544142567566571,0.2586820462102656,-0.2586820462102656
0.2545392711334417,0.2588135104580268,-0.2588135104580268
0.2546642855102263,0.25894498144065187,-0.25894498144065187
0.2547892998870109,0.2590764591622779,-0.2590764591622779
0.25491431426379546,0.2592079436270434,-0.2592079436270434
0.2550393286405801,0.2593394348390884,-0.2593394348390884
0.2551643430173647,0.25947093280255407,-0.25947093280255407
0.25528935739414926,0.25960243752158313,-0.25960243752158313
0.2554143717709339,0.2597339490003197,-0.2597339490003197
0.2555393861477185,0.2598654672429091,-0.2598654672429091
0.25566440052450307,0.2599969922534982,-0.2599969922534982
0.25578941490128765,0.2601285240362353,-0.2601285240362353
0.2559144292780723,0.26026006259527007,-0.26026006259527007
0.25603944365485687,0.26039160793475336,-0.26039160793475336
0.25616445803164145,0.2605231600588377,-0.2605231600588377
0.2562894724084261,0.2606547189716768,-0.2606547189716768
0.25641448678521067,0.2607862846774259,-0.2607862846774259
0.25653950116199525,0.2609178571802416,-0.2609178571802416
0.25666451553877984,0.26104943648428175,-0.26104943648428175
0.2567895299155645,0.261181022593706,-0.261181022593706
0.25691454429234906,0.26131261551267493,-0.26131261551267493
0.25703955866913364,0.2614442152453508,-0.2614442152453508
0.2571645730459183,0.2615758217958971,-0.2615758217958971
0.25728958742270286,0.26170743516847894,-0.26170743516847894
0.25741460179948744,0.26183905536726265,-0.26183905536726265
0.257539616176272,0.261970682396416,-0.261970682396416
0.25766463055305666,0.2621023162601084,-0.2621023162601084
0.25778964492984124,0.26223395696251023,-0.26223395696251023
0.2579146593066258,0.2623656045077935,-0.2623656045077935
0.25803967368341046,0.26249725890013187,-0.26249725890013187
0.25816468806019505,0.26262892014369993,-0.26262892014369993
0.25828970243697963,0.262760588242674,-0.262760588242674
0.2584147168137642,0.2628922632012318,-0.2628922632012318
0.25853973119054885,0.26302394502355253,-0.26302394502355253
0.25866474556733343,0.26315563371381645,-0.26315563371381645
0.258789759944118,0.26328732927620563,-0.26328732927620563
0.25891477432090265,0.26341903171490333,-0.26341903171490333
0.25903978869768723,0.26355074103409426,-0.26355074103409426
0.2591648030744718,0.26368245723796474,-0.26368245723796474
0.2592898174512564,0.2638141803307022,-0.2638141803307022
0.25941483182804104,0.2639459103164958,-0.2639459103164958
0.2595398462048256,0.2640776471995358,-0.2640776471995358
0.2596648605816102,0.2642093909840142,-0.2642093909840142
0.2597898749583948,0.26434114167412426,-0.26434114167412426
0.2599148893351794,0.2644728992740607,-0.2644728992740607
0.260039903711964,0.2646046637880196,-0.2646046637880196
0.2601649180887486,0.2647364352201986,-0.2647364352201986
0.2602899324655332,0.2648682135747967,-0.2648682135747967
0.2604149468423178,0.2649999988560142,-0.2649999988560142
0.2605399612191024,0.26513179106805307,-0.26513179106805307
0.26066497559588697,0.2652635902151167,-0.2652635902151167
0.2607899899726716,0.2653953963014097,-0.2653953963014097
0.2609150043494562,0.2655272093311382,-0.2655272093311382
0.2610400187262408,0.26565902930851,-0.26565902930851
0.2611650331030254,0.26579085623773396,-0.26579085623773396
0.26129004747981,0.26592269012302056,-0.26592269012302056
0.2614150618565946,0.26605453096858184,-0.26605453096858184
0.26154007623337916,0.26618637877863116,-0.26618637877863116
0.2616650906101638,0.26631823355738327,-0.26631823355738327
0.2617901049869484,0.2664500953090544,-0.2664500953090544
0.26191511936373296,0.2665819640378623,-0.2665819640378623
0.2620401337405176,0.2667138397480261,-0.2667138397480261
0.2621651481173022,0.2668457224437664,-0.2668457224437664
0.26229016249408676,0.2669776121293052,-0.2669776121293052
0.26241517687087135,0.2671095088088661,-0.2671095088088661
0.262540191247656,0.26724141248667393,-0.26724141248667393
0.26266520562444057,0.2673733231669551,-0.2673733231669551
0.26279022000122515,0.2675052408539375,-0.2675052408539375
0.2629152343780098,0.26763716555185046,-0.26763716555185046
0.26304024875479437,0.2677690972649246,-0.2677690972649246
0.26316526313157895,0.2679010359973923,-0.2679010359973923
0.26329027750836353,0.2680329817534871,-0.2680329817534871
0.2634152918851482,0.2681649345374443,-0.2681649345374443
0.26354030626193276,0.2682968943535003,-0.2682968943535003
0.26366532063871734,0.2684288612058932,-0.2684288612058932
0.263790335015502,0.2685608350988627,-0.2685608350988627
0.26391534939228656,0.2686928160366496,-0.2686928160366496
0.26404036376907114,0.2688248040234963,-0.2688248040234963
0.2641653781458557,0.26895679906364683,-0.26895679906364683
0.26429039252264036,0.26908880116134654,-0.26908880116134654
0.26441540689942494,0.2692208103208423,-0.2692208103208423
0.2645404212762095,0.2693528265463824,-0.2693528265463824
0.26466543565299416,0.2694848498422166,-0.2694848498422166
0.26479045002977875,0.2696168802125962,-0.2696168802125962
0.26491546440656333,0.26974891766177395,-0.26974891766177395
0.2650404787833479,0.269880962194004,-0.269880962194004
0.26516549316013255,0.2700130138135421,-0.2700130138135421
0.26529050753691713,0.27014507252464537,-0.27014507252464537
0.2654155219137017,0.2702771383315724,-0.2702771383315724
0.2655405362904863,0.2704092112385834,-0.2704092112385834
0.26566555066727093,0.27054129124994003,-0.27054129124994003
0.2657905650440555,0.2706733783699052,-0.2706733783699052
0.2659155794208401,0.2708054726027435,-0.2708054726027435
0.26604059379762474,0.2709375739527211,-0.2709375739527211
0.2661656081744093,0.27106968242410545,-0.27106968242410545
0.2662906225511939,0.27120179802116556,-0.27120179802116556
0.2664156369279785,0.2713339207481719,-0.2713339207481719
0.2665406513047631,0.27146605060939666,-0.27146605060939666
0.2666656656815477,0.2715981876091131,-0.2715981876091131
0.2667906800583323,0.2717303317515963,-0.2717303317515963
0.2669156944351169,0.2718624830411227,-0.2718624830411227
0.2670407088119015,0.2719946414819702,-0.2719946414819702
0.2671657231886861,0.2721268070784184,-0.2721268070784184
0.26729073756547067,0.2722589798347481,-0.2722589798347481
0.2674157519422553,0.2723911597552419,-0.2723911597552419
0.2675407663190399,0.27252334684418367,-0.27252334684418367
0.2676657806958245,0.2726555411058588,-0.2726555411058588
0.2677907950726091,0.27278774254455435,-0.27278774254455435
0.2679158094493937,0.2729199511645587,-0.2729199511645587
0.2680408238261783,0.27305216697016177,-0.27305216697016177
0.26816583820296286,0.2731843899656551,-0.2731843899656551
0.2682908525797475,0.27331662015533165,-0.27331662015533165
0.2684158669565321,0.2734488575434858,-0.2734488575434858
0.26854088133331666,0.27358110213441356,-0.27358110213441356
0.2686658957101013,0.2737133539324125,-0.2737133539324125
0.2687909100868859,0.2738456129417815,-0.2738456129417815
0.26891592446367046,0.2739778791668211,-0.2739778791668211
0.26904093884045505,0.27411015261183336,-0.27411015261183336
0.2691659532172397,0.2742424332811218,-0.2742424332811218
0.26929096759402427,0.2743747211789915,-0.2743747211789915
0.26941598197080885,0.2745070163097489,-0.2745070163097489
0.2695409963475935,0.2746393186777022,-0.2746393186777022
0.26966601072437807,0.27477162828716095,-0.27477162828716095
0.26979102510116265,0.27490394514243627,-0.27490394514243627
0.26991603947794723,0.27503626924784086,-0.27503626924784086
0.27004105385473187,0.2751686006076889,-0.2751686006076889
0.27016606823151645,0.2753009392262959,-0.2753009392262959
0.27029108260830104,0.2754332851079792,-0.2754332851079792
0.2704160969850857,0.27556563825705765,-0.27556563825705765
0.27054111136187026,0.27569799867785133,-0.27569799867785133
0.27066612573865484,0.27583036637468206,-0.27583036637468206
0.2707911401154394,0.27596274135187326,-0.27596274135187326
0.27091615449222406,0.27609512361374977,-0.27609512361374977
0.27104116886900864,0.2762275131646379,-0.2762275131646379
0.2711661832457932,0.27635991000886556,-0.27635991000886556
0.2712911976225778,0.2764923141507623,-0.2764923141507623
0.27141621199936244,0.27662472559465917,-0.27662472559465917
0.271541226376147,0.27675714434488846,-0.27675714434488846
0.2716662407529316,0.27688957040578444,-0.27688957040578444
0.27179125512971625,0.2770220037816826,-0.2770220037816826
0.27191626950650083,0.27715444447692017,-0.27715444447692017
0.2720412838832854,0.27728689249583577,-0.27728689249583577
0.27216629826007,0.27741934784276967,-0.27741934784276967
0.27229131263685463,0.27755181052206374,-0.27755181052206374
0.2724163270136392,0.2776842805380611,-0.2776842805380611
0.2725413413904238,0.27781675789510674,-0.27781675789510674
0.27266635576720843,0.2779492425975471,-0.2779492425975471
0.272791370143993,0.2780817346497301,-0.2780817346497301
0.2729163845207776,0.27821423405600515,-0.27821423405600515
0.2730413988975622,0.27834674082072347,-0.27834674082072347
0.2731664132743468,0.2784792549482377,-0.2784792549482377
0.2732914276511314,0.27861177644290197,-0.27861177644290197
0.273416442027916,0.2787443053090719,-0.2787443053090719
0.2735414564047006,0.278876841551105,-0.278876841551105
0.2736664707814852,0.2790093851733599,-0.2790093851733599
0.2737914851582698,0.27914193618019706,-0.27914193618019706
0.27391649953505437,0.2792744945759785,-0.2792744945759785
0.274041513911839,0.2794070603650678,-0.2794070603650678
0.2741665282886236,0.2795396335518299,-0.2795396335518299
0.2742915426654082,0.2796722141406316,-0.2796722141406316
0.2744165570421928,0.27980480213584097,-0.27980480213584097
0.2745415714189774,0.27993739754182795,-0.27993739754182795
0.274666585795762,0.28007000036296376,-0.28007000036296376
0.27479160017254656,0.2802026106036214,-0.2802026106036214
0.2749166145493312,0.28033522826817536,-0.28033522826817536
0.2750416289261158,0.2804678533610017,-0.2804678533610017
0.27516664330290036,0.280600485886478,-0.280600485886478
0.275291657679685,0.28073312584898363,-0.28073312584898363
0.2754166720564696,0.28086577325289924,-0.28086577325289924
0.27554168643325416,0.28099842810260717,-0.28099842810260717
0.27566670081003875,0.28113109040249146,-0.28113109040249146
0.2757917151868234,0.2812637601569376,-0.2812637601569376
0.27591672956360797,0.2813964373703327,-0.2813964373703327
0.27604174394039255,0.2815291220470654,-0.2815291220470654
0.2761667583171772,0.2816618141915261,-0.2816618141915261
0.27629177269396177,0.28179451380810644,-0.28179451380810644
0.27641678707074635,0.2819272209011999,-0.2819272209011999
0.27654180144753093,0.2820599354752017,-0.2820599354752017
0.27666681582431557,0.28219265753450834,-0.28219265753450834
0.27679183020110015,0.28232538708351795,-0.28232538708351795
0.27691684457788474,0.2824581241266304,-0.2824581241266304
0.2770418589546693,0.28259086866824706,-0.28259086866824706
0.27716687333145396,0.28272362071277096,-0.28272362071277096
0.27729188770823854,0.2828563802646065,-0.2828563802646065
0.2774169020850231,0.28298914732816005,-0.28298914732816005
0.27754191646180776,0.28312192190783925,-0.28312192190783925
0.27766693083859234,0.28325470400805347,-0.28325470400805347
0.2777919452153769,0.28338749363321375,-0.28338749363321375
0.2779169595921615,0.28352029078773255,-0.28352029078773255
0.27804197396894614,0.2836530954760242,-0.2836530954760242
0.2781669883457307,0.2837859077025042,-0.2837859077025042
0.2782920027225153,0.2839187274715902,-0.2839187274715902
0.27841701709929995,0.28405155478770105,-0.28405155478770105
0.27854203147608453,0.2841843896552573,-0.2841843896552573
0.2786670458528691,0.28431723207868115,-0.28431723207868115
0.2787920602296537,0.28445008206239647,-0.28445008206239647
0.27891707460643833,0.28458293961082876,-0.28458293961082876
0.2790420889832229,0.2847158047284048,-0.2847158047284048
0.2791671033600075,0.2848486774195534,-0.2848486774195534
0.27929211773679213,0.2849815576887048,-0.2849815576887048
0.2794171321135767,0.28511444554029086,-0.28511444554029086
0.2795421464903613,0.285247340978745,-0.285247340978745
0.2796671608671459,0.2853802440085024,-0.2853802440085024
0.2797921752439305,0.28551315463399984,-0.28551315463399984
0.2799171896207151,0.2856460728596756,-0.2856460728596756
0.2800422039974997,0.2857789986899696,-0.2857789986899696
0.2801672183742843,0.28591193212932353,-0.28591193212932353
0.2802922327510689,0.2860448731821805,-0.2860448731821805
0.2804172471278535,0.2861778218529855,-0.2861778218529855
0.28054226150463807,0.28631077814618494,-0.28631077814618494
0.2806672758814227,0.28644374206622697,-0.28644374206622697
0.2807922902582073,0.28657671361756115,-0.28657671361756115
0.28091730463499187,0.28670969280463904,-0.28670969280463904
0.2810423190117765,0.28684267963191357,-0.28684267963191357
0.2811673333885611,0.2869756741038394,-0.2869756741038394
0.2812923477653457,0.2871086762248727,-0.2871086762248727
0.28141736214213026,0.2872416859994714,-0.2872416859994714
0.2815423765189149,0.2873747034320952,-0.2873747034320952
0.2816673908956995,0.28750772852720513,-0.28750772852720513
0.28179240527248406,0.2876407612892641,-0.2876407612892641
0.2819174196492687,0.28777380172273653,-0.28777380172273653
0.2820424340260533,0.2879068498320884,-0.2879068498320884
0.28216744840283786,0.28803990562178766,-0.28803990562178766
0.28229246277962244,0.2881729690963037,-0.2881729690963037
0.2824174771564071,0.2883060402601075,-0.2883060402601075
0.28254249153319166,0.2884391191176717,-0.2884391191176717
0.28266750590997625,0.28857220567347075,-0.28857220567347075
0.2827925202867609,0.2887052999319807,-0.2887052999319807
0.28291753466354547,0.28883840189767895,-0.28883840189767895
0.28304254904033005,0.28897151157504497,-0.28897151157504497
0.28316756341711463,0.28910462896855976,-0.28910462896855976
0.28329257779389927,0.2892377540827059,-0.2892377540827059
0.28341759217068385,0.28937088692196766,-0.28937088692196766
0.28354260654746843,0.2895040274908309,-0.2895040274908309
0.283667620924253,0.2896371757937833,-0.2896371757937833
0.28379263530103765,0.2897703318353141,-0.2897703318353141
0.28391764967782224,0.28990349561991413,-0.28990349561991413
0.2840426640546068,0.2900366671520761,-0.2900366671520761
0.28416767843139146,0.2901698464362942,-0.2901698464362942
0.28429269280817604,0.29030303347706427,-0.29030303347706427
0.2844177071849606,0.290436228278884,-0.290436228278884
0.2845427215617452,0.2905694308462526,-0.2905694308462526
0.28466773593852984,0.29070264118367106,-0.29070264118367106
0.2847927503153144,0.2908358592956418,-0.2908358592956418
0.284917764692099,0.2909690851866693,-0.2909690851866693
0.28504277906888364,0.2911023188612594,-0.2911023188612594
0.2851677934456682,0.29123556032391973,-0.29123556032391973
0.2852928078224528,0.2913688095791595,-0.2913688095791595
0.2854178221992374,0.2915020666314898,-0.2915020666314898
0.28554283657602203,0.2916353314854233,-0.2916353314854233
0.2856678509528066,0.2917686041454743,-0.2917686041454743
0.2857928653295912,0.29190188461615874,-0.29190188461615874
0.28591787970637583,0.2920351729019945,-0.2920351729019945
0.2860428940831604,0.2921684690075008,-0.2921684690075008
0.286167908459945,0.29230177293719883,-0.29230177293719883
0.2862929228367296,0.29243508469561136,-0.29243508469561136
0.2864179372135142,0.2925684042872628,-0.2925684042872628
0.2865429515902988,0.2927017317166793,-0.2927017317166793
0.2866679659670834,0.2928350669883887,-0.2928350669883887
0.286792980343868,0.29296841010692054,-0.29296841010692054
0.2869179947206526,0.2931017610768061,-0.2931017610768061
0.2870430090974372,0.29323511990257817,-0.29323511990257817
0.28716802347422177,0.29336848658877146,-0.29336848658877146
0.2872930378510064,0.2935018611399224,-0.2935018611399224
0.287418052227791,0.29363524356056886,-0.29363524356056886
0.28754306660457557,0.2937686338552506,-0.2937686338552506
0.2876680809813602,0.29390203202850906,-0.29390203202850906
0.2877930953581448,0.2940354380848874,-0.2940354380848874
0.2879181097349294,0.2941688520289304,-0.2941688520289304
0.28804312411171396,0.29430227386518465,-0.29430227386518465
0.2881681384884986,0.29443570359819843,-0.29443570359819843
0.2882931528652832,0.29456914123252165,-0.29456914123252165
0.28841816724206776,0.294702586772706,-0.294702586772706
0.2885431816188524,0.2948360402233049,-0.2948360402233049
0.288668195995637,0.2949695015888734,-0.2949695015888734
0.28879321037242156,0.2951029708739683,-0.2951029708739683
0.28891822474920614,0.29523644808314825,-0.29523644808314825
0.2890432391259908,0.29536993322097344,-0.29536993322097344
0.28916825350277536,0.2955034262920058,-0.2955034262920058
0.28929326787955995,0.29563692730080904,-0.29563692730080904
0.28941828225634453,0.2957704362519486,-0.2957704362519486
0.28954329663312917,0.2959039531499917,-0.2959039531499917
0.28966831100991375,0.296037477999507,-0.296037477999507
0.28979332538669833,0.29617101080506525,-0.29617101080506525
0.28991833976348297,0.2963045515712388,-0.2963045515712388
0.29004335414026755,0.29643810030260154,-0.29643810030260154
0.29016836851705213,0.29657165700372934,-0.29657165700372934
0.2902933828938367,0.2967052216791997,-0.2967052216791997
0.29041839727062135,0.2968387943335919,-0.2968387943335919
0.29054341164740594,0.2969723749714869,-0.2969723749714869
0.2906684260241905,0.2971059635974673,-0.2971059635974673
0.29079344040097516,0.29723956021611775,-0.29723956021611775
0.29091845477775974,0.29737316483202425,-0.29737316483202425
0.2910434691545443,0.2975067774497749,-0.2975067774497749
0.2911684835313289,0.2976403980739592,-0.2976403980739592
0.29129349790811354,0.2977740267091687,-0.2977740267091687
0.2914185122848981,0.2979076633599965,-0.2979076633599965
0.2915435266616827,0.2980413080310375,-0.2980413080310375
0.29166854103846734,0.2981749607268884,-0.2981749607268884
0.2917935554152519,0.29830862145214754,-0.29830862145214754
0.2919185697920365,0.29844229021141505,-0.29844229021141505
0.2920435841688211,0.2985759670092929,-0.2985759670092929
0.29216859854560573,0.2987096518503848,-0.2987096518503848
0.2922936129223903,0.29884334473929597,-0.29884334473929597
0.2924186272991749,0.2989770456806337,-0.2989770456806337
0.29254364167595953,0.29911075467900694,-0.29911075467900694
0.2926686560527441,0.29924447173902624,-0.29924447173902624
0.2927936704295287,0.2993781968653041,-0.2993781968653041
0.2929186848063133,0.29951193006245475,-0.29951193006245475
0.2930436991830979,0.2996456713350942,-0.2996456713350942
0.2931687135598825,0.29977942068784,-0.29977942068784
0.2932937279366671,0.2999131781253118,-0.2999131781253118
0.2934187423134517,0.3000469436521308,-0.3000469436521308
0.2935437566902363,0.30018071727292,-0.30018071727292
0.2936687710670209,0.30031449899230417,-0.30031449899230417
0.29379378544380547,0.3004482888149099,-0.3004482888149099
0.2939187998205901,0.3005820867453657,-0.3005820867453657
0.2940438141973747,0.30071589278830135,-0.30071589278830135
0.29416882857415927,0.300849706948349,-0.300849706948349
0.2942938429509439,0.3009835292301422,-0.3009835292301422
0.2944188573277285,0.3011173596383164,-0.3011173596383164
0.29454387170451307,0.30125119817750884,-0.30125119817750884
0.29466888608129765,0.30138504485235845,-0.30138504485235845
0.2947939004580823,0.3015188996675061,-0.3015188996675061
0.2949189148348669,0.30165276262759433,-0.30165276262759433
0.29504392921165146,0.30178663373726744,-0.30178663373726744
0.29516894358843604,0.3019205130011716,-0.3019205130011716
0.2952939579652207,0.30205440042395487,-0.30205440042395487
0.29541897234200526,0.3021882960102667,-0.3021882960102667
0.29554398671878984,0.3023221997647587,-0.3023221997647587
0.2956690010955745,0.3024561116920843,-0.3024561116920843
0.29579401547235906,0.3025900317968984,-0.3025900317968984
0.29591902984914364,0.302723960083858,-0.302723960083858
0.2960440442259282,0.3028578965576217,-0.3028578965576217
0.29616905860271286,0.30299184122285006,-0.30299184122285006
0.29629407297949745,0.30312579408420526,-0.30312579408420526
0.29641908735628203,0.30325975514635145,-0.30325975514635145
0.29654410173306667,0.30339372441395457,-0.30339372441395457
0.29666911610985125,0.3035277018916821,-0.3035277018916821
0.29679413048663583,0.30366168758420375,-0.30366168758420375
0.2969191448634204,0.30379568149619063,-0.30379568149619063
0.29704415924020505,0.303929683632316,-0.303929683632316
0.29716917361698963,0.30406369399725464,-0.30406369399725464
0.2972941879937742,0.3041977125956833,-0.3041977125956833
0.29741920237055886,0.30433173943228065,-0.30433173943228065
0.29754421674734344,0.3044657745117268,-0.3044657745117268
0.297669231124128,0.3045998178387041,-0.3045998178387041
0.2977942455009126,0.30473386941789643,-0.30473386941789643
0.29791925987769724,0.30486792925398964,-0.30486792925398964
0.2980442742544818,0.30500199735167133,-0.30500199735167133
0.2981692886312664,0.3051360737156309,-0.3051360737156309
0.29829430300805104,0.30527015835055976,-0.30527015835055976
0.2984193173848356,0.3054042512611507,-0.3054042512611507
0.2985443317616202,0.30553835245209887,-0.30553835245209887
0.2986693461384048,0.30567246192810094,-0.30567246192810094
0.2987943605151894,0.3058065796938555,-0.3058065796938555
0.298919374891974,0.30594070575406285,-0.30594070575406285
0.2990443892687586,0.3060748401134252,-0.3060748401134252
0.29916940364554323,0.30620898277664677,-0.30620898277664677
0.2992944180223278,0.3063431337484333,-0.3063431337484333
0.2994194323991124,0.3064772930334925,-0.3064772930334925
0.299544446775897,0.306611460636534,-0.306611460636534
0.2996694611526816,0.3067456365622693,-0.3067456365622693
0.2997944755294662,0.3068798208154114,-0.3068798208154114
0.2999194899062508,0.30701401340067547,-0.30701401340067547
0.3000445042830354,0.30714821432277856,-0.30714821432277856
0.30016951865982,0.3072824235864392,-0.3072824235864392
0.3002945330366046,0.3074166411963782,-0.3074166411963782
0.30041954741338917,0.3075508671573179,-0.3075508671573179
0.3005445617901738,0.3076851014739827,-0.3076851014739827
0.3006695761669584,0.3078193441510987,-0.3078193441510987
0.30079459054374297,0.3079535951933939,-0.3079535951933939
0.30091960492052755,0.3080878546055981,-0.3080878546055981
0.3010446192973122,0.3082221223924432,-0.3082221223924432
0.30116963367409677,0.3083563985586626,-0.3083563985586626
0.30129464805088135,0.3084906831089917,-0.3084906831089917
0.301419662427666,0.30862497604816796,-0.30862497604816796
0.3015446768044506,0.3087592773809304,-0.3087592773809304
0.30166969118123516,0.30889358711202,-0.30889358711202
0.30179470555801974,0.3090279052461797,-0.3090279052461797
0.3019197199348044,0.3091622317881543,-0.3091622317881543
0.30204473431158896,0.3092965667426902,-0.3092965667426902
0.30216974868837354,0.309430910114536,-0.309430910114536
0.3022947630651582,0.3095652619084421,-0.3095652619084421
0.30241977744194276,0.3096996221291605,-0.3096996221291605
0.30254479181872734,0.30983399078144547,-0.30983399078144547
0.3026698061955119,0.3099683678700529,-0.3099683678700529
0.30279482057229656,0.31010275339974064,-0.31010275339974064
0.30291983494908115,0.3102371473752683,-0.3102371473752683
0.30304484932586573,0.3103715498013976,-0.3103715498013976
0.30316986370265037,0.31050596068289193,-0.31050596068289193
0.30329487807943495,0.3106403800245166,-0.3106403800245166
0.30341989245621953,0.3107748078310389,-0.3107748078310389
0.3035449068330041,0.3109092441072278,-0.3109092441072278
0.30366992120978875,0.3110436888578546,-0.3110436888578546
0.30379493558657333,0.31117814208769184,-0.31117814208769184
0.3039199499633579,0.3113126038015145,-0.3113126038015145
0.30404496434014255,0.31144707400409916,-0.31144707400409916
0.30416997871692714,0.3115815527002244,-0.3115815527002244
0.3042949930937117,0.31171603989467056,-0.31171603989467056
0.3044200074704963,0.31185053559222015,-0.31185053559222015
0.30454502184728094,0.31198503979765735,-0.31198503979765735
0.3046700362240655,0.31211955251576823,-0.31211955251576823
0.3047950506008501,0.3122540737513408,-0.3122540737513408
0.30492006497763474,0.31238860350916514,-0.31238860350916514
0.3050450793544193,0.31252314179403295,-0.31252314179403295
0.3051700937312039,0.312657688610738,-0.312657688610738
0.3052951081079885,0.3127922439640759,-0.3127922439640759
0.3054201224847731,0.31292680785884436,-0.31292680785884436
0.3055451368615577,0.3130613802998426,-0.3130613802998426
0.3056701512383423,0.3131959612918721,-0.3131959612918721
0.30579516561512693,0.31333055083973627,-0.31333055083973627
0.3059201799919115,0.31346514894824,-0.31346514894824
0.3060451943686961,0.31359975562219067,-0.31359975562219067
0.3061702087454807,0.3137343708663971,-0.3137343708663971
0.3062952231222653,0.3138689946856704,-0.3138689946856704
0.3064202374990499,0.3140036270848233,-0.3140036270848233
0.3065452518758345,0.3141382680686707,-0.3141382680686707
0.30667026625261906,0.3142729176420291,-0.3142729176420291
0.3067952806294037,0.31440757580971734,-0.31440757580971734
0.3069202950061883,0.3145422425765558,-0.3145422425765558
0.30704530938297286,0.314676917947367,-0.314676917947367
0.3071703237597575,0.31481160192697544,-0.31481160192697544
0.3072953381365421,0.3149462945202073,-0.3149462945202073
0.30742035251332667,0.31508099573189086,-0.31508099573189086
0.30754536689011125,0.31521570556685635,-0.31521570556685635
0.3076703812668959,0.315350424029936,-0.315350424029936
0.30779539564368047,0.3154851511259637,-0.3154851511259637
0.30792041002046505,0.31561988685977554,-0.31561988685977554
0.3080454243972497,0.31575463123620945,-0.31575463123620945
0.30817043877403427,0.3158893842601053,-0.3158893842601053
0.30829545315081885,0.3160241459363049,-0.3160241459363049
0.30842046752760344,0.3161589162696519,-0.3161589162696519
0.3085454819043881,0.31629369526499235,-0.31629369526499235
0.30867049628117266,0.31642848292717357,-0.31642848292717357
0.30879551065795724,0.3165632792610452,-0.3165632792610452
0.3089205250347419,0.316698084271459,-0.316698084271459
0.30904553941152646,0.31683289796326825,-0.31683289796326825
0.30917055378831104,0.3169677203413285,-0.3169677203413285
0.3092955681650956,0.31710255141049715,-0.31710255141049715
0.30942058254188026,0.3172373911756336,-0.3172373911756336
0.30954559691866484,0.3173722396415991,-0.3173722396415991
0.3096706112954494,0.31750709681325695,-0.31750709681325695
0.30979562567223407,0.31764196269547246,-0.31764196269547246
0.30992064004901865,0.31777683729311273,-0.31777683729311273
0.31004565442580323,0.31791172061104694,-0.31791172061104694
0.3101706688025878,0.3180466126541463,-0.3180466126541463
0.31029568317937245,0.3181815134272839,-0.3181815134272839
0.31042069755615703,0.31831642293533474,-0.31831642293533474
0.3105457119329416,0.31845134118317586,-0.31845134118317586
0.31067072630972625,0.3185862681756863,-0.3185862681756863
0.31079574068651084,0.31872120391774705,-0.31872120391774705
0.3109207550632954,0.318856148414241,-0.318856148414241
0.31104576944008,0.3189911016700531,-0.3189911016700531
0.31117078381686464,0.3191260636900704,-0.3191260636900704
0.3112957981936492,0.31926103447918164,-0.31926103447918164
0.3114208125704338,0.31939601404227763,-0.31939601404227763
0.31154582694721844,0.31953100238425136,-0.31953100238425136
0.311670841324003,0.3196659995099976,-0.3196659995099976
0.3117958557007876,0.31980100542441314,-0.31980100542441314
0.3119208700775722,0.31993602013239686,-0.31993602013239686
0.3120458844543568,0.32007104363884953,-0.32007104363884953
0.3121708988311414,0.3202060759486739,-0.3202060759486739
0.312295913207926,0.3203411170667747,-0.3203411170667747
0.31242092758471063,0.3204761669980589,-0.3204761669980589
0.3125459419614952,0.32061122574743506,-0.32061122574743506
0.3126709563382798,0.32074629331981397,-0.32074629331981397
0.3127959707150644,0.32088136972010844,-0.32088136972010844
0.312920985091849,0.32101645495323333,-0.32101645495323333
0.3130459994686336,0.32115154902410514,-0.32115154902410514
0.3131710138454182,0.32128665193764283,-0.32128665193764283
0.31329602822220276,0.3214217636987671,-0.3214217636987671
0.3134210425989874,0.3215568843124008,-0.3215568843124008
0.313546056975772,0.3216920137834687,-0.3216920137834687
0.31367107135255656,0.32182715211689744,-0.32182715211689744
0.3137960857293412,0.321962299317616,-0.321962299317616
0.3139211001061258,0.322097455390555,-0.322097455390555
0.31404611448291037,0.3222326203406475,-0.3222326203406475
0.31417112885969495,0.3223677941728282,-0.3223677941728282
0.3142961432364796,0.32250297689203394,-0.32250297689203394
0.31442115761326417,0.3226381685032037,-0.3226381685032037
0.31454617199004875,0.3227733690112783,-0.3227733690112783
0.3146711863668334,0.32290857842120074,-0.32290857842120074
0.31479620074361797,0.3230437967379159,-0.3230437967379159
0.31492121512040255,0.3231790239663707,-0.3231790239663707
0.31504622949718714,0.3233142601115143,-0.3233142601115143
0.3151712438739718,0.3234495051782976,-0.3234495051782976
0.31529625825075636,0.3235847591716737,-0.3235847591716737
0.31542127262754094,0.32372002209659767,-0.32372002209659767
0.3155462870043256,0.32385529395802665,-0.32385529395802665
0.31567130138111016,0.32399057476091975,-0.32399057476091975
0.31579631575789474,0.32412586451023817,-0.32412586451023817
0.3159213301346793,0.3242611632109452,-0.3242611632109452
0.31604634451146396,0.3243964708680062,-0.3243964708680062
0.31617135888824854,0.3245317874863882,-0.3245317874863882
0.3162963732650331,0.32466711307106083,-0.32466711307106083
0.31642138764181776,0.3248024476269954,-0.3248024476269954
0.31654640201860235,0.32493779115916527,-0.32493779115916527
0.31667141639538693,0.325073143672546,-0.325073143672546
0.3167964307721715,0.3252085051721152,-0.3252085051721152
0.31692144514895615,0.32534387566285244,-0.32534387566285244
0.31704645952574073,0.32547925514973924,-0.32547925514973924
0.3171714739025253,0.32561464363775944,-0.32561464363775944
0.31729648827930995,0.3257500411318988,-0.3257500411318988
0.31742150265609453,0.3258854476371451,-0.3258854476371451
0.3175465170328791,0.32602086315848816,-0.32602086315848816
0.3176715314096637,0.32615628770092,-0.32615628770092
0.31779654578644834,0.3262917212694346,-0.3262917212694346
0.3179215601632329,0.32642716386902804,-0.32642716386902804
0.3180465745400175,0.32656261550469845,-0.32656261550469845
0.31817158891680214,0.32669807618144603,-0.32669807618144603
0.3182966032935867,0.326833545904273,-0.326833545904273
0.3184216176703713,0.3269690246781837,-0.3269690246781837
0.3185466320471559,0.32710451250818456,-0.32710451250818456
0.3186716464239405,0.3272400093992842,-0.3272400093992842
0.3187966608007251,0.327375515356493,-0.327375515356493
0.3189216751775097,0.32751103038482365,-0.32751103038482365
0.31904668955429427,0.32764655448929086,-0.32764655448929086
0.3191717039310789,0.32778208767491157,-0.32778208767491157
0.3192967183078635,0.3279176299467044,-0.3279176299467044
0.3194217326846481,0.3280531813096906,-0.3280531813096906
0.3195467470614327,0.32818874176889307,-0.32818874176889307
0.3196717614382173,0.32832431132933687,-0.32832431132933687
0.3197967758150019,0.3284598899960494,-0.3284598899960494
0.31992179019178646,0.3285954777740599,-0.3285954777740599
0.3200468045685711,0.32873107466839985,-0.32873107466839985
0.3201718189453557,0.32886668068410263,-0.32886668068410263
0.32029683332214026,0.32900229582620394,-0.32900229582620394
0.3204218476989249,0.32913792009974147,-0.32913792009974147
0.3205468620757095,0.32927355350975496,-0.32927355350975496
0.32067187645249406,0.32940919606128644,-0.32940919606128644
0.32079689082927865,0.3295448477593797,-0.3295448477593797
0.3209219052060633,0.32968050860908116,-0.32968050860908116
0.32104691958284787,0.32981617861543877,-0.32981617861543877
0.32117193395963245,0.3299518577835029,-0.3299518577835029
0.3212969483364171,0.3300875461183261,-0.3300875461183261
0.32142196271320167,0.33022324362496275,-0.33022324362496275
0.32154697708998625,0.3303589503084696,-0.3303589503084696
0.32167199146677083,0.33049466617390544,-0.33049466617390544
0.3217970058435555,0.33063039122633114,-0.33063039122633114
0.32192202022034005,0.33076612547080964,-0.33076612547080964
0.32204703459712464,0.3309018689124061,-0.3309018689124061
0.3221720489739093,0.3310376215561878,-0.3310376215561878
0.32229706335069386,0.3311733834072241,-0.3311733834072241
0.32242207772747844,0.3313091544705864,-0.3313091544705864
0.322547092104263,0.3314449347513484,-0.3314449347513484
0.32267210648104766,0.3315807242545859,-0.3315807242545859
0.32279712085783224,0.33171652298537657,-0.33171652298537657
0.3229221352346168,0.3318523309488006,-0.3318523309488006
0.32304714961140146,0.3319881481499402,-0.3319881481499402
0.32317216398818605,0.33212397459387943,-0.33212397459387943
0.3232971783649706,0.3322598102857048,-0.3322598102857048
0.3234221927417552,0.3323956552305048,-0.3323956552305048
0.32354720711853985,0.33253150943337023,-0.33253150943337023
0.32367222149532443,0.33266737289939385,-0.33266737289939385
0.323797235872109,0.33280324563367064,-0.33280324563367064
0.32392225024889365,0.33293912764129774,-0.33293912764129774
0.32404726462567823,0.33307501892737434,-0.33307501892737434
0.3241722790024628,0.33321091949700193,-0.33321091949700193
0.3242972933792474,0.33334682935528404,-0.33334682935528404
0.32442230775603204,0.3334827485073265,-0.3334827485073265
0.3245473221328166,0.33361867695823694,-0.33361867695823694
0.3246723365096012,0.33375461471312556,-0.33375461471312556
0.3247973508863858,0.3338905617771045,-0.3338905617771045
0.3249223652631704,0.33402651815528817,-0.33402651815528817
0.325047379639955,0.3341624838527929,-0.3341624838527929
0.3251723940167396,0.33429845887473747,-0.33429845887473747
0.3252974083935242,0.3344344432262427,-0.3344344432262427
0.3254224227703088,0.3345704369124316,-0.3345704369124316
0.3255474371470934,0.33470643993842925,-0.33470643993842925
0.32567245152387797,0.334842452309363,-0.334842452309363
0.3257974659006626,0.33497847403036246,-0.33497847403036246
0.3259224802774472,0.33511450510655916,-0.33511450510655916
0.3260474946542318,0.335250545543087,-0.335250545543087
0.3261725090310164,0.33538659534508203,-0.33538659534508203
0.326297523407801,0.33552265451768243,-0.33552265451768243
0.3264225377845856,0.3356587230660285,-0.3356587230660285
0.32654755216137016,0.33579480099526293,-0.33579480099526293
0.3266725665381548,0.3359308883105304,-0.3359308883105304
0.3267975809149394,0.33606698501697785,-0.33606698501697785
0.32692259529172396,0.3362030911197544,-0.3362030911197544
0.3270476096685086,0.3363392066240113,-0.3363392066240113
0.3271726240452932,0.3364753315349021,-0.3364753315349021
0.32729763842207776,0.33661146585758245,-0.33661146585758245
0.32742265279886235,0.33674760959721023,-0.33674760959721023
0.327547667175647,0.3368837627589456,-0.3368837627589456
0.32767268155243157,0.3370199253479507,-0.3370199253479507
0.32779769592921615,0.33715609736939006,-0.33715609736939006
0.3279227103060008,0.33729227882843044,-0.33729227882843044
0.32804772468278537,0.3374284697302405,-0.3374284697302405
0.32817273905956995,0.33756467007999147,-0.33756467007999147
0.32829775343635453,0.3377008798828566,-0.3377008798828566
0.32842276781313917,0.3378370991440114,-0.3378370991440114
0.32854778218992375,0.33797332786863354,-0.33797332786863354
0.32867279656670834,0.33810956606190284,-0.33810956606190284
0.328797810943493,0.3382458137290017,-0.3382458137290017
0.32892282532027756,0.3383820708751141,-0.3383820708751141
0.32904783969706214,0.3385183375054268,-0.3385183375054268
0.3291728540738467,0.3386546136251286,-0.3386546136251286
0.32929786845063136,0.33879089923941047,-0.33879089923941047
0.32942288282741594,0.33892719435346547,-0.33892719435346547
0.3295478972042005,0.3390634989724892,-0.3390634989724892
0.32967291158098516,0.3391998131016793,-0.3391998131016793
0.32979792595776974,0.3393361367462356,-0.3393361367462356
0.3299229403345543,0.33947246991136026,-0.33947246991136026
0.3300479547113389,0.3396088126022576,-0.3396088126022576
0.33017296908812355,0.3397451648241343,-0.3397451648241343
0.33029798346490813,0.339881526582199,-0.339881526582199
0.3304229978416927,0.34001789788166287,-0.34001789788166287
0.3305480122184773,0.3401542787277392,-0.3401542787277392
0.33067302659526193,0.34029066912564354,-0.34029066912564354
0.3307980409720465,0.34042706908059356,-0.34042706908059356
0.3309230553488311,0.34056347859780933,-0.34056347859780933
0.33104806972561573,0.34069989768251313,-0.34069989768251313
0.3311730841024003,0.34083632633992944,-0.34083632633992944
0.3312980984791849,0.340972764575285,-0.340972764575285
0.3314231128559695,0.34110921239380887,-0.34110921239380887
0.3315481272327541,0.34124566980073234,-0.34124566980073234
0.3316731416095387,0.3413821368012887,-0.3413821368012887
0.3317981559863233,0.341518613400714,-0.341518613400714
0.3319231703631079,0.3416550996042461,-0.3416550996042461
0.3320481847398925,0.3417915954171252,-0.3417915954171252
0.3321731991166771,0.3419281008445941,-0.3419281008445941
0.33229821349346167,0.34206461589189735,-0.34206461589189735
0.3324232278702463,0.34220114056428225,-0.34220114056428225
0.3325482422470309,0.342337674866998,-0.342337674866998
0.33267325662381547,0.3424742188052962,-0.3424742188052962
0.3327982710006001,0.34261077238443083,-0.34261077238443083
0.3329232853773847,0.3427473356096579,-0.3427473356096579
0.3330482997541693,0.34288390848623596,-0.34288390848623596
0.33317331413095386,0.34302049101942567,-0.34302049101942567
0.3332983285077385,0.34315708321448996,-0.34315708321448996
0.3334233428845231,0.34329368507669417,-0.34329368507669417
0.33354835726130766,0.34343029661130575,-0.34343029661130575
0.3336733716380923,0.3435669178235946,-0.3435669178235946
0.3337983860148769,0.34370354871883274,-0.34370354871883274
0.33392340039166146,0.34384018930229465,-0.34384018930229465
0.33404841476844604,0.34397683957925695,-0.34397683957925695
0.3341734291452307,0.34411349955499865,-0.34411349955499865
0.33429844352201527,0.344250169234801,-0.344250169234801
0.33442345789879985,0.3443868486239476,-0.3443868486239476
0.3345484722755845,0.34452353772772426,-0.34452353772772426
0.33467348665236907,0.34466023655141903,-0.34466023655141903
0.33479850102915365,0.34479694510032255,-0.34479694510032255
0.33492351540593823,0.3449336633797275,-0.3449336633797275
0.33504852978272287,0.3450703913949289,-0.3450703913949289
0.33517354415950745,0.34520712915122415,-0.34520712915122415
0.33529855853629204,0.34534387665391286,-0.34534387665391286
0.3354235729130767,0.34548063390829714,-0.34548063390829714
0.33554858728986126,0.34561740091968113,-0.34561740091968113
0.33567360166664584,0.3457541776933715,-0.3457541776933715
0.3357986160434304,0.34589096423467713,-0.34589096423467713
0.33592363042021506,0.3460277605489094,-0.3460277605489094
0.33604864479699964,0.3461645666413816,-0.3461645666413816
0.3361736591737842,0.34630138251740983,-0.34630138251740983
0.33629867355056886,0.3464382081823122,-0.3464382081823122
0.33642368792735344,0.3465750436414091,-0.3465750436414091
0.336548702304138,0.3467118889000236,-0.3467118889000236
0.3366737166809226,0.3468487439634807,-0.3468487439634807
0.33679873105770725,0.346985608837108,-0.346985608837108
0.33692374543449183,0.34712248352623526,-0.34712248352623526
0.3370487598112764,0.34725936803619467,-0.34725936803619467
0.337173774188061,0.3473962623723207,-0.3473962623723207
0.33729878856484563,0.3475331665399502,-0.3475331665399502
0.3374238029416302,0.3476700805444224,-0.3476700805444224
0.3375488173184148,0.3478070043910787,-0.3478070043910787
0.33767383169519943,0.3479439380852631,-0.3479439380852631
0.337798846071984,0.34808088163232165,-0.34808088163232165
0.3379238604487686,0.34821783503760295,-0.34821783503760295
0.3380488748255532,0.34835479830645794,-0.34835479830645794
0.3381738892023378,0.3484917714442399,-0.3484917714442399
0.3382989035791224,0.34862875445630426,-0.34862875445630426
0.338423917955907,0.3487657473480091,-0.3487657473480091
0.3385489323326916,0.3489027501247147,-0.3489027501247147
0.3386739467094762,0.3490397627917837,-0.3490397627917837
0.3387989610862608,0.34917678535458113,-0.34917678535458113
0.33892397546304537,0.3493138178184744,-0.3493138178184744
0.33904898983983,0.3494508601888333,-0.3494508601888333
0.3391740042166146,0.3495879124710299,-0.3495879124710299
0.33929901859339917,0.34972497467043856,-0.34972497467043856
0.3394240329701838,0.3498620467924363,-0.3498620467924363
0.3395490473469684,0.34999912884240225,-0.34999912884240225
0.339674061723753,0.3501362208257181,-0.3501362208257181
0.33979907610053756,0.3502733227477677,-0.3502733227477677
0.3399240904773222,0.35041043461393745,-0.35041043461393745
0.3400491048541068,0.350547556429616,-0.350547556429616
0.34017411923089136,0.35068468820019455,-0.35068468820019455
0.340299133607676,0.3508218299310666,-0.3508218299310666
0.3404241479844606,0.3509589816276279,-0.3509589816276279
0.34054916236124516,0.35109614329527683,-0.35109614329527683
0.34067417673802974,0.3512333149394139,-0.3512333149394139
0.3407991911148144,0.35137049656544234,-0.35137049656544234
0.34092420549159896,0.3515076881787674,-0.3515076881787674
0.34104921986838355,0.3516448897847969,-0.3516448897847969
0.3411742342451682,0.3517821013889413,-0.3517821013889413
0.34129924862195277,0.3519193229966129,-0.3519193229966129
0.34142426299873735,0.3520565546132268,-0.3520565546132268
0.34154927737552193,0.3521937962442005,-0.3521937962442005
0.34167429175230657,0.35233104789495384,-0.35233104789495384
0.34179930612909115,0.3524683095709089,-0.3524683095709089
0.34192432050587573,0.3526055812774904,-0.3526055812774904
0.34204933488266037,0.3527428630201255,-0.3527428630201255
0.34217434925944495,0.35288015480424334,-0.35288015480424334
0.34229936363622954,0.35301745663527606,-0.35301745663527606
0.3424243780130141,0.35315476851865785,-0.35315476851865785
0.34254939238979876,0.3532920904598254,-0.3532920904598254
0.34267440676658334,0.3534294224642178,-0.3534294224642178
0.3427994211433679,0.35356676453727665,-0.35356676453727665
0.3429244355201525,0.3537041166844459,-0.3537041166844459
0.34304944989693714,0.35384147891117196,-0.35384147891117196
0.3431744642737217,0.3539788512229035,-0.3539788512229035
0.3432994786505063,0.3541162336250919,-0.3541162336250919
0.34342449302729094,0.3542536261231909,-0.3542536261231909
0.3435495074040755,0.3543910287226564,-0.3543910287226564
0.3436745217808601,0.354528441428947,-0.354528441428947
0.3437995361576447,0.3546658642475238,-0.3546658642475238
0.34392455053442933,0.3548032971838502,-0.3548032971838502
0.3440495649112139,0.35494074024339184,-0.35494074024339184
0.3441745792879985,0.3550781934316172,-0.3550781934316172
0.34429959366478313,0.3552156567539971,-0.3552156567539971
0.3444246080415677,0.3553531302160045,-0.3553531302160045
0.3445496224183523,0.3554906138231152,-0.3554906138231152
0.3446746367951369,0.35562810758080715,-0.35562810758080715
0.3447996511719215,0.35576561149456115,-0.35576561149456115
0.3449246655487061,0.35590312556986,-0.35590312556986
0.3450496799254907,0.3560406498121891,-0.3560406498121891
0.3451746943022753,0.3561781842270365,-0.3561781842270365
0.3452997086790599,0.35631572881989254,-0.35631572881989254
0.3454247230558445,0.35645328359625,-0.35645328359625
0.34554973743262907,0.3565908485616042,-0.3565908485616042
0.3456747518094137,0.35672842372145297,-0.35672842372145297
0.3457997661861983,0.35686600908129645,-0.35686600908129645
0.34592478056298287,0.35700360464663733,-0.35700360464663733
0.3460497949397675,0.35714121042298097,-0.35714121042298097
0.3461748093165521,0.35727882641583475,-0.35727882641583475
0.3462998236933367,0.357416452630709,-0.357416452630709
0.34642483807012125,0.35755408907311614,-0.35755408907311614
0.3465498524469059,0.35769173574857155,-0.35769173574857155
0.3466748668236905,0.3578293926625925,-0.3578293926625925
0.34679988120047506,0.35796705982069915,-0.35796705982069915
0.3469248955772597,0.3581047372284141,-0.3581047372284141
0.3470499099540443,0.35824242489126235,-0.35824242489126235
0.34717492433082886,0.3583801228147713,-0.3583801228147713
0.34729993870761344,0.35851783100447104,-0.35851783100447104
0.3474249530843981,0.3586555494658942,-0.3586555494658942
0.34754996746118266,0.3587932782045755,-0.3587932782045755
0.34767498183796725,0.3589310172260527,-0.3589310172260527
0.3477999962147519,0.3590687665358657,-0.3590687665358657
0.34792501059153647,0.35920652613955695,-0.35920652613955695
0.34805002496832105,0.3593442960426715,-0.3593442960426715
0.34817503934510563,0.3594820762507569,-0.3594820762507569
0.34830005372189027,0.3596198667693632,-0.3596198667693632
0.34842506809867485,0.35975766760404276,-0.35975766760404276
0.34855008247545943,0.3598954787603508,-0.3598954787603508
0.348675096852244,0.36003330024384467,-0.36003330024384467
0.34880011122902865,0.3601711320600848,-0.3601711320600848
0.34892512560581324,0.3603089742146334,-0.3603089742146334
0.3490501399825978,0.3604468267130558,-0.3604468267130558
0.34917515435938246,0.36058468956091966,-0.36058468956091966
0.34930016873616704,0.36072256276379505,-0.36072256276379505
0.3494251831129516,0.3608604463272546,-0.3608604463272546
0.3495501974897362,0.36099834025687366,-0.36099834025687366
0.34967521186652084,0.36113624455823,-0.36113624455823
0.3498002262433054,0.3612741592369038,-0.3612741592369038
0.34992524062009,0.36141208429847793,-0.36141208429847793
0.35005025499687464,0.36155001974853773,-0.36155001974853773
0.3501752693736592,0.361687965592671,-0.361687965592671
0.3503002837504438,0.36182592183646833,-0.36182592183646833
0.3504252981272284,0.36196388848552263,-0.36196388848552263
0.35055031250401303,0.3621018655454295,-0.3621018655454295
0.3506753268807976,0.36223985302178685,-0.36223985302178685
0.3508003412575822,0.3623778509201955,-0.3623778509201955
0.35092535563436683,0.36251585924625845,-0.36251585924625845
0.3510503700111514,0.36265387800558146,-0.36265387800558146
0.351175384387936,0.36279190720377286,-0.36279190720377286
0.3513003987647206,0.3629299468464435,-0.3629299468464435
0.3514254131415052,0.36306799693920677,-0.36306799693920677
0.3515504275182898,0.3632060574876786,-0.3632060574876786
0.3516754418950744,0.3633441284974775,-0.3633441284974775
0.351800456271859,0.36348220997422465,-0.36348220997422465
0.3519254706486436,0.3636203019235436,-0.3636203019235436
0.3520504850254282,0.3637584043510606,-0.3637584043510606
0.35217549940221277,0.3638965172624045,-0.3638965172624045
0.3523005137789974,0.3640346406632068,-0.3640346406632068
0.352425528155782,0.3641727745591012,-0.3641727745591012
0.35255054253256657,0.3643109189557243,-0.3643109189557243
0.3526755569093512,0.3644490738587154,-0.3644490738587154
0.3528005712861358,0.3645872392737159,-0.3645872392737159
0.35292558566292037,0.36472541520637025,-0.36472541520637025
0.35305060003970495,0.36486360166232534,-0.36486360166232534
0.3531756144164896,0.3650017986472307,-0.3650017986472307
0.3533006287932742,0.36514000616673814,-0.36514000616673814
0.35342564317005876,0.3652782242265024,-0.3652782242265024
0.3535506575468434,0.3654164528321808,-0.3654164528321808
0.353675671923628,0.36555469198943313,-0.36555469198943313
0.35380068630041256,0.36569294170392175,-0.36569294170392175
0.35392570067719714,0.3658312019813118,-0.3658312019813118
0.3540507150539818,0.3659694728272709,-0.3659694728272709
0.35417572943076636,0.36610775424746916,-0.36610775424746916
0.35430074380755094,0.3662460462475796,-0.3662460462475796
0.3544257581843355,0.36638434883327764,-0.36638434883327764
0.35455077256112016,0.3665226620102413,-0.3665226620102413
0.35467578693790475,0.36666098578415135,-0.36666098578415135
0.35480080131468933,0.36679932016069106,-0.36679932016069106
0.35492581569147397,0.3669376651455463,-0.3669376651455463
0.35505083006825855,0.3670760207444057,-0.3670760207444057
0.35517584444504313,0.3672143869629604,-0.3672143869629604
0.3553008588218277,0.36735276380690407,-0.36735276380690407
0.35542587319861235,0.3674911512819334,-0.3674911512819334
0.35555088757539693,0.3676295493937472,-0.3676295493937472
0.3556759019521815,0.36776795814804725,-0.36776795814804725
0.35580091632896615,0.3679063775505379,-0.3679063775505379
0.35592593070575074,0.368044807606926,-0.368044807606926
0.3560509450825353,0.3681832483229212,-0.3681832483229212
0.3561759594593199,0.3683216997042357,-0.3683216997042357
0.35630097383610454,0.36846016175658447,-0.36846016175658447
0.3564259882128891,0.36859863448568486,-0.36859863448568486
0.3565510025896737,0.36873711789725716,-0.36873711789725716
0.35667601696645834,0.3688756119970242,-0.3688756119970242
0.3568010313432429,0.3690141167907113,-0.3690141167907113
0.3569260457200275,0.36915263228404666,-0.36915263228404666
0.3570510600968121,0.369291158482761,-0.369291158482761
0.3571760744735967,0.3694296953925879,-0.3694296953925879
0.3573010888503813,0.3695682430192633,-0.3695682430192633
0.3574261032271659,0.3697068013685259,-0.3697068013685259
0.35755111760395053,0.3698453704461173,-0.3698453704461173
0.3576761319807351,0.36998395025778147,-0.36998395025778147
0.3578011463575197,0.3701225408092651,-0.3701225408092651
0.3579261607343043,0.37026114210631766,-0.37026114210631766
0.3580511751110889,0.3703997541546913,-0.3703997541546913
0.3581761894878735,0.37053837696014064,-0.37053837696014064
0.3583012038646581,0.3706770105284233,-0.3706770105284233
0.3584262182414427,0.37081565486529927,-0.37081565486529927
0.3585512326182273,0.3709543099765314,-0.3709543099765314
0.3586762469950119,0.37109297586788503,-0.37109297586788503
0.35880126137179646,0.3712316525451285,-0.3712316525451285
0.3589262757485811,0.3713703400140328,-0.3713703400140328
0.3590512901253657,0.3715090382803711,-0.3715090382803711
0.35917630450215027,0.3716477473499199,-0.3716477473499199
0.3593013188789349,0.37178646722845804,-0.37178646722845804
0.3594263332557195,0.3719251979217672,-0.3719251979217672
0.35955134763250407,0.37206393943563165,-0.37206393943563165
0.35967636200928865,0.3722026917758384,-0.3722026917758384
0.3598013763860733,0.3723414549481774,-0.3723414549481774
0.3599263907628579,0.37248022895844085,-0.37248022895844085
0.36005140513964246,0.3726190138124239,-0.3726190138124239
0.3601764195164271,0.3727578095159246,-0.3727578095159246
0.3603014338932117,0.3728966160747432,-0.3728966160747432
0.36042644826999626,0.37303543349468327,-0.37303543349468327
0.36055146264678084,0.37317426178155066,-0.37317426178155066
0.3606764770235655,0.3733131009411542,-0.3733131009411542
0.36080149140035006,0.37345195097930517,-0.37345195097930517
0.36092650577713464,0.3735908119018178,-0.3735908119018178
0.3610515201539192,0.37372968371450904,-0.37372968371450904
0.36117653453070386,0.37386856642319855,-0.37386856642319855
0.36130154890748845,0.37400746003370844,-0.37400746003370844
0.36142656328427303,0.3741463645518639,-0.3741463645518639
0.36155157766105767,0.3742852799834928,-0.3742852799834928
0.36167659203784225,0.37442420633442564,-0.37442420633442564
0.36180160641462683,0.37456314361049564,-0.37456314361049564
0.3619266207914114,0.3747020918175389,-0.3747020918175389
0.36205163516819605,0.3748410509613942,-0.3748410509613942
0.36217664954498063,0.37498002104790296,-0.37498002104790296
0.3623016639217652,0.3751190020829095,-0.3751190020829095
0.36242667829854985,0.3752579940722609,-0.3752579940722609
0.36255169267533444,0.3753969970218068,-0.3753969970218068
0.362676707052119,0.37553601093739974,-0.37553601093739974
0.3628017214289036,0.37567503582489503,-0.37567503582489503
0.36292673580568824,0.37581407169015074,-0.37581407169015074
0.3630517501824728,0.3759531185390275,-0.3759531185390275
0.3631767645592574,0.37609217637738906,-0.37609217637738906
0.36330177893604204,0.3762312452111017,-0.3762312452111017
0.3634267933128266,0.3763703250460344,-0.3763703250460344
0.3635518076896112,0.376509415888059,-0.376509415888059
0.3636768220663958,0.37664851774305025,-0.37664851774305025
0.3638018364431804,0.37678763061688564,-0.37678763061688564
0.363926850819965,0.37692675451544505,-0.37692675451544505
0.3640518651967496,0.3770658894446118,-0.3770658894446118
0.36417687957353423,0.37720503541027134,-0.37720503541027134
0.3643018939503188,0.3773441924183123,-0.3773441924183123
0.3644269083271034,0.37748336047462605,-0.37748336047462605
0.364551922703888,0.3776225395851066,-0.3776225395851066
0.3646769370806726,0.37776172975565103,-0.37776172975565103
0.3648019514574572,0.3779009309921587,-0.3779009309921587
0.3649269658342418,0.37804014330053237,-0.37804014330053237
0.3650519802110264,0.37817936668667723,-0.37817936668667723
0.365176994587811,0.37831860115650134,-0.37831860115650134
0.3653020089645956,0.3784578467159156,-0.3784578467159156
0.36542702334138016,0.37859710337083363,-0.37859710337083363
0.3655520377181648,0.37873637112717207,-0.37873637112717207
0.3656770520949494,0.37887564999085005,-0.37887564999085005
0.36580206647173397,0.37901493996778973,-0.37901493996778973
0.3659270808485186,0.37915424106391615,-0.37915424106391615
0.3660520952253032,0.37929355328515685,-0.37929355328515685
0.36617710960208777,0.3794328766374425,-0.3794328766374425
0.36630212397887235,0.37957221112670647,-0.37957221112670647
0.366427138355657,0.3797115567588851,-0.3797115567588851
0.36655215273244157,0.3798509135399171,-0.3798509135399171
0.36667716710922615,0.37999028147574465,-0.37999028147574465
0.36680218148601074,0.3801296605723122,-0.3801296605723122
0.3669271958627954,0.3802690508355674,-0.3802690508355674
0.36705221023957996,0.38040845227146053,-0.38040845227146053
0.36717722461636454,0.3805478648859447,-0.3805478648859447
0.3673022389931492,0.38068728868497625,-0.38068728868497625
0.36742725336993376,0.38082672367451365,-0.38082672367451365
0.36755226774671834,0.3809661698605189,-0.3809661698605189
0.3676772821235029,0.3811056272489563,-0.3811056272489563
0.36780229650028756,0.3812450958457936,-0.3812450958457936
0.36792731087707214,0.3813845756570007,-0.3813845756570007
0.3680523252538567,0.38152406668855093,-0.38152406668855093
0.36817733963064136,0.38166356894642023,-0.38166356894642023
0.36830235400742595,0.3818030824365873,-0.3818030824365873
0.36842736838421053,0.38194260716503386,-0.38194260716503386
0.3685523827609951,0.3820821431377446,-0.3820821431377446
0.36867739713777975,0.3822216903607068,-0.3822216903607068
0.36880241151456433,0.38236124883991074,-0.38236124883991074
0.3689274258913489,0.3825008185813496,-0.3825008185813496
0.36905244026813355,0.3826403995910194,-0.3826403995910194
0.36917745464491813,0.38277999187491896,-0.38277999187491896
0.3693024690217027,0.38291959543905013,-0.38291959543905013
0.3694274833984873,0.38305921028941753,-0.38305921028941753
0.36955249777527194,0.38319883643202873,-0.38319883643202873
0.3696775121520565,0.38333847387289405,-0.38333847387289405
0.3698025265288411,0.38347812261802683,-0.38347812261802683
0.36992754090562574,0.38361778267344326,-0.38361778267344326
0.3700525552824103,0.3837574540451624,-0.3837574540451624
0.3701775696591949,0.3838971367392063,-0.3838971367392063
0.3703025840359795,0.3840368307615997,-0.3840368307615997
0.3704275984127641,0.38417653611837055,-0.38417653611837055
0.3705526127895487,0.3843162528155492,-0.3843162528155492
0.3706776271663333,0.3844559808591695,-0.3844559808591695
0.37080264154311793,0.3845957202552679,-0.3845957202552679
0.3709276559199025,0.3847354710098836,-0.3847354710098836
0.3710526702966871,0.38487523312905897,-0.38487523312905897
0.3711776846734717,0.38501500661883925,-0.38501500661883925
0.3713026990502563,0.38515479148527265,-0.38515479148527265
0.3714277134270409,0.38529458773441,-0.38529458773441
0.3715527278038255,0.3854343953723054,-0.3854343953723054
0.3716777421806101,0.38557421440501566,-0.38557421440501566
0.3718027565573947,0.3857140448386005,-0.3857140448386005
0.3719277709341793,0.3858538866791228,-0.3858538866791228
0.37205278531096386,0.3859937399326481,-0.3859937399326481
0.3721777996877485,0.3861336046052451,-0.3861336046052451
0.3723028140645331,0.3862734807029852,-0.3862734807029852
0.37242782844131767,0.38641336823194283,-0.38641336823194283
0.37255284281810225,0.38655326719819555,-0.38655326719819555
0.3726778571948869,0.3866931776078236,-0.3866931776078236
0.37280287157167147,0.38683309946691025,-0.38683309946691025
0.37292788594845605,0.3869730327815417,-0.3869730327815417
0.3730529003252407,0.38711297755780727,-0.38711297755780727
0.37317791470202527,0.38725293380179887,-0.38725293380179887
0.37330292907880985,0.3873929015196117,-0.3873929015196117
0.37342794345559444,0.38753288071734376,-0.38753288071734376
0.3735529578323791,0.3876728714010961,-0.3876728714010961
0.37367797220916366,0.3878128735769726,-0.3878128735769726
0.37380298658594824,0.3879528872510801,-0.3879528872510801
0.3739280009627329,0.3880929124295288,-0.3880929124295288
0.37405301533951746,0.38823294911843115,-0.38823294911843115
0.37417802971630204,0.3883729973239032,-0.3883729973239032
0.3743030440930866,0.3885130570520637,-0.3885130570520637
0.37442805846987126,0.3886531283090344,-0.3886531283090344
0.37455307284665584,0.38879321110094006,-0.38879321110094006
0.3746780872234404,0.3889333054339083,-0.3889333054339083
0.37480310160022506,0.3890734113140701,-0.3890734113140701
0.37492811597700965,0.3892135287475588,-0.3892135287475588
0.37505313035379423,0.3893536577405114,-0.3893536577405114
0.3751781447305788,0.38949379829906733,-0.38949379829906733
0.37530315910736345,0.3896339504293694,-0.3896339504293694
0.37542817348414803,0.38977411413756313,-0.38977411413756313
0.3755531878609326,0.38991428942979733,-0.38991428942979733
0.37567820223771725,0.39005447631222356,-0.39005447631222356
0.37580321661450183,0.3901946747909965,-0.3901946747909965
0.3759282309912864,0.3903348848722739,-0.3903348848722739
0.376053245368071,0.39047510656221623,-0.39047510656221623
0.37617825974485564,0.3906153398669874,-0.3906153398669874
0.3763032741216402,0.3907555847927539,-0.3907555847927539
0.3764282884984248,0.3908958413456855,-0.3908958413456855
0.37655330287520944,0.39103610953195506,-0.39103610953195506
0.376678317251994,0.39117638935773813,-0.39117638935773813
0.3768033316287786,0.39131668082921356,-0.39131668082921356
0.3769283460055632,0.3914569839525631,-0.3914569839525631
0.3770533603823478,0.39159729873397175,-0.39159729873397175
0.3771783747591324,0.3917376251796271,-0.3917376251796271
0.377303389135917,0.3918779632957202,-0.3918779632957202
0.3774284035127016,0.3920183130884449,-0.3920183130884449
0.3775534178894862,0.3921586745639982,-0.3921586745639982
0.3776784322662708,0.39229904772858004,-0.39229904772858004
0.3778034466430554,0.3924394325883935,-0.3924394325883935
0.37792846101984,0.3925798291496447,-0.3925798291496447
0.3780534753966246,0.3927202374185426,-0.3927202374185426
0.3781784897734092,0.3928606574012995,-0.3928606574012995
0.37830350415019376,0.3930010891041306,-0.3930010891041306
0.3784285185269784,0.3931415325332543,-0.3931415325332543
0.378553532903763,0.39328198769489175,-0.39328198769489175
0.37867854728054756,0.3934224545952675,-0.3934224545952675
0.3788035616573322,0.393562933240609,-0.393562933240609
0.3789285760341168,0.39370342363714667,-0.39370342363714667
0.37905359041090136,0.3938439257911142,-0.3938439257911142
0.37917860478768595,0.39398443970874825,-0.39398443970874825
0.3793036191644706,0.3941249653962886,-0.3941249653962886
0.37942863354125517,0.394265502859978,-0.394265502859978
0.37955364791803975,0.3944060521060624,-0.3944060521060624
0.3796786622948244,0.39454661314079076,-0.39454661314079076
0.37980367667160897,0.3946871859704151,-0.3946871859704151
0.37992869104839355,0.39482777060119056,-0.39482777060119056
0.38005370542517813,0.3949683670393754,-0.3949683670393754
0.3801787198019628,0.395108975291231,-0.395108975291231
0.38030373417874735,0.3952495953630217,-0.3952495953630217
0.38042874855553194,0.395390227261015,-0.395390227261015
0.3805537629323166,0.39553087099148165,-0.39553087099148165
0.38067877730910116,0.3956715265606952,-0.3956715265606952
0.38080379168588574,0.3958121939749325,-0.3958121939749325
0.3809288060626703,0.3959528732404735,-0.3959528732404735
0.38105382043945496,0.39609356436360127,-0.39609356436360127
0.38117883481623954,0.3962342673506019,-0.3962342673506019
0.3813038491930241,0.3963749822077647,-0.3963749822077647
0.38142886356980876,0.39651570894138194,-0.39651570894138194
0.38155387794659334,0.39665644755774915,-0.39665644755774915
0.3816788923233779,0.396797198063165,-0.396797198063165
0.3818039067001625,0.39693796046393115,-0.39693796046393115
0.38192892107694715,0.3970787347663526,-0.3970787347663526
0.38205393545373173,0.39721952097673713,-0.39721952097673713
0.3821789498305163,0.397360319101396,-0.397360319101396
0.38230396420730095,0.3975011291466436,-0.3975011291466436
0.38242897858408553,0.397641951118797,-0.397641951118797
0.3825539929608701,0.39778278502417697,-0.39778278502417697
0.3826790073376547,0.39792363086910715,-0.39792363086910715
0.38280402171443934,0.3980644886599144,-0.3980644886599144
0.3829290360912239,0.39820535840292864,-0.39820535840292864
0.3830540504680085,0.3983462401044829,-0.3983462401044829
0.38317906484479314,0.3984871337709136,-0.3984871337709136
0.3833040792215777,0.3986280394085602,-0.3986280394085602
0.3834290935983623,0.39876895702376514,-0.39876895702376514
0.3835541079751469,0.39890988662287424,-0.39890988662287424
0.3836791223519315,0.3990508282122365,-0.3990508282122365
0.3838041367287161,0.3991917817982038,-0.3991917817982038
0.3839291511055007,0.39933274738713154,-0.39933274738713154
0.38405416548228527,0.39947372498537814,-0.39947372498537814
0.3841791798590699,0.3996147145993052,-0.3996147145993052
0.3843041942358545,0.3997557162352774,-0.3997557162352774
0.3844292086126391,0.3998967298996628,-0.3998967298996628
0.3845542229894237,0.4000377555988324,-0.4000377555988324
0.3846792373662083,0.4001787933391607,-0.4001787933391607
0.3848042517429929,0.400319843127025,-0.400319843127025
0.38492926611977746,0.4004609049688061,-0.4004609049688061
0.3850542804965621,0.40060197887088794,-0.40060197887088794
0.3851792948733467,0.40074306483965755,-0.40074306483965755
0.38530430925013126,0.40088416288150514,-0.40088416288150514
0.3854293236269159,0.4010252730028243,-0.4010252730028243
0.3855543380037005,0.40116639521001163,-0.40116639521001163
0.38567935238048506,0.401307529509467,-0.401307529509467
0.38580436675726965,0.40144867590759364,-0.40144867590759364
0.3859293811340543,0.4015898344107978,-0.4015898344107978
0.38605439551083887,0.401731005025489,-0.401731005025489
0.38617940988762345,0.4018721877580799,-0.4018721877580799
0.3863044242644081,0.40201338261498654,-0.40201338261498654
0.38642943864119267,0.4021545896026281,-0.4021545896026281
0.38655445301797725,0.402295808727427,-0.402295808727427
0.38667946739476183,0.40243703999580877,-0.40243703999580877
0.38680448177154647,0.4025782834142025,-0.4025782834142025
0.38692949614833105,0.40271953898904,-0.40271953898904
0.38705451052511564,0.4028608067267568,-0.4028608067267568
0.3871795249019003,0.40300208663379145,-0.40300208663379145
0.38730453927868486,0.4031433787165856,-0.4031433787165856
0.38742955365546944,0.40328468298158454,-0.40328468298158454
0.387554568032254,0.4034259994352364,-0.4034259994352364
0.38767958240903866,0.4035673280839928,-0.4035673280839928
0.38780459678582324,0.40370866893430857,-0.40370866893430857
0.3879296111626078,0.4038500219926417,-0.4038500219926417
0.38805462553939246,0.4039913872654536,-0.4039913872654536
0.38817963991617704,0.4041327647592087,-0.4041327647592087
0.3883046542929616,0.40427415448037485,-0.40427415448037485
0.3884296686697462,0.40441555643542326,-0.40441555643542326
0.38855468304653085,0.4045569706308283,-0.4045569706308283
0.38867969742331543,0.40469839707306754,-0.40469839707306754
0.3888047118001,0.40483983576862187,-0.40483983576862187
0.38892972617688465,0.4049812867239756,-0.4049812867239756
0.38905474055366923,0.4051227499456161,-0.4051227499456161
0.3891797549304538,0.4052642254400341,-0.4052642254400341
0.3893047693072384,0.40540571321372376,-0.40540571321372376
0.38942978368402303,0.4055472132731823,-0.4055472132731823
0.3895547980608076,0.40568872562491043,-0.40568872562491043
0.3896798124375922,0.40583025027541186,-0.40583025027541186
0.38980482681437684,0.40597178723119404,-0.40597178723119404
0.3899298411911614,0.4061133364987673,-0.4061133364987673
0.390054855567946,0.40625489808464543,-0.40625489808464543
0.3901798699447306,0.4063964719953457,-0.4063964719953457
0.3903048843215152,0.40653805823738837,-0.40653805823738837
0.3904298986982998,0.40667965681729723,-0.40667965681729723
0.3905549130750844,0.40682126774159927,-0.40682126774159927
0.39067992745186897,0.40696289101682487,-0.40696289101682487
0.3908049418286536,0.4071045266495077,-0.4071045266495077
0.3909299562054382,0.40724617464618473,-0.40724617464618473
0.39105497058222277,0.40738783501339626,-0.40738783501339626
0.3911799849590074,0.40752950775768604,-0.40752950775768604
0.391304999335792,0.4076711928856008,-0.4076711928856008
0.3914300137125766,0.407812890403691,-0.407812890403691
0.39155502808936116,0.4079546003185103,-0.4079546003185103
0.3916800424661458,0.40809632263661566,-0.40809632263661566
0.3918050568429304,0.40823805736456725,-0.40823805736456725
0.39193007121971496,0.4083798045089288,-0.4083798045089288
0.3920550855964996,0.4085215640762674,-0.4085215640762674
0.3921800999732842,0.40866333607315325,-0.40866333607315325
0.39230511435006876,0.40880512050616014,-0.40880512050616014
0.39243012872685334,0.4089469173818651,-0.4089469173818651
0.392555143103638,0.4090887267068486,-0.4090887267068486
0.39268015748042256,0.40923054848769425,-0.40923054848769425
0.39280517185720715,0.4093723827309893,-0.4093723827309893
0.3929301862339918,0.4095142294433242,-0.4095142294433242
0.39305520061077637,0.40965608863129294,-0.40965608863129294
0.39318021498756095,0.4097979603014925,-0.4097979603014925
0.39330522936434553,0.40993984446052373,-0.40993984446052373
0.39343024374113017,0.41008174111499057,-0.41008174111499057
0.39355525811791475,0.41022365027150026,-0.41022365027150026
0.39368027249469933,0.4103655719366637,-0.4103655719366637
0.393805286871484,0.41050750611709486,-0.41050750611709486
0.39393030124826856,0.41064945281941145,-0.41064945281941145
0.39405531562505314,0.41079141205023423,-0.41079141205023423
0.3941803300018377,0.41093338381618755,-0.41093338381618755
0.39430534437862236,0.4110753681238992,-0.4110753681238992
0.39443035875540694,0.41121736498000017,-0.41121736498000017
0.3945553731321915,0.411359374391125,-0.411359374391125
0.39468038750897616,0.4115013963639117,-0.4115013963639117
0.39480540188576074,0.41164343090500144,-0.41164343090500144
0.3949304162625453,0.41178547802103893,-0.41178547802103893
0.3950554306393299,0.41192753771867247,-0.41192753771867247
0.39518044501611455,0.4120696100045536,-0.4120696100045536
0.39530545939289913,0.41221169488533715,-0.41221169488533715
0.3954304737696837,0.4123537923676816,-0.4123537923676816
0.39555548814646835,0.41249590245824896,-0.41249590245824896
0.39568050252325293,0.4126380251637042,-0.4126380251637042
0.3958055169000375,0.4127801604907161,-0.4127801604907161
0.3959305312768221,0.41292230844595684,-0.41292230844595684
0.39605554565360673,0.413064469036102,-0.413064469036102
0.3961805600303913,0.41320664226783044,-0.41320664226783044
0.3963055744071759,0.41334882814782475,-0.41334882814782475
0.3964305887839605,0.41349102668277077,-0.41349102668277077
0.3965556031607451,0.41363323787935785,-0.41363323787935785
0.3966806175375297,0.41377546174427876,-0.41377546174427876
0.3968056319143143,0.41391769828422964,-0.41391769828422964
0.3969306462910989,0.41405994750591035,-0.41405994750591035
0.3970556606678835,0.41420220941602404,-0.41420220941602404
0.3971806750446681,0.4143444840212772,-0.4143444840212772
0.39730568942145267,0.41448677132837997,-0.41448677132837997
0.3974307037982373,0.41462907134404603,-0.41462907134404603
0.3975557181750219,0.4147713840749923,-0.4147713840749923
0.39768073255180647,0.41491370952793927,-0.41491370952793927
0.3978057469285911,0.415056047709611,-0.415056047709611
0.3979307613053757,0.41519839862673485,-0.41519839862673485
0.3980557756821603,0.4153407622860419,-0.4153407622860419
0.39818079005894486,0.41548313869426645,-0.41548313869426645
0.3983058044357295,0.41562552785814655,-0.41562552785814655
0.3984308188125141,0.41576792978442345,-0.41576792978442345
0.39855583318929866,0.4159103444798422,-0.4159103444798422
0.3986808475660833,0.41605277195115126,-0.41605277195115126
0.3988058619428679,0.41619521220510236,-0.41619521220510236
0.39893087631965246,0.4163376652484511,-0.4163376652484511
0.39905589069643704,0.41648013108795623,-0.41648013108795623
0.3991809050732217,0.41662260973038034,-0.41662260973038034
0.39930591945000626,0.4167651011824893,-0.4167651011824893
0.39943093382679085,0.4169076054510526,-0.4169076054510526
0.3995559482035755,0.4170501225428432,-0.4170501225428432
0.39968096258036007,0.4171926524646376,-0.4171926524646376
0.39980597695714465,0.41733519522321577,-0.41733519522321577
0.39993099133392923,0.4174777508253614,-0.4174777508253614
0.40005600571071387,0.41762031927786164,-0.41762031927786164
0.40018102008749845,0.41776290058750687,-0.41776290058750687
0.40030603446428303,0.4179054947610914,-0.4179054947610914
0.40043104884106767,0.41804810180541296,-0.41804810180541296
0.40055606321785225,0.4181907217272727,-0.4181907217272727
0.40068107759463684,0.4183333545334755,-0.4183333545334755
0.4008060919714214,0.41847600023082954,-0.41847600023082954
0.40093110634820606,0.418618658826147,-0.418618658826147
0.40105612072499064,0.418761330326243,-0.418761330326243
0.4011811351017752,0.4189040147379368,-0.4189040147379368
0.40130614947855986,0.41904671206805094,-0.41904671206805094
0.40143116385534444,0.4191894223234114,-0.4191894223234114
0.401556178232129,0.41933214551084796,-0.41933214551084796
0.4016811926089136,0.4194748816371939,-0.4194748816371939
0.40180620698569824,0.4196176307092861,-0.4196176307092861
0.4019312213624828,0.41976039273396487,-0.41976039273396487
0.4020562357392674,0.4199031677180743,-0.4199031677180743
0.402181250116052,0.4200459556684619,-0.4200459556684619
0.40230626449283663,0.42018875659197896,-0.42018875659197896
0.4024312788696212,0.4203315704954802,-0.4203315704954802
0.4025562932464058,0.4204743973858238,-0.4204743973858238
0.40268130762319043,0.42061723726987194,-0.42061723726987194
0.402806321999975,0.42076009015449,-0.42076009015449
0.4029313363767596,0.42090295604654715,-0.42090295604654715
0.4030563507535442,0.42104583495291614,-0.42104583495291614
0.4031813651303288,0.42118872688047343,-0.42118872688047343
0.4033063795071134,0.4213316318360988,-0.4213316318360988
0.403431393883898,0.4214745498266759,-0.4214745498266759
0.4035564082606826,0.421617480859092,-0.421617480859092
0.4036814226374672,0.4217604249402378,-0.4217604249402378
0.4038064370142518,0.4219033820770077,-0.4219033820770077
0.40393145139103637,0.4220463522762999,-0.4220463522762999
0.404056465767821,0.4221893355450161,-0.4221893355450161
0.4041814801446056,0.42233233189006136,-0.42233233189006136
0.40430649452139017,0.42247534131834485,-0.42247534131834485
0.4044315088981748,0.4226183638367792,-0.4226183638367792
0.4045565232749594,0.4227613994522805,-0.4227613994522805
0.40468153765174397,0.4229044481717686,-0.4229044481717686
0.40480655202852855,0.4230475100021671,-0.4230475100021671
0.4049315664053132,0.4231905849504033,-0.4231905849504033
0.4050565807820978,0.42333367302340774,-0.42333367302340774
0.40518159515888236,0.4234767742281152,-0.4234767742281152
0.405306609535667,0.4236198885714636,-0.4236198885714636
0.4054316239124516,0.4237630160603948,-0.4237630160603948
0.40555663828923616,0.4239061567018543,-0.4239061567018543
0.40568165266602074,0.4240493105027912,-0.4240493105027912
0.4058066670428054,0.42419247747015837,-0.42419247747015837
0.40593168141958996,0.42433565761091224,-0.42433565761091224
0.40605669579637454,0.424478850932013,-0.424478850932013
0.4061817101731592,0.42462205744042447,-0.42462205744042447
0.40630672454994377,0.42476527714311424,-0.42476527714311424
0.40643173892672835,0.42490851004705343,-0.42490851004705343
0.40655675330351293,0.42505175615921703,-0.42505175615921703
0.40668176768029757,0.4251950154865836,-0.4251950154865836
0.40680678205708215,0.42533828803613544,-0.42533828803613544
0.40693179643386673,0.42548157381485846,-0.42548157381485846
0.40705681081065137,0.42562487282974265,-0.42562487282974265
0.40718182518743595,0.4257681850877811,-0.4257681850877811
0.40730683956422054,0.4259115105959711,-0.4259115105959711
0.4074318539410051,0.4260548493613134,-0.4260548493613134
0.40755686831778976,0.4261982013908126,-0.4261982013908126
0.40768188269457434,0.42634156669147694,-0.42634156669147694
0.4078068970713589,0.4264849452703184,-0.4264849452703184
0.4079319114481435,0.4266283371343527,-0.4266283371343527
0.40805692582492814,0.42677174229059944,-0.42677174229059944
0.4081819402017127,0.42691516074608155,-0.42691516074608155
0.4083069545784973,0.427058592507826,-0.427058592507826
0.40843196895528194,0.4272020375828636,-0.4272020375828636
0.4085569833320665,0.4273454959782286,-0.4273454959782286
0.4086819977088511,0.42748896770095907,-0.42748896770095907
0.4088070120856357,0.427632452758097,-0.427632452758097
0.40893202646242033,0.42777595115668815,-0.42777595115668815
0.4090570408392049,0.42791946290378163,-0.42791946290378163
0.4091820552159895,0.4280629880064308,-0.4280629880064308
0.40930706959277413,0.42820652647169244,-0.42820652647169244
0.4094320839695587,0.42835007830662736,-0.42835007830662736
0.4095570983463433,0.42849364351829977,-0.42849364351829977
0.4096821127231279,0.4286372221137781,-0.4286372221137781
0.4098071270999125,0.42878081410013436,-0.42878081410013436
0.4099321414766971,0.42892441948444404,-0.42892441948444404
0.4100571558534817,0.4290680382737869,-0.4290680382737869
0.4101821702302663,0.42921167047524633,-0.42921167047524633
0.4103071846070509,0.42935531609590927,-0.42935531609590927
0.4104321989838355,0.4294989751428666,-0.4294989751428666
0.41055721336062007,0.42964264762321314,-0.42964264762321314
0.4106822277374047,0.4297863335440473,-0.4297863335440473
0.4108072421141893,0.4299300329124715,-0.4299300329124715
0.41093225649097387,0.43007374573559165,-0.43007374573559165
0.4110572708677585,0.43021747202051774,-0.43021747202051774
0.4111822852445431,0.4303612117743635,-0.4303612117743635
0.41130729962132767,0.4305049650042464,-0.4305049650042464
0.41143231399811225,0.43064873171728785,-0.43064873171728785
0.4115573283748969,0.43079251192061296,-0.43079251192061296
0.4116823427516815,0.43093630562135066,-0.43093630562135066
0.41180735712846606,0.4310801128266338,-0.4310801128266338
0.4119323715052507,0.43122393354359906,-0.43122393354359906
0.4120573858820353,0.4313677677793869,-0.4313677677793869
0.41218240025881986,0.43151161554114154,-0.43151161554114154
0.41230741463560444,0.43165547683601113,-0.43165547683601113
0.4124324290123891,0.4317993516711478,-0.4317993516711478
0.41255744338917366,0.43194324005370727,-0.43194324005370727
0.41268245776595824,0.4320871419908492,-0.4320871419908492
0.4128074721427429,0.43223105748973717,-0.43223105748973717
0.41293248651952746,0.43237498655753853,-0.43237498655753853
0.41305750089631205,0.43251892920142454,-0.43251892920142454
0.41318251527309663,0.4326628854285703,-0.4326628854285703
0.41330752964988127,0.43280685524615486,-0.43280685524615486
0.41343254402666585,0.4329508386613609,-0.4329508386613609
0.41355755840345043,0.4330948356813753,-0.4330948356813753
0.41368257278023507,0.4332388463133886,-0.4332388463133886
0.41380758715701965,0.43338287056459524,-0.43338287056459524
0.41393260153380423,0.43352690844219355,-0.43352690844219355
0.4140576159105888,0.43367095995338584,-0.43367095995338584
0.41418263028737345,0.4338150251053782,-0.4338150251053782
0.41430764466415804,0.4339591039053806,-0.4339591039053806
0.4144326590409426,0.43410319636060707,-0.43410319636060707
0.4145576734177272,0.4342473024782753,-0.4342473024782753
0.41468268779451184,0.4343914222656072,-0.4343914222656072
0.4148077021712964,0.43453555572982805,-0.43453555572982805
0.414932716548081,0.43467970287816765,-0.43467970287816765
0.41505773092486564,0.43482386371785947,-0.43482386371785947
0.4151827453016502,0.43496803825614067,-0.43496803825614067
0.4153077596784348,0.4351122265002526,-0.4351122265002526
0.4154327740552194,0.4352564284574406,-0.4352564284574406
0.415557788432004,0.43540064413495366,-0.43540064413495366
0.4156828028087886,0.4355448735400448,-0.4355448735400448
0.4158078171855732,0.43568911667997107,-0.43568911667997107
0.41593283156235783,0.43583337356199353,-0.43583337356199353
0.4160578459391424,0.4359776441933768,-0.4359776441933768
0.416182860315927,0.43612192858138976,-0.43612192858138976
0.4163078746927116,0.43626622673330523,-0.43626622673330523
0.4164328890694962,0.43641053865639995,-0.43641053865639995
0.4165579034462808,0.43655486435795443,-0.43655486435795443
0.4166829178230654,0.43669920384525335,-0.43669920384525335
0.41680793219985,0.43684355712558537,-0.43684355712558537
0.4169329465766346,0.43698792420624283,-0.43698792420624283
0.4170579609534192,0.4371323050945224,-0.4371323050945224
0.41718297533020376,0.43727669979772454,-0.43727669979772454
0.4173079897069884,0.4374211083231537,-0.4374211083231537
0.417433004083773,0.43756553067811815,-0.43756553067811815
0.41755801846055757,0.4377099668699304,-0.4377099668699304
0.4176830328373422,0.437854416905907,-0.437854416905907
0.4178080472141268,0.437998880793368,-0.437998880793368
0.41793306159091137,0.43814335853963804,-0.43814335853963804
0.41805807596769595,0.4382878501520453,-0.4382878501520453
0.4181830903444806,0.4384323556379223,-0.4384323556379223
0.4183081047212652,0.4385768750046053,-0.4385768750046053
0.41843311909804976,0.4387214082594347,-0.4387214082594347
0.4185581334748344,0.4388659554097548,-0.4388659554097548
0.418683147851619,0.43901051646291406,-0.43901051646291406
0.41880816222840356,0.43915509142626485,-0.43915509142626485
0.41893317660518814,0.4392996803071636,-0.4392996803071636
0.4190581909819728,0.43944428311297085,-0.43944428311297085
0.41918320535875736,0.4395888998510509,-0.4395888998510509
0.41930821973554194,0.43973353052877223,-0.43973353052877223
0.4194332341123266,0.4398781751535076,-0.4398781751535076
0.41955824848911116,0.4400228337326333,-0.4400228337326333
0.41968326286589575,0.44016750627353013,-0.44016750627353013
0.4198082772426803,0.44031219278358263,-0.44031219278358263
0.41993329161946497,0.4404568932701796,-0.4404568932701796
0.42005830599624955,0.44060160774071366,-0.44060160774071366
0.42018332037303413,0.44074633620258163,-0.44074633620258163
0.4203083347498187,0.44089107866318444,-0.44089107866318444
0.42043334912660335,0.441035835129927,-0.441035835129927
0.42055836350338793,0.4411806056102182,-0.4411806056102182
0.4206833778801725,0.44132539011147115,-0.44132539011147115
0.42080839225695715,0.441470188641103,-0.441470188641103
0.42093340663374174,0.44161500120653485,-0.44161500120653485
0.4210584210105263,0.441759827815192,-0.441759827815192
0.4211834353873109,0.4419046684745038,-0.4419046684745038
0.42130844976409554,0.4420495231919039,-0.4420495231919039
0.4214334641408801,0.44219439197482946,-0.44219439197482946
0.4215584785176647,0.44233927483072233,-0.44233927483072233
0.42168349289444934,0.4424841717670282,-0.4424841717670282
0.4218085072712339,0.44262908279119684,-0.44262908279119684
0.4219335216480185,0.44277400791068217,-0.44277400791068217
0.4220585360248031,0.4429189471329423,-0.4429189471329423
0.4221835504015877,0.44306390046543936,-0.44306390046543936
0.4223085647783723,0.4432088679156394,-0.4432088679156394
0.4224335791551569,0.44335384949101303,-0.44335384949101303
0.42255859353194153,0.44349884519903465,-0.44349884519903465
0.4226836079087261,0.44364385504718284,-0.44364385504718284
0.4228086222855107,0.44378887904294034,-0.44378887904294034
0.4229336366622953,0.44393391719379405,-0.44393391719379405
0.4230586510390799,0.4440789695072351,-0.4440789695072351
0.4231836654158645,0.44422403599075844,-0.44422403599075844
0.4233086797926491,0.4443691166518634,-0.4443691166518634
0.4234336941694337,0.4445142114980536,-0.4445142114980536
0.4235587085462183,0.4446593205368363,-0.4446593205368363
0.4236837229230029,0.4448044437757236,-0.4448044437757236
0.42380873729978746,0.4449495812222311,-0.4449495812222311
0.4239337516765721,0.44509473288387913,-0.44509473288387913
0.4240587660533567,0.44523989876819164,-0.44523989876819164
0.42418378043014127,0.44538507888269724,-0.44538507888269724
0.4243087948069259,0.4455302732349284,-0.4455302732349284
0.4244338091837105,0.4456754818324218,-0.4456754818324218
0.42455882356049507,0.4458207046827184,-0.4458207046827184
0.42468383793727965,0.44596594179336335,-0.44596594179336335
0.4248088523140643,0.446111193171906,-0.446111193171906
0.42493386669084887,0.44625645882589965,-0.44625645882589965
0.42505888106763345,0.44640173876290207,-0.44640173876290207
0.4251838954444181,0.44654703299047516,-0.44654703299047516
0.4253089098212027,0.44669234151618487,-0.44669234151618487
0.42543392419798726,0.4468376643476016,-0.4468376643476016
0.42555893857477184,0.4469830014922997,-0.4469830014922997
0.4256839529515565,0.44712835295785797,-0.44712835295785797
0.42580896732834106,0.44727371875185923,-0.44727371875185923
0.42593398170512564,0.44741909888189074,-0.44741909888189074
0.4260589960819102,0.4475644933555437,-0.4475644933555437
0.42618401045869486,0.44770990218041384,-0.44770990218041384
0.42630902483547944,0.44785532536410083,-0.44785532536410083
0.426434039212264,0.4480007629142087,-0.4480007629142087
0.42655905358904866,0.448146214838346,-0.448146214838346
0.42668406796583325,0.4482916811441249,-0.4482916811441249
0.42680908234261783,0.4484371618391623,-0.4484371618391623
0.4269340967194024,0.4485826569310793,-0.4485826569310793
0.42705911109618705,0.4487281664275011,-0.4487281664275011
0.42718412547297163,0.4488736903360571,-0.4488736903360571
0.4273091398497562,0.44901922866438126,-0.44901922866438126
0.42743415422654085,0.4491647814201117,-0.4491647814201117
0.42755916860332543,0.4493103486108905,-0.4493103486108905
0.42768418298011,0.4494559302443643,-0.4494559302443643
0.4278091973568946,0.4496015263281841,-0.4496015263281841
0.42793421173367924,0.449747136870005,-0.449747136870005
0.4280592261104638,0.4498927618774863,-0.4498927618774863
0.4281842404872484,0.45003840135829176,-0.45003840135829176
0.42830925486403304,0.45018405532008954,-0.45018405532008954
0.4284342692408176,0.4503297237705517,-0.4503297237705517
0.4285592836176022,0.45047540671735486,-0.45047540671735486
0.4286842979943868,0.4506211041681801,-0.4506211041681801
0.4288093123711714,0.45076681613071257,-0.45076681613071257
0.428934326747956,0.4509125426126416,-0.4509125426126416
0.4290593411247406,0.4510582836216611,-0.4510582836216611
0.4291843555015252,0.45120403916546936,-0.45120403916546936
0.4293093698783098,0.4513498092517686,-0.4513498092517686
0.4294343842550944,0.4514955938882657,-0.4514955938882657
0.429559398631879,0.45164139308267176,-0.45164139308267176
0.4296844130086636,0.4517872068427023,-0.4517872068427023
0.4298094273854482,0.45193303517607697,-0.45193303517607697
0.4299344417622328,0.45207887809051994,-0.45207887809051994
0.4300594561390174,0.45222473559375975,-0.45222473559375975
0.430184470515802,0.452370607693529,-0.452370607693529
0.4303094848925866,0.452516494397565,-0.452516494397565
0.43043449926937116,0.45266239571360917,-0.45266239571360917
0.4305595136461558,0.45280831164940755,-0.45280831164940755
0.4306845280229404,0.4529542422127102,-0.4529542422127102
0.43080954239972497,0.4531001874112717,-0.4531001874112717
0.4309345567765096,0.45324614725285123,-0.45324614725285123
0.4310595711532942,0.4533921217452119,-0.4533921217452119
0.43118458553007877,0.4535381108961215,-0.4535381108961215
0.43130959990686335,0.4536841147133522,-0.4536841147133522
0.431434614283648,0.4538301332046804,-0.4538301332046804
0.43155962866043257,0.45397616637788696,-0.45397616637788696
0.43168464303721715,0.4541222142407572,-0.4541222142407572
0.43180965741400174,0.45426827680108073,-0.45426827680108073
0.4319346717907864,0.45441435406665176,-0.45441435406665176
0.43205968616757096,0.45456044604526863,-0.45456044604526863
0.43218470054435554,0.4547065527447342,-0.4547065527447342
0.4323097149211402,0.4548526741728558,-0.4548526741728558
0.43243472929792476,0.45499881033744516,-0.45499881033744516
0.43255974367470934,0.45514496124631837,-0.45514496124631837
0.4326847580514939,0.455291126907296,-0.455291126907296
0.43280977242827856,0.4554373073282031,-0.4554373073282031
0.43293478680506314,0.45558350251686885,-0.45558350251686885
0.4330598011818477,0.45572971248112737,-0.45572971248112737
0.43318481555863236,0.4558759372288168,-0.4558759372288168
0.43330982993541695,0.4560221767677799,-0.4560221767677799
0.43343484431220153,0.4561684311058638,-0.4561684311058638
0.4335598586889861,0.4563147002509202,-0.4563147002509202
0.43368487306577075,0.4564609842108052,-0.4564609842108052
0.43380988744255533,0.45660728299337927,-0.45660728299337927
0.4339349018193399,0.45675359660650744,-0.45675359660650744
0.43405991619612455,0.45689992505805926,-0.45689992505805926
0.43418493057290913,0.45704626835590856,-0.45704626835590856
0.4343099449496937,0.45719262650793385,-0.45719262650793385
0.4344349593264783,0.457338999522018,-0.457338999522018
0.43455997370326294,0.4574853874060484,-0.4574853874060484
0.4346849880800475,0.45763179016791683,-0.45763179016791683
0.4348100024568321,0.4577782078155198,-0.4577782078155198
0.43493501683361674,0.45792464035675806,-0.45792464035675806
0.4350600312104013,0.45807108779953704,-0.45807108779953704
0.4351850455871859,0.4582175501517666,-0.4582175501517666
0.4353100599639705,0.4583640274213609,-0.4583640274213609
0.4354350743407551,0.4585105196162392,-0.4585105196162392
0.4355600887175397,0.45865702674432457,-0.45865702674432457
0.4356851030943243,0.45880354881354507,-0.45880354881354507
0.4358101174711089,0.45895008583183305,-0.45895008583183305
0.4359351318478935,0.45909663780712556,-0.45909663780712556
0.4360601462246781,0.459243204747364,-0.459243204747364
0.4361851606014627,0.45938978666049446,-0.45938978666049446
0.4363101749782473,0.4595363835544675,-0.4595363835544675
0.4364351893550319,0.4596829954372383,-0.4596829954372383
0.4365602037318165,0.4598296223167663,-0.4598296223167663
0.4366852181086011,0.45997626420101595,-0.45997626420101595
0.4368102324853857,0.46012292109795583,-0.46012292109795583
0.4369352468621703,0.46026959301555936,-0.46026959301555936
0.43706026123895486,0.4604162799618044,-0.4604162799618044
0.4371852756157395,0.46056298194467343,-0.46056298194467343
0.4373102899925241,0.4607096989721534,-0.4607096989721534
0.43743530436930866,0.46085643105223595,-0.46085643105223595
0.4375603187460933,0.46100317819291736,-0.46100317819291736
0.4376853331228779,0.4611499404021982,-0.4611499404021982
0.43781034749966247,0.461296717688084,-0.461296717688084
0.43793536187644705,0.4614435100585845,-0.4614435100585845
0.4380603762532317,0.46159031752171453,-0.46159031752171453
0.43818539063001627,0.4617371400854929,-0.4617371400854929
0.43831040500680085,0.46188397775794354,-0.46188397775794354
0.43843541938358543,0.46203083054709476,-0.46203083054709476
0.43856043376037007,0.4621776984609796,-0.4621776984609796
0.43868544813715465,0.4623245815076355,-0.4623245815076355
0.43881046251393924,0.46247147969510466,-0.46247147969510466
0.4389354768907239,0.4626183930314341,-0.4626183930314341
0.43906049126750846,0.46276532152467503,-0.46276532152467503
0.43918550564429304,0.46291226518288364,-0.46291226518288364
0.4393105200210776,0.46305922401412064,-0.46305922401412064
0.43943553439786226,0.46320619802645147,-0.46320619802645147
0.43956054877464684,0.463353187227946,-0.463353187227946
0.4396855631514314,0.46350019162667894,-0.46350019162667894
0.43981057752821606,0.4636472112307297,-0.4636472112307297
0.43993559190500064,0.46379424604818204,-0.46379424604818204
0.4400606062817852,0.46394129608712475,-0.46394129608712475
0.4401856206585698,0.46408836135565107,-0.46408836135565107
0.44031063503535445,0.46423544186185906,-0.46423544186185906
0.44043564941213903,0.4643825376138511,-0.4643825376138511
0.4405606637889236,0.4645296486197348,-0.4645296486197348
0.44068567816570825,0.4646767748876221,-0.4646767748876221
0.44081069254249283,0.4648239164256295,-0.4648239164256295
0.4409357069192774,0.4649710732418785,-0.4649710732418785
0.441060721296062,0.4651182453444952,-0.4651182453444952
0.44118573567284664,0.4652654327416103,-0.4652654327416103
0.4413107500496312,0.4654126354413594,-0.4654126354413594
0.4414357644264158,0.4655598534518825,-0.4655598534518825
0.44156077880320044,0.4657070867813247,-0.4657070867813247
0.441685793179985,0.46585433543783544,-0.46585433543783544
0.4418108075567696,0.4660015994295691,-0.4660015994295691
0.4419358219335542,0.46614887876468475,-0.46614887876468475
0.4420608363103388,0.4662961734513462,-0.4662961734513462
0.4421858506871234,0.4664434834977219,-0.4664434834977219
0.442310865063908,0.4665908089119851,-0.4665908089119851
0.4424358794406926,0.466738149702314,-0.466738149702314
0.4425608938174772,0.46688550587689104,-0.46688550587689104
0.4426859081942618,0.4670328774439038,-0.4670328774439038
0.4428109225710464,0.46718026441154464,-0.46718026441154464
0.442935936947831,0.4673276667880105,-0.4673276667880105
0.4430609513246156,0.4674750845815031,-0.4674750845815031
0.4431859657014002,0.46762251780022906,-0.46762251780022906
0.4433109800781848,0.4677699664523996,-0.4677699664523996
0.4434359944549694,0.46791743054623086,-0.46791743054623086
0.443561008831754,0.4680649100899436,-0.4680649100899436
0.44368602320853856,0.46821240509176354,-0.46821240509176354
0.4438110375853232,0.46835991555992124,-0.46835991555992124
0.4439360519621078,0.46850744150265167,-0.46850744150265167
0.44406106633889236,0.46865498292819496,-0.46865498292819496
0.44418608071567695,0.4688025398447959,-0.4688025398447959
0.4443110950924616,0.4689501122607043,-0.4689501122607043
0.44443610946924617,0.46909770018417435,-0.46909770018417435
0.44456112384603075,0.46924530362346545,-0.46924530362346545
0.4446861382228154,0.4693929225868417,-0.4693929225868417
0.44481115259959997,0.4695405570825718,-0.4695405570825718
0.44493616697638455,0.46968820711892956,-0.46968820711892956
0.44506118135316913,0.46983587270419364,-0.46983587270419364
0.44518619572995377,0.46998355384664736,-0.46998355384664736
0.44531121010673835,0.4701312505545789,-0.4701312505545789
0.44543622448352294,0.4702789628362813,-0.4702789628362813
0.4455612388603076,0.47042669070005266,-0.47042669070005266
0.44568625323709216,0.47057443415419553,-0.47057443415419553
0.44581126761387674,0.4707221932070177,-0.4707221932070177
0.4459362819906613,0.47086996786683155,-0.47086996786683155
0.44606129636744596,0.4710177581419546,-0.4710177581419546
0.44618631074423054,0.4711655640407089,-0.4711655640407089
0.4463113251210151,0.47131338557142166,-0.47131338557142166
0.44643633949779976,0.47146122274242486,-0.47146122274242486
0.44656135387458434,0.47160907556205534,-0.47160907556205534
0.4466863682513689,0.4717569440386548,-0.4717569440386548
0.4468113826281535,0.47190482818056995,-0.47190482818056995
0.44693639700493815,0.4720527279961524,-0.4720527279961524
0.44706141138172273,0.47220064349375845,-0.47220064349375845
0.4471864257585073,0.47234857468174957,-0.47234857468174957
0.44731144013529195,0.4724965215684921,-0.4724965215684921
0.44743645451207653,0.47264448416235694,-0.47264448416235694
0.4475614688888611,0.4727924624717204,-0.4727924624717204
0.4476864832656457,0.47294045650496347,-0.47294045650496347
0.44781149764243033,0.473088466270472,-0.473088466270472
0.4479365120192149,0.47323649177663707,-0.47323649177663707
0.4480615263959995,0.4733845330318543,-0.4733845330318543
0.44818654077278414,0.4735325900445246,-0.4735325900445246
0.4483115551495687,0.4736806628230535,-0.4736806628230535
0.4484365695263533,0.47382875137585173,-0.47382875137585173
0.4485615839031379,0.47397685571133497,-0.47397685571133497
0.4486865982799225,0.4741249758379238,-0.4741249758379238
0.4488116126567071,0.47427311176404363,-0.47427311176404363
0.4489366270334917,0.474421263498125,-0.474421263498125
0.4490616414102763,0.47456943104860344,-0.47456943104860344
0.4491866557870609,0.4747176144239194,-0.4747176144239194
0.4493116701638455,0.47486581363251823,-0.47486581363251823
0.44943668454063007,0.47501402868285036,-0.47501402868285036
0.4495616989174147,0.4751622595833713,-0.4751622595833713
0.4496867132941993,0.47531050634254135,-0.47531050634254135
0.4498117276709839,0.4754587689688259,-0.4754587689688259
0.44993674204776846,0.47560704747069543,-0.47560704747069543
0.4500617564245531,0.47575534185662544,-0.47575534185662544
0.4501867708013377,0.47590365213509606,-0.47590365213509606
0.45031178517812226,0.47605197831459306,-0.47605197831459306
0.4504367995549069,0.47620032040360677,-0.47620032040360677
0.4505618139316915,0.47634867841063255,-0.47634867841063255
0.45068682830847606,0.47649705234417117,-0.47649705234417117
0.45081184268526064,0.4766454422127281,-0.4766454422127281
0.4509368570620453,0.4767938480248139,-0.4767938480248139
0.45106187143882986,0.4769422697889442,-0.4769422697889442
0.45118688581561445,0.4770907075136398,-0.4770907075136398
0.4513119001923991,0.47723916120742643,-0.47723916120742643
0.45143691456918367,0.4773876308788348,-0.4773876308788348
0.45156192894596825,0.4775361165364009,-0.4775361165364009
0.45168694332275283,0.47768461818866553,-0.47768461818866553
0.45181195769953747,0.4778331358441749,-0.4778331358441749
0.45193697207632205,0.47798166951147997,-0.47798166951147997
0.45206198645310663,0.47813021919913695,-0.47813021919913695
0.4521870008298913,0.4782787849157071,-0.4782787849157071
0.45231201520667585,0.4784273666697567,-0.4784273666697567
0.45243702958346044,0.4785759644698573,-0.4785759644698573
0.452562043960245,0.47872457832458537,-0.47872457832458537
0.45268705833702966,0.47887320824252266,-0.47887320824252266
0.45281207271381424,0.47902185423225585,-0.47902185423225585
0.4529370870905988,0.4791705163023768,-0.4791705163023768
0.45306210146738346,0.4793191944614826,-0.4793191944614826
0.45318711584416804,0.4794678887181752,-0.4794678887181752
0.4533121302209526,0.47961659908106197,-0.47961659908106197
0.4534371445977372,0.4797653255587553,-0.4797653255587553
0.45356215897452185,0.47991406815987264,-0.47991406815987264
0.4536871733513064,0.4800628268930367,-0.4800628268930367
0.453812187728091,0.4802116017668752,-0.4802116017668752
0.45393720210487565,0.4803603927900213,-0.4803603927900213
0.45406221648166023,0.48050919997111285,-0.48050919997111285
0.4541872308584448,0.4806580233187932,-0.4806580233187932
0.4543122452352294,0.48080686284171087,-0.48080686284171087
0.45443725961201403,0.4809557185485195,-0.4809557185485195
0.4545622739887986,0.4811045904478777,-0.4811045904478777
0.4546872883655832,0.4812534785484495,-0.4812534785484495
0.45481230274236784,0.4814023828589042,-0.4814023828589042
0.4549373171191524,0.4815513033879159,-0.4815513033879159
0.455062331495937,0.4817002401441643,-0.4817002401441643
0.4551873458727216,0.481849193136334,-0.481849193136334
0.4553123602495062,0.48199816237311505,-0.48199816237311505
0.4554373746262908,0.4821471478632025,-0.4821471478632025
0.4555623890030754,0.48229614961529677,-0.48229614961529677
0.45568740337985997,0.48244516763810336,-0.48244516763810336
0.4558124177566446,0.4825942019403332,-0.4825942019403332
0.4559374321334292,0.4827432525307021,-0.4827432525307021
0.45606244651021377,0.4828923194179314,-0.4828923194179314
0.4561874608869984,0.4830414026107478,-0.4830414026107478
0.456312475263783,0.4831905021178826,-0.4831905021178826
0.4564374896405676,0.48333961794807306,-0.48333961794807306
0.45656250401735216,0.4834887501100614,-0.4834887501100614
0.4566875183941368,0.4836378986125951,-0.4836378986125951
0.4568125327709214,0.4837870634644268,-0.4837870634644268
0.45693754714770596,0.48393624467431445,-0.48393624467431445
0.4570625615244906,0.4840854422510216,-0.4840854422510216
0.4571875759012752,0.48423465620331657,-0.48423465620331657
0.45731259027805976,0.4843838865399733,-0.4843838865399733
0.45743760465484434,0.48453313326977077,-0.48453313326977077
0.457562619031629,0.4846823964014936,-0.4846823964014936
0.45768763340841356,0.4848316759439313,-0.4848316759439313
0.45781264778519815,0.4849809719058789,-0.4849809719058789
0.4579376621619828,0.4851302842961369,-0.4851302842961369
0.45806267653876737,0.4852796131235106,-0.4852796131235106
0.45818769091555195,0.4854289583968111,-0.4854289583968111
0.45831270529233653,0.48557832012485463,-0.48557832012485463
0.45843771966912117,0.48572769831646284,-0.48572769831646284
0.45856273404590575,0.48587709298046244,-0.48587709298046244
0.45868774842269033,0.48602650412568577,-0.48602650412568577
0.45881276279947497,0.48617593176097046,-0.48617593176097046
0.45893777717625955,0.48632537589515923,-0.48632537589515923
0.45906279155304414,0.4864748365371005,-0.4864748365371005
0.4591878059298287,0.48662431369564774,-0.48662431369564774
0.45931282030661336,0.48677380737966014,-0.48677380737966014
0.45943783468339794,0.48692331759800184,-0.48692331759800184
0.4595628490601825,0.48707284435954257,-0.48707284435954257
0.45968786343696716,0.4872223876731575,-0.4872223876731575
0.45981287781375174,0.48737194754772695,-0.48737194754772695
0.4599378921905363,0.4875215239921368,-0.4875215239921368
0.4600629065673209,0.4876711170152782,-0.4876711170152782
0.46018792094410554,0.487820726626048,-0.487820726626048
0.4603129353208901,0.4879703528333479,-0.4879703528333479
0.4604379496976747,0.48811999564608544,-0.48811999564608544
0.46056296407445935,0.4882696550731735,-0.4882696550731735
0.46068797845124393,0.4884193311235302,-0.4884193311235302
0.4608129928280285,0.4885690238060792,-0.4885690238060792
0.4609380072048131,0.4887187331297496,-0.4887187331297496
0.46106302158159773,0.488868459103476,-0.488868459103476
0.4611880359583823,0.4890182017361981,-0.4890182017361981
0.4613130503351669,0.4891679610368614,-0.4891679610368614
0.46143806471195153,0.4893177370144167,-0.4893177370144167
0.4615630790887361,0.48946752967782026,-0.48946752967782026
0.4616880934655207,0.48961733903603366,-0.48961733903603366
0.4618131078423053,0.48976716509802415,-0.48976716509802415
0.4619381222190899,0.4899170078727645,-0.4899170078727645
0.4620631365958745,0.49006686736923255,-0.49006686736923255
0.4621881509726591,0.49021674359641193,-0.49021674359641193
0.46231316534944367,0.4903666365632917,-0.4903666365632917
0.4624381797262283,0.49051654627886654,-0.49051654627886654
0.4625631941030129,0.4906664727521362,-0.4906664727521362
0.46268820847979747,0.49081641599210624,-0.49081641599210624
0.4628132228565821,0.49096637600778786,-0.49096637600778786
0.4629382372333667,0.49111635280819727,-0.49111635280819727
0.46306325161015127,0.49126634640235667,-0.49126634640235667
0.46318826598693585,0.49141635679929346,-0.49141635679929346
0.4633132803637205,0.4915663840080408,-0.4915663840080408
0.4634382947405051,0.49171642803763715,-0.49171642803763715
0.46356330911728966,0.49186648889712664,-0.49186648889712664
0.4636883234940743,0.4920165665955589,-0.4920165665955589
0.4638133378708589,0.4921666611419891,-0.4921666611419891
0.46393835224764346,0.4923167725454779,-0.4923167725454779
0.46406336662442804,0.4924669008150915,-0.4924669008150915
0.4641883810012127,0.49261704595990186,-0.49261704595990186
0.46431339537799726,0.49276720798898616,-0.49276720798898616
0.46443840975478184,0.49291738691142745,-0.49291738691142745
0.4645634241315665,0.49306758273631424,-0.49306758273631424
0.46468843850835106,0.49321779547274053,-0.49321779547274053
0.46481345288513565,0.4933680251298059,-0.4933680251298059
0.46493846726192023,0.49351827171661566,-0.49351827171661566
0.46506348163870487,0.49366853524228077,-0.49366853524228077
0.46518849601548945,0.49381881571591746,-0.49381881571591746
0.46531351039227403,0.4939691131466477,-0.4939691131466477
0.46543852476905867,0.49411942754359933,-0.49411942754359933
0.46556353914584325,0.49426975891590536,-0.49426975891590536
0.46568855352262783,0.49442010727270475,-0.49442010727270475
0.4658135678994124,0.49457047262314197,-0.49457047262314197
0.46593858227619706,0.49472085497636714,-0.49472085497636714
0.46606359665298164,0.4948712543415359,-0.4948712543415359
0.4661886110297662,0.4950216707278096,-0.4950216707278096
0.46631362540655086,0.49517210414435536,-0.49517210414435536
0.46643863978333544,0.4953225546003457,-0.4953225546003457
0.46656365416012,0.4954730221049589,-0.4954730221049589
0.4666886685369046,0.4956235066673791,-0.4956235066673791
0.46681368291368924,0.4957740082967958,-0.4957740082967958
0.4669386972904738,0.49592452700240425,-0.49592452700240425
0.4670637116672584,0.49607506279340546,-0.49607506279340546
0.46718872604404305,0.4962256156790061,-0.4962256156790061
0.46731374042082763,0.4963761856684184,-0.4963761856684184
0.4674387547976122,0.4965267727708604,-0.4965267727708604
0.4675637691743968,0.4966773769955558,-0.4966773769955558
0.46768878355118143,0.49682799835173413,-0.49682799835173413
0.467813797927966,0.4969786368486303,-0.4969786368486303
0.4679388123047506,0.49712929249548526,-0.49712929249548526
0.4680638266815352,0.49727996530154545,-0.49727996530154545
0.4681888410583198,0.4974306552760633,-0.4974306552760633
0.4683138554351044,0.49758136242829654,-0.49758136242829654
0.468438869811889,0.497732086767509,-0.497732086767509
0.4685638841886736,0.49788282830297026,-0.49788282830297026
0.4686888985654582,0.4980335870439553,-0.4980335870439553
0.4688139129422428,0.49818436299974506,-0.49818436299974506
0.46893892731902737,0.49833515617962637,-0.49833515617962637
0.469063941695812,0.4984859665928917,-0.4984859665928917
0.4691889560725966,0.49863679424883905,-0.49863679424883905
0.46931397044938117,0.49878763915677254,-0.49878763915677254
0.4694389848261658,0.4989385013260019,-0.4989385013260019
0.4695639992029504,0.4990893807658427,-0.4990893807658427
0.46968901357973497,0.49924027748561617,-0.49924027748561617
0.46981402795651955,0.49939119149464944,-0.49939119149464944
0.4699390423333042,0.49954212280227545,-0.49954212280227545
0.4700640567100888,0.4996930714178329,-0.4996930714178329
0.47018907108687336,0.49984403735066624,-0.49984403735066624
0.470314085463658,0.49999502061012596,-0.49999502061012596
0.4704390998404426,0.500146021205568,-0.500146021205568
0.47056411421722716,0.5002970391463543,-0.5002970391463543
0.47068912859401174,0.5004480744418528,-0.5004480744418528
0.4708141429707964,0.5005991271014371,-0.5005991271014371
0.47093915734758096,0.5007501971344865,-0.5007501971344865
0.47106417172436554,0.5009012845503865,-0.5009012845503865
0.4711891861011502,0.5010523893585284,-0.5010523893585284
0.47131420047793476,0.5012035115683087,-0.5012035115683087
0.47143921485471935,0.5013546511891306,-0.5013546511891306
0.47156422923150393,0.5015058082304029,-0.5015058082304029
0.47168924360828857,0.5016569827015401,-0.5016569827015401
0.47181425798507315,0.5018081746119627,-0.5018081746119627
0.47193927236185773,0.5019593839710971,-0.5019593839710971
0.47206428673864237,0.5021106107883754,-0.5021106107883754
0.47218930111542695,0.502261855073236,-0.502261855073236
0.47231431549221153,0.5024131168351228,-0.5024131168351228
0.4724393298689961,0.5025643960834857,-0.5025643960834857
0.47256434424578075,0.5027156928277807,-0.5027156928277807
0.47268935862256534,0.5028670070774696,-0.5028670070774696
0.4728143729993499,0.50301833884202,-0.50301833884202
0.47293938737613456,0.5031696881309056,-0.5031696881309056
0.47306440175291914,0.5033210549536058,-0.5033210549536058
0.4731894161297037,0.5034724393196063,-0.5034724393196063
0.4733144305064883,0.5036238412383984,-0.5036238412383984
0.47343944488327294,0.5037752607194798,-0.5037752607194798
0.4735644592600575,0.5039266977723533,-0.5039266977723533
0.4736894736368421,0.5040781524065286,-0.5040781524065286
0.4738144880136267,0.5042296246315211,-0.5042296246315211
0.4739395023904113,0.5043811144568517,-0.5043811144568517
0.4740645167671959,0.5045326218920478,-0.5045326218920478
0.4741895311439805,0.5046841469466425,-0.5046841469466425
0.47431454552076513,0.5048356896301753,-0.5048356896301753
0.4744395598975497,0.504987249952191,-0.504987249952191
0.4745645742743343,0.5051388279222409,-0.5051388279222409
0.4746895886511189,0.5052904235498823,-0.5052904235498823
0.4748146030279035,0.5054420368446784,-0.5054420368446784
0.4749396174046881,0.5055936678161983,-0.5055936678161983
0.4750646317814727,0.5057453164740172,-0.5057453164740172
0.4751896461582573,0.5058969828277168,-0.5058969828277168
0.4753146605350419,0.5060486668868838,-0.5060486668868838
0.4754396749118265,0.506200368661112,-0.506200368661112
0.47556468928861106,0.5063520881600004,-0.5063520881600004
0.4756897036653957,0.506503825393155,-0.506503825393155
0.4758147180421803,0.5066555803701867,-0.5066555803701867
0.47593973241896487,0.5068073531007133,-0.5068073531007133
0.4760647467957495,0.5069591435943587,-0.5069591435943587
0.4761897611725341,0.5071109518607522,-0.5071109518607522
0.47631477554931867,0.5072627779095297,-0.5072627779095297
0.47643978992610325,0.507414621750333,-0.507414621750333
0.4765648043028879,0.5075664833928104,-0.5075664833928104
0.4766898186796725,0.5077183628466155,-0.5077183628466155
0.47681483305645705,0.5078702601214086,-0.5078702601214086
0.4769398474332417,0.5080221752268562,-0.5080221752268562
0.4770648618100263,0.5081741081726303,-0.5081741081726303
0.47718987618681086,0.5083260589684097,-0.5083260589684097
0.47731489056359544,0.5084780276238787,-0.5084780276238787
0.4774399049403801,0.5086300141487285,-0.5086300141487285
0.47756491931716466,0.5087820185526557,-0.5087820185526557
0.47768993369394924,0.5089340408453632,-0.5089340408453632
0.4778149480707339,0.5090860810365605,-0.5090860810365605
0.47793996244751846,0.5092381391359627,-0.5092381391359627
0.47806497682430305,0.5093902151532914,-0.5093902151532914
0.4781899912010876,0.5095423090982741,-0.5095423090982741
0.47831500557787227,0.5096944209806449,-0.5096944209806449
0.47844001995465685,0.5098465508101436,-0.5098465508101436
0.47856503433144143,0.5099986985965165,-0.5099986985965165
0.47869004870822607,0.510150864349516,-0.510150864349516
0.47881506308501065,0.5103030480789004,-0.5103030480789004
0.47894007746179523,0.5104552497944348,-0.5104552497944348
0.4790650918385798,0.51060746950589,-0.51060746950589
0.47919010621536445,0.5107597072230433,-0.5107597072230433
0.47931512059214904,0.5109119629556781,-0.5109119629556781
0.4794401349689336,0.5110642367135839,-0.5110642367135839
0.4795651493457182,0.5112165285065567,-0.5112165285065567
0.47969016372250284,0.5113688383443987,-0.5113688383443987
0.4798151780992874,0.5115211662369181,-0.5115211662369181
0.479940192476072,0.5116735121939295,-0.5116735121939295
0.48006520685285664,0.5118258762252539,-0.5118258762252539
0.4801902212296412,0.5119782583407181,-0.5119782583407181
0.4803152356064258,0.5121306585501556,-0.5121306585501556
0.4804402499832104,0.5122830768634062,-0.5122830768634062
0.480565264359995,0.5124355132903158,-0.5124355132903158
0.4806902787367796,0.5125879678407365,-0.5125879678407365
0.4808152931135642,0.5127404405245267,-0.5127404405245267
0.48094030749034883,0.5128929313515515,-0.5128929313515515
0.4810653218671334,0.5130454403316816,-0.5130454403316816
0.481190336243918,0.5131979674747947,-0.5131979674747947
0.4813153506207026,0.5133505127907746,-0.5133505127907746
0.4814403649974872,0.513503076289511,-0.513503076289511
0.4815653793742718,0.5136556579809005,-0.5136556579809005
0.4816903937510564,0.5138082578748457,-0.5138082578748457
0.481815408127841,0.5139608759812556,-0.5139608759812556
0.4819404225046256,0.5141135123100458,-0.5141135123100458
0.4820654368814102,0.5142661668711376,-0.5142661668711376
0.48219045125819476,0.5144188396744594,-0.5144188396744594
0.4823154656349794,0.5145715307299457,-0.5145715307299457
0.482440480011764,0.514724240047537,-0.514724240047537
0.48256549438854857,0.5148769676371808,-0.5148769676371808
0.4826905087653332,0.5150297135088305,-0.5150297135088305
0.4828155231421178,0.515182477672446,-0.515182477672446
0.48294053751890237,0.5153352601379938,-0.5153352601379938
0.48306555189568695,0.5154880609154464,-0.5154880609154464
0.4831905662724716,0.5156408800147831,-0.5156408800147831
0.48331558064925617,0.5157937174459896,-0.5157937174459896
0.48344059502604075,0.5159465732190576,-0.5159465732190576
0.4835656094028254,0.5160994473439856,-0.5160994473439856
0.48369062377961,0.5162523398307785,-0.5162523398307785
0.48381563815639456,0.5164052506894474,-0.5164052506894474
0.48394065253317914,0.5165581799300102,-0.5165581799300102
0.4840656669099638,0.5167111275624908,-0.5167111275624908
0.48419068128674836,0.5168640935969199,-0.5168640935969199
0.48431569566353294,0.5170170780433346,-0.5170170780433346
0.4844407100403176,0.5171700809117785,-0.5171700809117785
0.48456572441710216,0.5173231022123014,-0.5173231022123014
0.48469073879388674,0.51747614195496,-0.51747614195496
0.4848157531706713,0.5176292001498168,-0.5176292001498168
0.48494076754745596,0.5177822768069419,-0.5177822768069419
0.48506578192424055,0.5179353719364108,-0.5179353719364108
0.48519079630102513,0.518088485548306,-0.518088485548306
0.4853158106778097,0.5182416176527166,-0.5182416176527166
0.48544082505459435,0.518394768259738,-0.518394768259738
0.48556583943137893,0.5185479373794721,-0.5185479373794721
0.4856908538081635,0.5187011250220275,-0.5187011250220275
0.48581586818494815,0.5188543311975193,-0.5188543311975193
0.48594088256173273,0.5190075559160691,-0.5190075559160691
0.4860658969385173,0.5191607991878049,-0.5191607991878049
0.4861909113153019,0.5193140610228615,-0.5193140610228615
0.48631592569208654,0.5194673414313803,-0.5194673414313803
0.4864409400688711,0.5196206404235086,-0.5196206404235086
0.4865659544456557,0.5197739580094015,-0.5197739580094015
0.48669096882244034,0.5199272941992195,-0.5199272941992195
0.4868159831992249,0.5200806490031301,-0.5200806490031301
0.4869409975760095,0.5202340224313078,-0.5202340224313078
0.4870660119527941,0.520387414493933,-0.520387414493933
0.4871910263295787,0.5205408252011934,-0.5205408252011934
0.4873160407063633,0.5206942545632826,-0.5206942545632826
0.4874410550831479,0.5208477025904013,-0.5208477025904013
0.4875660694599325,0.5210011692927567,-0.5210011692927567
0.4876910838367171,0.5211546546805627,-0.5211546546805627
0.4878160982135017,0.5213081587640396,-0.5213081587640396
0.4879411125902863,0.5214616815534144,-0.5214616815534144
0.4880661269670709,0.5216152230589214,-0.5216152230589214
0.4881911413438555,0.5217687832908003,-0.5217687832908003
0.4883161557206401,0.5219223622592986,-0.5219223622592986
0.4884411700974247,0.5220759599746699,-0.5220759599746699
0.4885661844742093,0.5222295764471745,-0.5222295764471745
0.4886911988509939,0.5223832116870796,-0.5223832116870796
0.48881621322777846,0.522536865704659,-0.522536865704659
0.4889412276045631,0.522690538510193,-0.522690538510193
0.4890662419813477,0.5228442301139689,-0.5228442301139689
0.48919125635813226,0.5229979405262805,-0.5229979405262805
0.4893162707349169,0.5231516697574284,-0.5231516697574284
0.4894412851117015,0.5233054178177198,-0.5233054178177198
0.48956629948848607,0.5234591847174689,-0.5234591847174689
0.48969131386527065,0.5236129704669962,-0.5236129704669962
0.4898163282420553,0.5237667750766295,-0.5237667750766295
0.48994134261883987,0.5239205985567026,-0.5239205985567026
0.49006635699562445,0.5240744409175568,-0.5240744409175568
0.4901913713724091,0.52422830216954,-0.52422830216954
0.4903163857491937,0.5243821823230063,-0.5243821823230063
0.49044140012597826,0.5245360813883171,-0.5245360813883171
0.49056641450276284,0.5246899993758406,-0.5246899993758406
0.4906914288795475,0.5248439362959516,-0.5248439362959516
0.49081644325633206,0.5249978921590315,-0.5249978921590315
0.49094145763311664,0.5251518669754689,-0.5251518669754689
0.4910664720099013,0.5253058607556591,-0.5253058607556591
0.49119148638668586,0.5254598735100039,-0.5254598735100039
0.49131650076347044,0.5256139052489124,-0.5256139052489124
0.491441515140255,0.5257679559828001,-0.5257679559828001
0.49156652951703966,0.5259220257220896,-0.5259220257220896
0.49169154389382425,0.5260761144772101,-0.5260761144772101
0.49181655827060883,0.526230222258598,-0.526230222258598
0.4919415726473934,0.5263843490766961,-0.5263843490766961
0.49206658702417805,0.5265384949419544,-0.5265384949419544
0.49219160140096263,0.5266926598648296,-0.5266926598648296
0.4923166157777472,0.5268468438557855,-0.5268468438557855
0.49244163015453185,0.5270010469252924,-0.5270010469252924
0.49256664453131643,0.5271552690838277,-0.5271552690838277
0.492691658908101,0.5273095103418757,-0.5273095103418757
0.4928166732848856,0.5274637707099276,-0.5274637707099276
0.49294168766167024,0.5276180501984814,-0.5276180501984814
0.4930667020384548,0.527772348818042,-0.527772348818042
0.4931917164152394,0.5279266665791215,-0.5279266665791215
0.49331673079202404,0.5280810034922386,-0.5280810034922386
0.4934417451688086,0.528235359567919,-0.528235359567919
0.4935667595455932,0.5283897348166955,-0.5283897348166955
0.4936917739223778,0.5285441292491075,-0.5285441292491075
0.4938167882991624,0.528698542875702,-0.528698542875702
0.493941802675947,0.5288529757070319,-0.5288529757070319
0.4940668170527316,0.5290074277536582,-0.5290074277536582
0.4941918314295162,0.5291618990261482,-0.5291618990261482
0.4943168458063008,0.5293163895350762,-0.5293163895350762
0.4944418601830854,0.5294708992910239,-0.5294708992910239
0.49456687455987,0.5296254283045794,-0.5296254283045794
0.4946918889366546,0.5297799765863384,-0.5297799765863384
0.4948169033134392,0.5299345441469031,-0.5299345441469031
0.4949419176902238,0.5300891309968829,-0.5300891309968829
0.4950669320670084,0.5302437371468947,-0.5302437371468947
0.495191946443793,0.5303983626075612,-0.5303983626075612
0.4953169608205776,0.5305530073895135,-0.5305530073895135
0.49544197519736216,0.5307076715033888,-0.5307076715033888
0.4955669895741468,0.530862354959832,-0.530862354959832
0.4956920039509314,0.5310170577694945,-0.5310170577694945
0.49581701832771596,0.5311717799430349,-0.5311717799430349
0.4959420327045006,0.5313265214911191,-0.5313265214911191
0.4960670470812852,0.5314812824244199,-0.5314812824244199
0.49619206145806977,0.5316360627536173,-0.5316360627536173
0.49631707583485435,0.5317908624893981,-0.5317908624893981
0.496442090211639,0.5319456816424566,-0.5319456816424566
0.49656710458842357,0.5321005202234937,-0.5321005202234937
0.49669211896520815,0.532255378243218,-0.532255378243218
0.4968171333419928,0.5324102557123447,-0.5324102557123447
0.49694214771877737,0.5325651526415964,-0.5325651526415964
0.49706716209556195,0.5327200690417028,-0.5327200690417028
0.49719217647234654,0.5328750049234005,-0.5328750049234005
0.4973171908491312,0.5330299602974337,-0.5330299602974337
0.49744220522591576,0.5331849351745532,-0.5331849351745532
0.49756721960270034,0.5333399295655175,-0.5333399295655175
0.4976922339794849,0.5334949434810916,-0.5334949434810916
0.49781724835626956,0.5336499769320486,-0.5336499769320486
0.49794226273305414,0.5338050299291679,-0.5338050299291679
0.4980672771098387,0.5339601024832364,-0.5339601024832364
0.49819229148662336,0.5341151946050485,-0.5341151946050485
0.49831730586340794,0.5342703063054052,-0.5342703063054052
0.4984423202401925,0.5344254375951152,-0.5344254375951152
0.4985673346169771,0.5345805884849941,-0.5345805884849941
0.49869234899376175,0.534735758985865,-0.534735758985865
0.49881736337054633,0.534890949108558,-0.534890949108558
0.4989423777473309,0.5350461588639105,-0.5350461588639105
0.49906739212411555,0.5352013882627672,-0.5352013882627672
0.49919240650090013,0.5353566373159798,-0.5353566373159798
0.4993174208776847,0.5355119060344078,-0.5355119060344078
0.4994424352544693,0.5356671944289172,-0.5356671944289172
0.49956744963125393,0.5358225025103821,-0.5358225025103821
0.4996924640080385,0.5359778302896832,-0.5359778302896832
0.4998174783848231,0.5361331777777087,-0.5361331777777087
0.49994249276160774,0.5362885449853543,-0.5362885449853543
0.5000675071383922,0.5364439319235226,-0.5364439319235226
0.5001925215151769,0.5365993386031241,-0.5365993386031241
0.5003175358919615,0.5367547650350758,-0.5367547650350758
0.5004425502687461,0.5369102112303028,-0.5369102112303028
0.5005675646455306,0.537065677199737,-0.537065677199737
0.5006925790223152,0.5372211629543179,-0.5372211629543179
0.5008175933990998,0.5373766685049921,-0.5373766685049921
0.5009426077758844,0.5375321938627139,-0.5375321938627139
0.5010676221526691,0.5376877390384449,-0.5376877390384449
0.5011926365294537,0.5378433040431536,-0.5378433040431536
0.5013176509062383,0.5379988888878162,-0.5379988888878162
0.5014426652830228,0.5381544935834165,-0.5381544935834165
0.5015676796598074,0.5383101181409452,-0.5383101181409452
0.501692694036592,0.5384657625714008,-0.5384657625714008
0.5018177084133766,0.5386214268857891,-0.5386214268857891
0.5019427227901613,0.5387771110951232,-0.5387771110951232
0.5020677371669459,0.5389328152104235,-0.5389328152104235
0.5021927515437304,0.539088539242718,-0.539088539242718
0.502317765920515,0.5392442832030423,-0.5392442832030423
0.5024427802972996,0.5394000471024392,-0.5394000471024392
0.5025677946740842,0.5395558309519587,-0.5395558309519587
0.5026928090508688,0.5397116347626589,-0.5397116347626589
0.5028178234276535,0.539867458545605,-0.539867458545605
0.502942837804438,0.5400233023118692,-0.5400233023118692
0.5030678521812226,0.5401791660725321,-0.5401791660725321
0.5031928665580072,0.540335049838681,-0.540335049838681
0.5033178809347918,0.5404909536214111,-0.5404909536214111
0.5034428953115764,0.540646877431825,-0.540646877431825
0.503567909688361,0.5408028212810329,-0.5408028212810329
0.5036929240651457,0.5409587851801522,-0.5409587851801522
0.5038179384419302,0.541114769140308,-0.541114769140308
0.5039429528187148,0.541270773172633,-0.541270773172633
0.5040679671954994,0.5414267972882673,-0.5414267972882673
0.504192981572284,0.5415828414983587,-0.5415828414983587
0.5043179959490686,0.5417389058140624,-0.5417389058140624
0.5044430103258531,0.5418949902465411,-0.5418949902465411
0.5045680247026378,0.5420510948069654,-0.5420510948069654
0.5046930390794224,0.5422072195065131,-0.5422072195065131
0.504818053456207,0.5423633643563696,-0.5423633643563696
0.5049430678329916,0.5425195293677281,-0.5425195293677281
0.5050680822097762,0.5426757145517891,-0.5426757145517891
0.5051930965865608,0.5428319199197612,-0.5428319199197612
0.5053181109633453,0.54298814548286,-0.54298814548286
0.50544312534013,0.5431443912523092,-0.5431443912523092
0.5055681397169146,0.5433006572393397,-0.5433006572393397
0.5056931540936992,0.5434569434551904,-0.5434569434551904
0.5058181684704838,0.5436132499111075,-0.5436132499111075
0.5059431828472684,0.5437695766183451,-0.5437695766183451
0.5060681972240529,0.5439259235881649,-0.5439259235881649
0.5061932116008375,0.5440822908318363,-0.5440822908318363
0.5063182259776221,0.5442386783606363,-0.5442386783606363
0.5064432403544068,0.5443950861858495,-0.5443950861858495
0.5065682547311914,0.5445515143187682,-0.5445515143187682
0.506693269107976,0.5447079627706924,-0.5447079627706924
0.5068182834847605,0.54486443155293,-0.54486443155293
0.5069432978615451,0.5450209206767962,-0.5450209206767962
0.5070683122383297,0.5451774301536143,-0.5451774301536143
0.5071933266151143,0.5453339599947153,-0.5453339599947153
0.507318340991899,0.5454905102114379,-0.5454905102114379
0.5074433553686836,0.5456470808151279,-0.5456470808151279
0.5075683697454682,0.5458036718171397,-0.5458036718171397
0.5076933841222527,0.5459602832288352,-0.5459602832288352
0.5078183984990373,0.5461169150615837,-0.5461169150615837
0.5079434128758219,0.5462735673267628,-0.5462735673267628
0.5080684272526065,0.5464302400357577,-0.5464302400357577
0.5081934416293912,0.5465869331999612,-0.5465869331999612
0.5083184560061758,0.5467436468307739,-0.5467436468307739
0.5084434703829603,0.5469003809396042,-0.5469003809396042
0.5085684847597449,0.5470571355378687,-0.5470571355378687
0.5086934991365295,0.5472139106369913,-0.5472139106369913
0.5088185135133141,0.547370706248404,-0.547370706248404
0.5089435278900987,0.5475275223835465,-0.5475275223835465
0.5090685422668834,0.5476843590538666,-0.5476843590538666
0.5091935566436679,0.5478412162708194,-0.5478412162708194
0.5093185710204525,0.5479980940458684,-0.5479980940458684
0.5094435853972371,0.5481549923904846,-0.5481549923904846
0.5095685997740217,0.5483119113161471,-0.5483119113161471
0.5096936141508063,0.5484688508343428,-0.5484688508343428
0.5098186285275909,0.5486258109565665,-0.5486258109565665
0.5099436429043755,0.5487827916943209,-0.5487827916943209
0.5100686572811601,0.5489397930591163,-0.5489397930591163
0.5101936716579447,0.5490968150624715,-0.5490968150624715
0.5103186860347293,0.5492538577159126,-0.5492538577159126
0.5104437004115139,0.549410921030974,-0.549410921030974
0.5105687147882985,0.549568005019198,-0.549568005019198
0.510693729165083,0.5497251096921347,-0.5497251096921347
0.5108187435418677,0.5498822350613425,-0.5498822350613425
0.5109437579186523,0.5500393811383869,-0.5500393811383869
0.5110687722954369,0.5501965479348423,-0.5501965479348423
0.5111937866722215,0.5503537354622907,-0.5503537354622907
0.5113188010490061,0.550510943732322,-0.550510943732322
0.5114438154257906,0.5506681727565341,-0.5506681727565341
0.5115688298025752,0.5508254225465331,-0.5508254225465331
0.5116938441793599,0.5509826931139331,-0.5509826931139331
0.5118188585561445,0.5511399844703556,-0.5511399844703556
0.5119438729329291,0.551297296627431,-0.551297296627431
0.5120688873097137,0.5514546295967971,-0.5514546295967971
0.5121939016864983,0.5516119833901001,-0.5516119833901001
0.5123189160632828,0.551769358018994,-0.551769358018994
0.5124439304400674,0.551926753495141,-0.551926753495141
0.5125689448168521,0.5520841698302114,-0.5520841698302114
0.5126939591936367,0.5522416070358831,-0.5522416070358831
0.5128189735704213,0.5523990651238428,-0.5523990651238428
0.5129439879472059,0.5525565441057847,-0.5525565441057847
0.5130690023239904,0.5527140439934115,-0.5527140439934115
0.513194016700775,0.5528715647984337,-0.5528715647984337
0.5133190310775596,0.5530291065325702,-0.5530291065325702
0.5134440454543443,0.5531866692075477,-0.5531866692075477
0.5135690598311289,0.5533442528351009,-0.5533442528351009
0.5136940742079135,0.5535018574269732,-0.5535018574269732
0.513819088584698,0.5536594829949157,-0.5536594829949157
0.5139441029614826,0.5538171295506881,-0.5538171295506881
0.5140691173382672,0.5539747971060575,-0.5539747971060575
0.5141941317150518,0.5541324856727998,-0.5541324856727998
0.5143191460918365,0.554290195262699,-0.554290195262699
0.5144441604686211,0.5544479258875469,-0.5544479258875469
0.5145691748454057,0.5546056775591438,-0.5546056775591438
0.5146941892221902,0.5547634502892982,-0.5547634502892982
0.5148192035989748,0.5549212440898267,-0.5549212440898267
0.5149442179757594,0.5550790589725542,-0.5550790589725542
0.515069232352544,0.5552368949493138,-0.5552368949493138
0.5151942467293287,0.555394752031947,-0.555394752031947
0.5153192611061133,0.5555526302323028,-0.5555526302323028
0.5154442754828978,0.5557105295622394,-0.5557105295622394
0.5155692898596824,0.555868450033623,-0.555868450033623
0.515694304236467,0.5560263916583275,-0.5560263916583275
0.5158193186132516,0.5561843544482356,-0.5561843544482356
0.5159443329900362,0.5563423384152383,-0.5563423384152383
0.5160693473668209,0.5565003435712349,-0.5565003435712349
0.5161943617436054,0.5566583699281324,-0.5566583699281324
0.51631937612039,0.556816417497847,-0.556816417497847
0.5164443904971746,0.5569744862923025,-0.5569744862923025
0.5165694048739592,0.5571325763234315,-0.5571325763234315
0.5166944192507438,0.5572906876031745,-0.5572906876031745
0.5168194336275284,0.5574488201434807,-0.5574488201434807
0.516944448004313,0.5576069739563078,-0.5576069739563078
0.5170694623810976,0.557765149053621,-0.557765149053621
0.5171944767578822,0.5579233454473946,-0.5579233454473946
0.5173194911346668,0.5580815631496113,-0.5580815631496113
0.5174445055114514,0.558239802172262,-0.558239802172262
0.517569519888236,0.5583980625273458,-0.5583980625273458
0.5176945342650205,0.5585563442268705,-0.5585563442268705
0.5178195486418052,0.5587146472828523,-0.5587146472828523
0.5179445630185898,0.5588729717073153,-0.5588729717073153
0.5180695773953744,0.5590313175122928,-0.5590313175122928
0.518194591772159,0.559189684709826,-0.559189684709826
0.5183196061489436,0.5593480733119647,-0.5593480733119647
0.5184446205257282,0.5595064833307671,-0.5595064833307671
0.5185696349025127,0.5596649147783002,-0.5596649147783002
0.5186946492792973,0.5598233676666389,-0.5598233676666389
0.518819663656082,0.5599818420078669,-0.5599818420078669
0.5189446780328666,0.5601403378140764,-0.5601403378140764
0.5190696924096512,0.5602988550973678,-0.5602988550973678
0.5191947067864358,0.5604573938698505,-0.5604573938698505
0.5193197211632203,0.5606159541436421,-0.5606159541436421
0.5194447355400049,0.5607745359308686,-0.5607745359308686
0.5195697499167895,0.5609331392436647,-0.5609331392436647
0.5196947642935742,0.561091764094174,-0.561091764094174
0.5198197786703588,0.5612504104945478,-0.5612504104945478
0.5199447930471434,0.5614090784569467,-0.5614090784569467
0.5200698074239279,0.5615677679935394,-0.5615677679935394
0.5201948218007125,0.5617264791165033,-0.5617264791165033
0.5203198361774971,0.5618852118380246,-0.5618852118380246
0.5204448505542817,0.5620439661702981,-0.5620439661702981
0.5205698649310664,0.5622027421255268,-0.5622027421255268
0.520694879307851,0.5623615397159223,-0.5623615397159223
0.5208198936846355,0.5625203589537053,-0.5625203589537053
0.5209449080614201,0.5626791998511049,-0.5626791998511049
0.5210699224382047,0.5628380624203588,-0.5628380624203588
0.5211949368149893,0.5629969466737131,-0.5629969466737131
0.5213199511917739,0.5631558526234232,-0.5631558526234232
0.5214449655685586,0.5633147802817524,-0.5633147802817524
0.5215699799453432,0.563473729660973,-0.563473729660973
0.5216949943221277,0.5636327007733661,-0.5636327007733661
0.5218200086989123,0.5637916936312215,-0.5637916936312215
0.5219450230756969,0.5639507082468374,-0.5639507082468374
0.5220700374524815,0.5641097446325208,-0.5641097446325208
0.5221950518292661,0.5642688028005877,-0.5642688028005877
0.5223200662060508,0.5644278827633626,-0.5644278827633626
0.5224450805828353,0.5645869845331785,-0.5645869845331785
0.5225700949596199,0.5647461081223776,-0.5647461081223776
0.5226951093364045,0.5649052535433103,-0.5649052535433103
0.5228201237131891,0.5650644208083366,-0.5650644208083366
0.5229451380899737,0.5652236099298243,-0.5652236099298243
0.5230701524667583,0.5653828209201507,-0.5653828209201507
0.523195166843543,0.5655420537917016,-0.5655420537917016
0.5233201812203275,0.5657013085568713,-0.5657013085568713
0.5234451955971121,0.5658605852280634,-0.5658605852280634
0.5235702099738967,0.5660198838176901,-0.5660198838176901
0.5236952243506813,0.5661792043381724,-0.5661792043381724
0.5238202387274659,0.5663385468019401,-0.5663385468019401
0.5239452531042504,0.566497911221432,-0.566497911221432
0.5240702674810351,0.5666572976090959,-0.5666572976090959
0.5241952818578197,0.5668167059773876,-0.5668167059773876
0.5243202962346043,0.5669761363387728,-0.5669761363387728
0.5244453106113889,0.5671355887057253,-0.5671355887057253
0.5245703249881735,0.5672950630907285,-0.5672950630907285
0.524695339364958,0.5674545595062741,-0.5674545595062741
0.5248203537417426,0.567614077964863,-0.567614077964863
0.5249453681185273,0.567773618479005,-0.567773618479005
0.5250703824953119,0.5679331810612185,-0.5679331810612185
0.5251953968720965,0.5680927657240311,-0.5680927657240311
0.5253204112488811,0.5682523724799795,-0.5682523724799795
0.5254454256256657,0.5684120013416092,-0.5684120013416092
0.5255704400024502,0.5685716523214743,-0.5685716523214743
0.5256954543792348,0.5687313254321384,-0.5687313254321384
0.5258204687560195,0.5688910206861741,-0.5688910206861741
0.5259454831328041,0.5690507380961622,-0.5690507380961622
0.5260704975095887,0.5692104776746935,-0.5692104776746935
0.5261955118863733,0.569370239434367,-0.569370239434367
0.5263205262631578,0.5695300233877912,-0.5695300233877912
0.5264455406399424,0.5696898295475835,-0.5696898295475835
0.526570555016727,0.5698496579263703,-0.5698496579263703
0.5266955693935117,0.5700095085367872,-0.5700095085367872
0.5268205837702963,0.5701693813914784,-0.5701693813914784
0.5269455981470809,0.5703292765030976,-0.5703292765030976
0.5270706125238654,0.5704891938843073,-0.5704891938843073
0.52719562690065,0.5706491335477794,-0.5706491335477794
0.5273206412774346,0.5708090955061945,-0.5708090955061945
0.5274456556542192,0.5709690797722426,-0.5709690797722426
0.5275706700310039,0.5711290863586228,-0.5711290863586228
0.5276956844077885,0.5712891152780429,-0.5712891152780429
0.527820698784573,0.5714491665432202,-0.5714491665432202
0.5279457131613576,0.5716092401668813,-0.5716092401668813
0.5280707275381422,0.5717693361617615,-0.5717693361617615
0.5281957419149268,0.5719294545406054,-0.5719294545406054
0.5283207562917114,0.572089595316167,-0.572089595316167
0.5284457706684961,0.5722497585012094,-0.5722497585012094
0.5285707850452807,0.5724099441085043,-0.5724099441085043
0.5286957994220652,0.5725701521508335,-0.5725701521508335
0.5288208137988498,0.5727303826409874,-0.5727303826409874
0.5289458281756344,0.5728906355917658,-0.5728906355917658
0.529070842552419,0.5730509110159777,-0.5730509110159777
0.5291958569292036,0.5732112089264413,-0.5732112089264413
0.5293208713059883,0.5733715293359842,-0.5733715293359842
0.5294458856827728,0.5735318722574428,-0.5735318722574428
0.5295709000595574,0.5736922377036633,-0.5736922377036633
0.529695914436342,0.5738526256875008,-0.5738526256875008
0.5298209288131266,0.5740130362218201,-0.5740130362218201
0.5299459431899112,0.5741734693194946,-0.5741734693194946
0.5300709575666958,0.5743339249934076,-0.5743339249934076
0.5301959719434803,0.5744944032564516,-0.5744944032564516
0.530320986320265,0.5746549041215283,-0.5746549041215283
0.5304460006970496,0.5748154276015486,-0.5748154276015486
0.5305710150738342,0.5749759737094328,-0.5749759737094328
0.5306960294506188,0.5751365424581109,-0.5751365424581109
0.5308210438274034,0.5752971338605216,-0.5752971338605216
0.5309460582041879,0.5754577479296137,-0.5754577479296137
0.5310710725809725,0.5756183846783449,-0.5756183846783449
0.5311960869577572,0.5757790441196825,-0.5757790441196825
0.5313211013345418,0.5759397262666028,-0.5759397262666028
0.5314461157113264,0.576100431132092,-0.576100431132092
0.531571130088111,0.5762611587291455,-0.5762611587291455
0.5316961444648955,0.5764219090707681,-0.5764219090707681
0.5318211588416801,0.576582682169974,-0.576582682169974
0.5319461732184647,0.576743478039787,-0.576743478039787
0.5320711875952494,0.5769042966932404,-0.5769042966932404
0.532196201972034,0.5770651381433766,-0.5770651381433766
0.5323212163488186,0.5772260024032476,-0.5772260024032476
0.5324462307256032,0.5773868894859151,-0.5773868894859151
0.5325712451023877,0.5775477994044503,-0.5775477994044503
0.5326962594791723,0.5777087321719336,-0.5777087321719336
0.5328212738559569,0.5778696878014552,-0.5778696878014552
0.5329462882327416,0.5780306663061147,-0.5780306663061147
0.5330713026095262,0.5781916676990211,-0.5781916676990211
0.5331963169863108,0.578352691993293,-0.578352691993293
0.5333213313630953,0.578513739202059,-0.578513739202059
0.5334463457398799,0.5786748093384565,-0.5786748093384565
0.5335713601166645,0.5788359024156329,-0.5788359024156329
0.5336963744934491,0.5789970184467453,-0.5789970184467453
0.5338213888702338,0.5791581574449606,-0.5791581574449606
0.5339464032470184,0.5793193194234542,-0.5793193194234542
0.534071417623803,0.5794805043954121,-0.5794805043954121
0.5341964320005875,0.5796417123740297,-0.5796417123740297
0.5343214463773721,0.5798029433725121,-0.5798029433725121
0.5344464607541567,0.579964197404074,-0.579964197404074
0.5345714751309413,0.5801254744819394,-0.5801254744819394
0.534696489507726,0.5802867746193426,-0.5802867746193426
0.5348215038845106,0.580448097829527,-0.580448097829527
0.5349465182612951,0.5806094441257459,-0.5806094441257459
0.5350715326380797,0.5807708135212624,-0.5807708135212624
0.5351965470148643,0.5809322060293489,-0.5809322060293489
0.5353215613916489,0.5810936216632884,-0.5810936216632884
0.5354465757684335,0.5812550604363725,-0.5812550604363725
0.5355715901452182,0.5814165223619036,-0.5814165223619036
0.5356966045220027,0.5815780074531928,-0.5815780074531928
0.5358216188987873,0.5817395157235616,-0.5817395157235616
0.5359466332755719,0.5819010471863413,-0.5819010471863413
0.5360716476523565,0.5820626018548728,-0.5820626018548728
0.5361966620291411,0.5822241797425066,-0.5822241797425066
0.5363216764059257,0.5823857808626033,-0.5823857808626033
0.5364466907827103,0.5825474052285334,-0.5825474052285334
0.5365717051594949,0.5827090528536767,-0.5827090528536767
0.5366967195362795,0.5828707237514231,-0.5828707237514231
0.5368217339130641,0.5830324179351726,-0.5830324179351726
0.5369467482898487,0.5831941354183348,-0.5831941354183348
0.5370717626666333,0.583355876214329,-0.583355876214329
0.5371967770434178,0.5835176403365847,-0.5835176403365847
0.5373217914202025,0.5836794277985412,-0.5836794277985412
0.5374468057969871,0.5838412386136473,-0.5838412386136473
0.5375718201737717,0.5840030727953622,-0.5840030727953622
0.5376968345505563,0.5841649303571549,-0.5841649303571549
0.5378218489273409,0.5843268113125041,-0.5843268113125041
0.5379468633041254,0.5844887156748985,-0.5844887156748985
0.53807187768091,0.5846506434578368,-0.5846506434578368
0.5381968920576947,0.584812594674828,-0.584812594674828
0.5383219064344793,0.5849745693393904,-0.5849745693393904
0.5384469208112639,0.5851365674650526,-0.5851365674650526
0.5385719351880485,0.5852985890653533,-0.5852985890653533
0.538696949564833,0.5854606341538409,-0.5854606341538409
0.5388219639416176,0.585622702744074,-0.585622702744074
0.5389469783184022,0.5857847948496213,-0.5857847948496213
0.5390719926951869,0.5859469104840616,-0.5859469104840616
0.5391970070719715,0.586109049660983,-0.586109049660983
0.5393220214487561,0.5862712123939845,-0.5862712123939845
0.5394470358255407,0.5864333986966749,-0.5864333986966749
0.5395720502023252,0.5865956085826728,-0.5865956085826728
0.5396970645791098,0.5867578420656072,-0.5867578420656072
0.5398220789558944,0.5869200991591171,-0.5869200991591171
0.5399470933326791,0.5870823798768519,-0.5870823798768519
0.5400721077094637,0.5872446842324701,-0.5872446842324701
0.5401971220862483,0.5874070122396414,-0.5874070122396414
0.5403221364630328,0.5875693639120452,-0.5875693639120452
0.5404471508398174,0.5877317392633711,-0.5877317392633711
0.540572165216602,0.5878941383073187,-0.5878941383073187
0.5406971795933866,0.5880565610575982,-0.5880565610575982
0.5408221939701713,0.5882190075279294,-0.5882190075279294
0.5409472083469559,0.5883814777320427,-0.5883814777320427
0.5410722227237404,0.5885439716836783,-0.5885439716836783
0.541197237100525,0.5887064893965872,-0.5887064893965872
0.5413222514773096,0.58886903088453,-0.58886903088453
0.5414472658540942,0.589031596161278,-0.589031596161278
0.5415722802308788,0.5891941852406124,-0.5891941852406124
0.5416972946076635,0.589356798136325,-0.589356798136325
0.541822308984448,0.5895194348622174,-0.5895194348622174
0.5419473233612326,0.5896820954321018,-0.5896820954321018
0.5420723377380172,0.5898447798598007,-0.5898447798598007
0.5421973521148018,0.5900074881591467,-0.5900074881591467
0.5423223664915864,0.590170220343983,-0.590170220343983
0.542447380868371,0.5903329764281626,-0.5903329764281626
0.5425723952451555,0.5904957564255495,-0.5904957564255495
0.5426974096219402,0.5906585603500177,-0.5906585603500177
0.5428224239987248,0.590821388215451,-0.590821388215451
0.5429474383755094,0.5909842400357448,-0.5909842400357448
0.543072452752294,0.5911471158248037,-0.5911471158248037
0.5431974671290786,0.5913100155965433,-0.5913100155965433
0.5433224815058632,0.5914729393648894,-0.5914729393648894
0.5434474958826477,0.5916358871437783,-0.5916358871437783
0.5435725102594324,0.5917988589471569,-0.5917988589471569
0.543697524636217,0.5919618547889818,-0.5919618547889818
0.5438225390130016,0.5921248746832208,-0.5921248746832208
0.5439475533897862,0.5922879186438519,-0.5922879186438519
0.5440725677665708,0.5924509866848635,-0.5924509866848635
0.5441975821433553,0.5926140788202545,-0.5926140788202545
0.5443225965201399,0.5927771950640344,-0.5927771950640344
0.5444476108969246,0.5929403354302228,-0.5929403354302228
0.5445726252737092,0.5931034999328504,-0.5931034999328504
0.5446976396504938,0.593266688585958,-0.593266688585958
0.5448226540272784,0.5934299014035969,-0.5934299014035969
0.544947668404063,0.5935931383998292,-0.5935931383998292
0.5450726827808475,0.5937563995887274,-0.5937563995887274
0.5451976971576321,0.5939196849843746,-0.5939196849843746
0.5453227115344168,0.5940829946008647,-0.5940829946008647
0.5454477259112014,0.5942463284523014,-0.5942463284523014
0.545572740287986,0.5944096865527999,-0.5944096865527999
0.5456977546647706,0.5945730689164854,-0.5945730689164854
0.5458227690415551,0.5947364755574942,-0.5947364755574942
0.5459477834183397,0.5948999064899729,-0.5948999064899729
0.5460727977951243,0.5950633617280788,-0.5950633617280788
0.546197812171909,0.5952268412859801,-0.5952268412859801
0.5463228265486936,0.5953903451778552,-0.5953903451778552
0.5464478409254782,0.5955538734178933,-0.5955538734178933
0.5465728553022627,0.5957174260202946,-0.5957174260202946
0.5466978696790473,0.5958810029992698,-0.5958810029992698
0.5468228840558319,0.5960446043690403,-0.5960446043690403
0.5469478984326165,0.5962082301438382,-0.5962082301438382
0.5470729128094012,0.5963718803379064,-0.5963718803379064
0.5471979271861858,0.5965355549654985,-0.5965355549654985
0.5473229415629703,0.5966992540408788,-0.5966992540408788
0.5474479559397549,0.5968629775783224,-0.5968629775783224
0.5475729703165395,0.5970267255921154,-0.5970267255921154
0.5476979846933241,0.5971904980965543,-0.5971904980965543
0.5478229990701087,0.5973542951059468,-0.5973542951059468
0.5479480134468934,0.5975181166346112,-0.5975181166346112
0.548073027823678,0.5976819626968765,-0.5976819626968765
0.5481980422004625,0.5978458333070825,-0.5978458333070825
0.5483230565772471,0.5980097284795803,-0.5980097284795803
0.5484480709540317,0.5981736482287318,-0.5981736482287318
0.5485730853308163,0.598337592568909,-0.598337592568909
0.5486980997076009,0.5985015615144956,-0.5985015615144956
0.5488231140843856,0.5986655550798863,-0.5986655550798863
0.5489481284611701,0.5988295732794858,-0.5988295732794858
0.5490731428379547,0.5989936161277105,-0.5989936161277105
0.5491981572147393,0.5991576836389875,-0.5991576836389875
0.5493231715915239,0.5993217758277547,-0.5993217758277547
0.5494481859683085,0.5994858927084613,-0.5994858927084613
0.549573200345093,0.5996500342955671,-0.5996500342955671
0.5496982147218777,0.5998142006035432,-0.5998142006035432
0.5498232290986623,0.5999783916468713,-0.5999783916468713
0.5499482434754469,0.6001426074400443,-0.6001426074400443
0.5500732578522315,0.6003068479975665,-0.6003068479975665
0.5501982722290161,0.6004711133339525,-0.6004711133339525
0.5503232866058007,0.6006354034637286,-0.6006354034637286
0.5504483009825852,0.6007997184014315,-0.6007997184014315
0.5505733153593699,0.6009640581616097,-0.6009640581616097
0.5506983297361545,0.6011284227588221,-0.6011284227588221
0.5508233441129391,0.601292812207639,-0.601292812207639
0.5509483584897237,0.6014572265226419,-0.6014572265226419
0.5510733728665083,0.6016216657184231,-0.6016216657184231
0.5511983872432928,0.6017861298095865,-0.6017861298095865
0.5513234016200774,0.6019506188107465,-0.6019506188107465
0.5514484159968621,0.6021151327365294,-0.6021151327365294
0.5515734303736467,0.6022796716015717,-0.6022796716015717
0.5516984447504313,0.602444235420522,-0.602444235420522
0.5518234591272159,0.6026088242080395,-0.6026088242080395
0.5519484735040004,0.6027734379787948,-0.6027734379787948
0.552073487880785,0.6029380767474698,-0.6029380767474698
0.5521985022575696,0.6031027405287575,-0.6031027405287575
0.5523235166343543,0.6032674293373622,-0.6032674293373622
0.5524485310111389,0.6034321431879991,-0.6034321431879991
0.5525735453879235,0.6035968820953951,-0.6035968820953951
0.552698559764708,0.6037616460742883,-0.6037616460742883
0.5528235741414926,0.6039264351394278,-0.6039264351394278
0.5529485885182772,0.6040912493055743,-0.6040912493055743
0.5530736028950618,0.6042560885874997,-0.6042560885874997
0.5531986172718465,0.6044209529999873,-0.6044209529999873
0.5533236316486311,0.6045858425578313,-0.6045858425578313
0.5534486460254157,0.6047507572758378,-0.6047507572758378
0.5535736604022002,0.604915697168824,-0.604915697168824
0.5536986747789848,0.6050806622516184,-0.6050806622516184
0.5538236891557694,0.605245652539061,-0.605245652539061
0.553948703532554,0.6054106680460032,-0.6054106680460032
0.5540737179093386,0.6055757087873078,-0.6055757087873078
0.5541987322861233,0.605740774777849,-0.605740774777849
0.5543237466629078,0.6059058660325123,-0.6059058660325123
0.5544487610396924,0.6060709825661945,-0.6060709825661945
0.554573775416477,0.6062361243938046,-0.6062361243938046
0.5546987897932616,0.6064012915302622,-0.6064012915302622
0.5548238041700462,0.6065664839904988,-0.6065664839904988
0.5549488185468308,0.6067317017894576,-0.6067317017894576
0.5550738329236155,0.6068969449420929,-0.6068969449420929
0.5551988473004,0.6070622134633704,-0.6070622134633704
0.5553238616771846,0.6072275073682678,-0.6072275073682678
0.5554488760539692,0.607392826671774,-0.607392826671774
0.5555738904307538,0.6075581713888897,-0.6075581713888897
0.5556989048075384,0.6077235415346269,-0.6077235415346269
0.555823919184323,0.6078889371240095,-0.6078889371240095
0.5559489335611076,0.6080543581720728,-0.6080543581720728
0.5560739479378922,0.6082198046938635,-0.6082198046938635
0.5561989623146768,0.6083852767044403,-0.6083852767044403
0.5563239766914614,0.6085507742188734,-0.6085507742188734
0.556448991068246,0.6087162972522444,-0.6087162972522444
0.5565740054450306,0.6088818458196469,-0.6088818458196469
0.5566990198218151,0.6090474199361862,-0.6090474199361862
0.5568240341985998,0.6092130196169788,-0.6092130196169788
0.5569490485753844,0.6093786448771533,-0.6093786448771533
0.557074062952169,0.60954429573185,-0.60954429573185
0.5571990773289536,0.6097099721962207,-0.6097099721962207
0.5573240917057382,0.6098756742854291,-0.6098756742854291
0.5574491060825227,0.6100414020146507,-0.6100414020146507
0.5575741204593073,0.6102071553990727,-0.6102071553990727
0.557699134836092,0.6103729344538938,-0.6103729344538938
0.5578241492128766,0.6105387391943249,-0.6105387391943249
0.5579491635896612,0.6107045696355884,-0.6107045696355884
0.5580741779664458,0.6108704257929187,-0.6108704257929187
0.5581991923432303,0.611036307681562,-0.611036307681562
0.5583242067200149,0.6112022153167762,-0.6112022153167762
0.5584492210967995,0.611368148713831,-0.611368148713831
0.5585742354735842,0.6115341078880087,-0.6115341078880087
0.5586992498503688,0.6117000928546021,-0.6117000928546021
0.5588242642271534,0.611866103628917,-0.611866103628917
0.558949278603938,0.6120321402262708,-0.6120321402262708
0.5590742929807225,0.6121982026619928,-0.6121982026619928
0.5591993073575071,0.612364290951424,-0.612364290951424
0.5593243217342917,0.6125304051099176,-0.6125304051099176
0.5594493361110764,0.6126965451528391,-0.6126965451528391
0.559574350487861,0.6128627110955651,-0.6128627110955651
0.5596993648646456,0.6130289029534847,-0.6130289029534847
0.5598243792414301,0.613195120741999,-0.613195120741999
0.5599493936182147,0.613361364476521,-0.613361364476521
0.5600744079949993,0.613527634172476,-0.613527634172476
0.5601994223717839,0.6136939298453009,-0.6136939298453009
0.5603244367485686,0.613860251510445,-0.613860251510445
0.5604494511253532,0.6140265991833692,-0.6140265991833692
0.5605744655021377,0.614192972879547,-0.614192972879547
0.5606994798789223,0.6143593726144637,-0.6143593726144637
0.5608244942557069,0.614525798403617,-0.614525798403617
0.5609495086324915,0.6146922502625161,-0.6146922502625161
0.5610745230092761,0.6148587282066829,-0.6148587282066829
0.5611995373860608,0.6150252322516513,-0.6150252322516513
0.5613245517628453,0.6151917624129672,-0.6151917624129672
0.5614495661396299,0.6153583187061888,-0.6153583187061888
0.5615745805164145,0.6155249011468864,-0.6155249011468864
0.5616995948931991,0.6156915097506427,-0.6156915097506427
0.5618246092699837,0.6158581445330523,-0.6158581445330523
0.5619496236467683,0.6160248055097223,-0.6160248055097223
0.562074638023553,0.6161914926962719,-0.6161914926962719
0.5621996524003375,0.6163582061083324,-0.6163582061083324
0.5623246667771221,0.6165249457615476,-0.6165249457615476
0.5624496811539067,0.6166917116715734,-0.6166917116715734
0.5625746955306913,0.6168585038540784,-0.6168585038540784
0.5626997099074759,0.6170253223247428,-0.6170253223247428
0.5628247242842604,0.6171921670992597,-0.6171921670992597
0.5629497386610451,0.6173590381933345,-0.6173590381933345
0.5630747530378297,0.6175259356226845,-0.6175259356226845
0.5631997674146143,0.6176928594030396,-0.6176928594030396
0.5633247817913989,0.6178598095501424,-0.6178598095501424
0.5634497961681835,0.6180267860797474,-0.6180267860797474
0.563574810544968,0.6181937890076217,-0.6181937890076217
0.5636998249217526,0.6183608183495448,-0.6183608183495448
0.5638248392985373,0.6185278741213089,-0.6185278741213089
0.5639498536753219,0.6186949563387181,-0.6186949563387181
0.5640748680521065,0.618862065017589,-0.618862065017589
0.5641998824288911,0.6190292001737514,-0.6190292001737514
0.5643248968056757,0.6191963618230467,-0.6191963618230467
0.5644499111824602,0.6193635499813294,-0.6193635499813294
0.5645749255592448,0.6195307646644662,-0.6195307646644662
0.5646999399360295,0.6196980058883366,-0.6196980058883366
0.5648249543128141,0.6198652736688322,-0.6198652736688322
0.5649499686895987,0.6200325680218572,-0.6200325680218572
0.5650749830663833,0.6201998889633292,-0.6201998889633292
0.5651999974431678,0.6203672365091772,-0.6203672365091772
0.5653250118199524,0.6205346106753435,-0.6205346106753435
0.565450026196737,0.620702011477783,-0.620702011477783
0.5655750405735217,0.620869438932463,-0.620869438932463
0.5657000549503063,0.6210368930553635,-0.6210368930553635
0.5658250693270909,0.6212043738624771,-0.6212043738624771
0.5659500837038755,0.621371881369809,-0.621371881369809
0.56607509808066,0.6215394155933774,-0.6215394155933774
0.5662001124574446,0.6217069765492131,-0.6217069765492131
0.5663251268342292,0.6218745642533593,-0.6218745642533593
0.5664501412110138,0.6220421787218722,-0.6220421787218722
0.5665751555877985,0.6222098199708208,-0.6222098199708208
0.5667001699645831,0.6223774880162865,-0.6223774880162865
0.5668251843413676,0.6225451828743636,-0.6225451828743636
0.5669501987181522,0.6227129045611595,-0.6227129045611595
0.5670752130949368,0.6228806530927941,-0.6228806530927941
0.5672002274717214,0.6230484284854001,-0.6230484284854001
0.567325241848506,0.6232162307551231,-0.6232162307551231
0.5674502562252907,0.6233840599181217,-0.6233840599181217
0.5675752706020752,0.6235519159905668,-0.6235519159905668
0.5677002849788598,0.6237197989886429,-0.6237197989886429
0.5678252993556444,0.6238877089285467,-0.6238877089285467
0.567950313732429,0.6240556458264884,-0.6240556458264884
0.5680753281092136,0.6242236096986905,-0.6242236096986905
0.5682003424859982,0.624391600561389,-0.624391600561389
0.5683253568627828,0.6245596184308327,-0.6245596184308327
0.5684503712395674,0.6247276633232829,-0.6247276633232829
0.568575385616352,0.6248957352550143,-0.6248957352550143
0.5687003999931366,0.6250638342423145,-0.6250638342423145
0.5688254143699212,0.6252319603014841,-0.6252319603014841
0.5689504287467058,0.6254001134488367,-0.6254001134488367
0.5690754431234903,0.6255682937006989,-0.6255682937006989
0.569200457500275,0.6257365010734105,-0.6257365010734105
0.5693254718770596,0.6259047355833239,-0.6259047355833239
0.5694504862538442,0.626072997246805,-0.626072997246805
0.5695755006306288,0.6262412860802328,-0.6262412860802328
0.5697005150074134,0.6264096020999991,-0.6264096020999991
0.569825529384198,0.626577945322509,-0.626577945322509
0.5699505437609825,0.6267463157641808,-0.6267463157641808
0.5700755581377672,0.626914713441446,-0.626914713441446
0.5702005725145518,0.6270831383707487,-0.6270831383707487
0.5703255868913364,0.6272515905685468,-0.6272515905685468
0.570450601268121,0.6274200700513112,-0.6274200700513112
0.5705756156449056,0.6275885768355258,-0.6275885768355258
0.5707006300216901,0.6277571109376883,-0.6277571109376883
0.5708256443984747,0.6279256723743087,-0.6279256723743087
0.5709506587752594,0.6280942611619112,-0.6280942611619112
0.571075673152044,0.6282628773170327,-0.6282628773170327
0.5712006875288286,0.6284315208562233,-0.6284315208562233
0.5713257019056132,0.6286001917960469,-0.6286001917960469
0.5714507162823977,0.6287688901530801,-0.6287688901530801
0.5715757306591823,0.6289376159439136,-0.6289376159439136
0.5717007450359669,0.6291063691851505,-0.6291063691851505
0.5718257594127516,0.6292751498934083,-0.6292751498934083
0.5719507737895362,0.6294439580853166,-0.6294439580853166
0.5720757881663208,0.6296127937775197,-0.6296127937775197
0.5722008025431053,0.6297816569866742,-0.6297816569866742
0.5723258169198899,0.6299505477294509,-0.6299505477294509
0.5724508312966745,0.6301194660225335,-0.6301194660225335
0.5725758456734591,0.6302884118826197,-0.6302884118826197
0.5727008600502438,0.6304573853264203,-0.6304573853264203
0.5728258744270284,0.6306263863706593,-0.6306263863706593
0.572950888803813,0.6307954150320746,-0.6307954150320746
0.5730759031805975,0.6309644713274176,-0.6309644713274176
0.5732009175573821,0.631133555273453,-0.631133555273453
0.5733259319341667,0.6313026668869595,-0.6313026668869595
0.5734509463109513,0.6314718061847285,-0.6314718061847285
0.573575960687736,0.631640973183566,-0.631640973183566
0.5737009750645206,0.6318101679002908,-0.6318101679002908
0.5738259894413051,0.6319793903517353,-0.6319793903517353
0.5739510038180897,0.6321486405547463,-0.6321486405547463
0.5740760181948743,0.6323179185261835,-0.6323179185261835
0.5742010325716589,0.6324872242829203,-0.6324872242829203
0.5743260469484435,0.632656557841844,-0.632656557841844
0.5744510613252282,0.6328259192198558,-0.6328259192198558
0.5745760757020127,0.6329953084338699,-0.6329953084338699
0.5747010900787973,0.6331647255008145,-0.6331647255008145
0.5748261044555819,0.6333341704376321,-0.6333341704376321
0.5749511188323665,0.6335036432612781,-0.6335036432612781
0.5750761332091511,0.6336731439887219,-0.6336731439887219
0.5752011475859357,0.6338426726369472,-0.6338426726369472
0.5753261619627204,0.6340122292229509,-0.6340122292229509
0.5754511763395049,0.6341818137637435,-0.6341818137637435
0.5755761907162895,0.6343514262763501,-0.6343514262763501
0.5757012050930741,0.6345210667778091,-0.6345210667778091
0.5758262194698587,0.6346907352851728,-0.6346907352851728
0.5759512338466433,0.6348604318155077,-0.6348604318155077
0.5760762482234278,0.6350301563858936,-0.6350301563858936
0.5762012626002125,0.6351999090134247,-0.6351999090134247
0.5763262769769971,0.6353696897152087,-0.6353696897152087
0.5764512913537817,0.6355394985083677,-0.6355394985083677
0.5765763057305663,0.6357093354100373,-0.6357093354100373
0.5767013201073509,0.6358792004373673,-0.6358792004373673
0.5768263344841355,0.6360490936075216,-0.6360490936075216
0.57695134886092,0.6362190149376779,-0.6362190149376779
0.5770763632377047,0.6363889644450278,-0.6363889644450278
0.5772013776144893,0.636558942146777,-0.636558942146777
0.5773263919912739,0.6367289480601455,-0.6367289480601455
0.5774514063680585,0.636898982202367,-0.636898982202367
0.577576420744843,0.6370690445906895,-0.6370690445906895
0.5777014351216276,0.6372391352423751,-0.6372391352423751
0.5778264494984122,0.6374092541746997,-0.6374092541746997
0.5779514638751968,0.6375794014049537,-0.6375794014049537
0.5780764782519815,0.6377495769504418,-0.6377495769504418
0.5782014926287661,0.6379197808284821,-0.6379197808284821
0.5783265070055507,0.6380900130564073,-0.6380900130564073
0.5784515213823352,0.6382602736515645,-0.6382602736515645
0.5785765357591198,0.6384305626313148,-0.6384305626313148
0.5787015501359044,0.6386008800130334,-0.6386008800130334
0.578826564512689,0.6387712258141099,-0.6387712258141099
0.5789515788894737,0.6389416000519484,-0.6389416000519484
0.5790765932662583,0.6391120027439665,-0.6391120027439665
0.5792016076430428,0.6392824339075969,-0.6392824339075969
0.5793266220198274,0.6394528935602862,-0.6394528935602862
0.579451636396612,0.6396233817194953,-0.6396233817194953
0.5795766507733966,0.6397938984026995,-0.6397938984026995
0.5797016651501812,0.6399644436273886,-0.6399644436273886
0.5798266795269659,0.6401350174110667,-0.6401350174110667
0.5799516939037505,0.6403056197712521,-0.6403056197712521
0.580076708280535,0.6404762507254775,-0.6404762507254775
0.5802017226573196,0.6406469102912904,-0.6406469102912904
0.5803267370341042,0.6408175984862524,-0.6408175984862524
0.5804517514108888,0.6409883153279397,-0.6409883153279397
0.5805767657876734,0.6411590608339425,-0.6411590608339425
0.5807017801644581,0.6413298350218667,-0.6413298350218667
0.5808267945412426,0.641500637909331,-0.641500637909331
0.5809518089180272,0.64167146951397,-0.64167146951397
0.5810768232948118,0.6418423298534323,-0.6418423298534323
0.5812018376715964,0.6420132189453809,-0.6420132189453809
0.581326852048381,0.6421841368074938,-0.6421841368074938
0.5814518664251656,0.6423550834574631,-0.6423550834574631
0.5815768808019502,0.6425260589129962,-0.6425260589129962
0.5817018951787348,0.6426970631918141,-0.6426970631918141
0.5818269095555194,0.6428680963116533,-0.6428680963116533
0.581951923932304,0.6430391582902646,-0.6430391582902646
0.5820769383090886,0.6432102491454137,-0.6432102491454137
0.5822019526858732,0.6433813688948806,-0.6433813688948806
0.5823269670626577,0.6435525175564603,-0.6435525175564603
0.5824519814394424,0.6437236951479627,-0.6437236951479627
0.582576995816227,0.6438949016872118,-0.6438949016872118
0.5827020101930116,0.6440661371920468,-0.6440661371920468
0.5828270245697962,0.6442374016803215,-0.6442374016803215
0.5829520389465808,0.6444086951699051,-0.6444086951699051
0.5830770533233653,0.6445800176786808,-0.6445800176786808
0.5832020677001499,0.6447513692245468,-0.6447513692245468
0.5833270820769346,0.6449227498254166,-0.6449227498254166
0.5834520964537192,0.6450941594992181,-0.6450941594992181
0.5835771108305038,0.6452655982638941,-0.6452655982638941
0.5837021252072884,0.6454370661374026,-0.6454370661374026
0.583827139584073,0.6456085631377161,-0.6456085631377161
0.5839521539608575,0.6457800892828224,-0.6457800892828224
0.5840771683376421,0.6459516445907241,-0.6459516445907241
0.5842021827144268,0.6461232290794389,-0.6461232290794389
0.5843271970912114,0.646294842766999,-0.646294842766999
0.584452211467996,0.6464664856714522,-0.6464664856714522
0.5845772258447806,0.6466381578108609,-0.6466381578108609
0.5847022402215651,0.6468098592033027,-0.6468098592033027
0.5848272545983497,0.6469815898668705,-0.6469815898668705
0.5849522689751343,0.6471533498196718,-0.6471533498196718
0.585077283351919,0.6473251390798295,-0.6473251390798295
0.5852022977287036,0.6474969576654812,-0.6474969576654812
0.5853273121054882,0.6476688055947802,-0.6476688055947802
0.5854523264822727,0.6478406828858948,-0.6478406828858948
0.5855773408590573,0.6480125895570079,-0.6480125895570079
0.5857023552358419,0.6481845256263183,-0.6481845256263183
0.5858273696126265,0.6483564911120397,-0.6483564911120397
0.5859523839894112,0.6485284860324011,-0.6485284860324011
0.5860773983661958,0.6487005104056462,-0.6487005104056462
0.5862024127429803,0.6488725642500348,-0.6488725642500348
0.5863274271197649,0.6490446475838412,-0.6490446475838412
0.5864524414965495,0.6492167604253556,-0.6492167604253556
0.5865774558733341,0.649388902792883,-0.649388902792883
0.5867024702501187,0.649561074704744,-0.649561074704744
0.5868274846269034,0.6497332761792748,-0.6497332761792748
0.586952499003688,0.6499055072348262,-0.6499055072348262
0.5870775133804725,0.6500777678897649,-0.6500777678897649
0.5872025277572571,0.6502500581624729,-0.6502500581624729
0.5873275421340417,0.6504223780713478,-0.6504223780713478
0.5874525565108263,0.6505947276348021,-0.6505947276348021
0.5875775708876109,0.6507671068712643,-0.6507671068712643
0.5877025852643956,0.6509395157991783,-0.6509395157991783
0.5878275996411801,0.6511119544370029,-0.6511119544370029
0.5879526140179647,0.6512844228032129,-0.6512844228032129
0.5880776283947493,0.6514569209162987,-0.6514569209162987
0.5882026427715339,0.651629448794766,-0.651629448794766
0.5883276571483185,0.651802006457136,-0.651802006457136
0.588452671525103,0.6519745939219459,-0.6519745939219459
0.5885776859018877,0.652147211207748,-0.652147211207748
0.5887027002786723,0.6523198583331102,-0.6523198583331102
0.5888277146554569,0.6524925353166164,-0.6524925353166164
0.5889527290322415,0.6526652421768662,-0.6526652421768662
0.5890777434090261,0.6528379789324741,-0.6528379789324741
0.5892027577858107,0.6530107456020712,-0.6530107456020712
0.5893277721625952,0.6531835422043037,-0.6531835422043037
0.5894527865393799,0.6533563687578341,-0.6533563687578341
0.5895778009161645,0.6535292252813399,-0.6535292252813399
0.5897028152929491,0.6537021117935148,-0.6537021117935148
0.5898278296697337,0.6538750283130681,-0.6538750283130681
0.5899528440465183,0.6540479748587253,-0.6540479748587253
0.5900778584233028,0.6542209514492272,-0.6542209514492272
0.5902028728000874,0.6543939581033307,-0.6543939581033307
0.590327887176872,0.6545669948398084,-0.6545669948398084
0.5904529015536567,0.6547400616774492,-0.6547400616774492
0.5905779159304413,0.6549131586350571,-0.6549131586350571
0.5907029303072259,0.6550862857314527,-0.6550862857314527
0.5908279446840105,0.6552594429854721,-0.6552594429854721
0.590952959060795,0.6554326304159677,-0.6554326304159677
0.5910779734375796,0.6556058480418077,-0.6556058480418077
0.5912029878143642,0.6557790958818762,-0.6557790958818762
0.5913280021911489,0.6559523739550736,-0.6559523739550736
0.5914530165679335,0.6561256822803155,-0.6561256822803155
0.5915780309447181,0.6562990208765347,-0.6562990208765347
0.5917030453215026,0.6564723897626793,-0.6564723897626793
0.5918280596982872,0.6566457889577136,-0.6566457889577136
0.5919530740750718,0.6568192184806183,-0.6568192184806183
0.5920780884518564,0.6569926783503898,-0.6569926783503898
0.5922031028286411,0.6571661685860408,-0.6571661685860408
0.5923281172054257,0.6573396892066001,-0.6573396892066001
0.5924531315822102,0.657513240231113,-0.657513240231113
0.5925781459589948,0.6576868216786406,-0.6576868216786406
0.5927031603357794,0.6578604335682602,-0.6578604335682602
0.592828174712564,0.6580340759190657,-0.6580340759190657
0.5929531890893486,0.658207748750167,-0.658207748750167
0.5930782034661333,0.6583814520806902,-0.6583814520806902
0.5932032178429179,0.6585551859297778,-0.6585551859297778
0.5933282322197024,0.6587289503165886,-0.6587289503165886
0.593453246596487,0.6589027452602978,-0.6589027452602978
0.5935782609732716,0.659076570780097,-0.659076570780097
0.5937032753500562,0.6592504268951936,-0.6592504268951936
0.5938282897268408,0.6594243136248122,-0.6594243136248122
0.5939533041036255,0.6595982309881935,-0.6595982309881935
0.59407831848041,0.6597721790045942,-0.6597721790045942
0.5942033328571946,0.659946157693288,-0.659946157693288
0.5943283472339792,0.6601201670735649,-0.6601201670735649
0.5944533616107638,0.6602942071647312,-0.6602942071647312
0.5945783759875484,0.6604682779861101,-0.6604682779861101
0.594703390364333,0.660642379557041,-0.660642379557041
0.5948284047411176,0.6608165118968798,-0.6608165118968798
0.5949534191179022,0.6609906750249993,-0.6609906750249993
0.5950784334946868,0.6611648689607884,-0.6611648689607884
0.5952034478714714,0.6613390937236531,-0.6613390937236531
0.595328462248256,0.6615133493330156,-0.6615133493330156
0.5954534766250406,0.6616876358083151,-0.6616876358083151
0.5955784910018251,0.6618619531690073,-0.6618619531690073
0.5957035053786098,0.6620363014345648,-0.6620363014345648
0.5958285197553944,0.6622106806244762,-0.6622106806244762
0.595953534132179,0.6623850907582476,-0.6623850907582476
0.5960785485089636,0.6625595318554016,-0.6625595318554016
0.5962035628857482,0.6627340039354774,-0.6627340039354774
0.5963285772625327,0.6629085070180312,-0.6629085070180312
0.5964535916393173,0.6630830411226358,-0.6630830411226358
0.596578606016102,0.6632576062688813,-0.6632576062688813
0.5967036203928866,0.6634322024763738,-0.6634322024763738
0.5968286347696712,0.6636068297647368,-0.6636068297647368
0.5969536491464558,0.6637814881536109,-0.6637814881536109
0.5970786635232403,0.6639561776626532,-0.6639561776626532
0.5972036779000249,0.6641308983115378,-0.6641308983115378
0.5973286922768095,0.6643056501199558,-0.6643056501199558
0.5974537066535942,0.6644804331076156,-0.6644804331076156
0.5975787210303788,0.6646552472942417,-0.6646552472942417
0.5977037354071634,0.6648300926995766,-0.6648300926995766
0.597828749783948,0.6650049693433793,-0.6650049693433793
0.5979537641607325,0.6651798772454256,-0.6651798772454256
0.5980787785375171,0.6653548164255092,-0.6653548164255092
0.5982037929143017,0.6655297869034401,-0.6655297869034401
0.5983288072910864,0.665704788699046,-0.665704788699046
0.598453821667871,0.665879821832171,-0.665879821832171
0.5985788360446556,0.6660548863226771,-0.6660548863226771
0.5987038504214401,0.666229982190443,-0.666229982190443
0.5988288647982247,0.6664051094553648,-0.6664051094553648
0.5989538791750093,0.6665802681373559,-0.6665802681373559
0.5990788935517939,0.6667554582563466,-0.6667554582563466
0.5992039079285786,0.666930679832285,-0.666930679832285
0.5993289223053632,0.6671059328851356,-0.6671059328851356
0.5994539366821477,0.6672812174348811,-0.6672812174348811
0.5995789510589323,0.6674565335015211,-0.6674565335015211
0.5997039654357169,0.6676318811050725,-0.6676318811050725
0.5998289798125015,0.6678072602655697,-0.6678072602655697
0.5999539941892861,0.6679826710030643,-0.6679826710030643
0.6000790085660708,0.6681581133376258,-0.6681581133376258
0.6002040229428554,0.6683335872893403,-0.6683335872893403
0.6003290373196399,0.668509092878312,-0.668509092878312
0.6004540516964245,0.6686846301246623,-0.6686846301246623
0.6005790660732091,0.6688601990485302,-0.6688601990485302
0.6007040804499937,0.6690357996700721,-0.6690357996700721
0.6008290948267783,0.6692114320094621,-0.6692114320094621
0.600954109203563,0.6693870960868916,-0.6693870960868916
0.6010791235803475,0.6695627919225698,-0.6695627919225698
0.6012041379571321,0.6697385195367234,-0.6697385195367234
0.6013291523339167,0.6699142789495965,-0.6699142789495965
0.6014541667107013,0.6700900701814513,-0.6700900701814513
0.6015791810874859,0.6702658932525672,-0.6702658932525672
0.6017041954642705,0.6704417481832418,-0.6704417481832418
0.601829209841055,0.6706176349937896,-0.6706176349937896
0.6019542242178397,0.6707935537045439,-0.6707935537045439
0.6020792385946243,0.6709695043358547,-0.6709695043358547
0.6022042529714089,0.6711454869080903,-0.6711454869080903
0.6023292673481935,0.6713215014416366,-0.6713215014416366
0.6024542817249781,0.6714975479568976,-0.6714975479568976
0.6025792961017626,0.671673626474295,-0.671673626474295
0.6027043104785472,0.671849737014268,-0.671849737014268
0.6028293248553319,0.6720258795972743,-0.6720258795972743
0.6029543392321165,0.6722020542437889,-0.6722020542437889
0.6030793536089011,0.6723782609743051,-0.6723782609743051
0.6032043679856857,0.6725544998093338,-0.6725544998093338
0.6033293823624702,0.6727307707694042,-0.6727307707694042
0.6034543967392548,0.6729070738750637,-0.6729070738750637
0.6035794111160394,0.6730834091468767,-0.6730834091468767
0.6037044254928241,0.6732597766054269,-0.6732597766054269
0.6038294398696087,0.6734361762713151,-0.6734361762713151
0.6039544542463933,0.6736126081651604,-0.6736126081651604
0.6040794686231779,0.6737890723076004,-0.6737890723076004
0.6042044829999624,0.6739655687192905,-0.6739655687192905
0.604329497376747,0.6741420974209039,-0.6741420974209039
0.6044545117535316,0.6743186584331328,-0.6743186584331328
0.6045795261303163,0.6744952517766869,-0.6744952517766869
0.6047045405071009,0.6746718774722941,-0.6746718774722941
0.6048295548838855,0.6748485355407008,-0.6748485355407008
0.60495456926067,0.6750252260026717,-0.6750252260026717
0.6050795836374546,0.6752019488789897,-0.6752019488789897
0.6052045980142392,0.6753787041904556,-0.6753787041904556
0.6053296123910238,0.6755554919578892,-0.6755554919578892
0.6054546267678085,0.6757323122021284,-0.6757323122021284
0.6055796411445931,0.6759091649440289,-0.6759091649440289
0.6057046555213776,0.6760860502044654,-0.6760860502044654
0.6058296698981622,0.6762629680043308,-0.6762629680043308
0.6059546842749468,0.6764399183645369,-0.6764399183645369
0.6060796986517314,0.6766169013060129,-0.6766169013060129
0.606204713028516,0.6767939168497076,-0.6767939168497076
0.6063297274053007,0.6769709650165876,-0.6769709650165876
0.6064547417820852,0.6771480458276382,-0.6771480458276382
0.6065797561588698,0.6773251593038632,-0.6773251593038632
0.6067047705356544,0.677502305466285,-0.677502305466285
0.606829784912439,0.6776794843359447,-0.6776794843359447
0.6069547992892236,0.6778566959339021,-0.6778566959339021
0.6070798136660082,0.6780339402812351,-0.6780339402812351
0.6072048280427929,0.678211217399041,-0.678211217399041
0.6073298424195774,0.678388527308435,-0.678388527308435
0.607454856796362,0.6785658700305516,-0.6785658700305516
0.6075798711731466,0.6787432455865438,-0.6787432455865438
0.6077048855499312,0.6789206539975833,-0.6789206539975833
0.6078298999267158,0.6790980952848608,-0.6790980952848608
0.6079549143035003,0.6792755694695854,-0.6792755694695854
0.608079928680285,0.6794530765729856,-0.6794530765729856
0.6082049430570696,0.6796306166163081,-0.6796306166163081
0.6083299574338542,0.6798081896208189,-0.6798081896208189
0.6084549718106388,0.6799857956078028,-0.6799857956078028
0.6085799861874234,0.6801634345985632,-0.6801634345985632
0.608705000564208,0.680341106614423,-0.680341106614423
0.6088300149409925,0.6805188116767238,-0.6805188116767238
0.6089550293177772,0.6806965498068259,-0.6806965498068259
0.6090800436945618,0.680874321026109,-0.680874321026109
0.6092050580713464,0.6810521253559716,-0.6810521253559716
0.609330072448131,0.6812299628178313,-0.6812299628178313
0.6094550868249156,0.6814078334331249,-0.6814078334331249
0.6095801012017001,0.6815857372233083,-0.6815857372233083
0.6097051155784847,0.6817636742098562,-0.6817636742098562
0.6098301299552694,0.6819416444142631,-0.6819416444142631
0.609955144332054,0.6821196478580417,-0.6821196478580417
0.6100801587088386,0.6822976845627248,-0.6822976845627248
0.6102051730856232,0.6824757545498639,-0.6824757545498639
0.6103301874624077,0.6826538578410299,-0.6826538578410299
0.6104552018391923,0.6828319944578133,-0.6828319944578133
0.6105802162159769,0.6830101644218232,-0.6830101644218232
0.6107052305927616,0.6831883677546888,-0.6831883677546888
0.6108302449695462,0.6833666044780577,-0.6833666044780577
0.6109552593463308,0.6835448746135978,-0.6835448746135978
0.6110802737231154,0.6837231781829958,-0.6837231781829958
0.6112052880998999,0.6839015152079578,-0.6839015152079578
0.6113303024766845,0.68407988571021,-0.68407988571021
0.6114553168534691,0.6842582897114973,-0.6842582897114973
0.6115803312302538,0.6844367272335845,-0.6844367272335845
0.6117053456070384,0.6846151982982555,-0.6846151982982555
0.611830359983823,0.6847937029273142,-0.6847937029273142
0.6119553743606075,0.6849722411425839,-0.6849722411425839
0.6120803887373921,0.6851508129659073,-0.6851508129659073
0.6122054031141767,0.6853294184191471,-0.6853294184191471
0.6123304174909613,0.6855080575241852,-0.6855080575241852
0.612455431867746,0.6856867303029235,-0.6856867303029235
0.6125804462445306,0.6858654367772832,-0.6858654367772832
0.6127054606213151,0.6860441769692054,-0.6860441769692054
0.6128304749980997,0.6862229509006512,-0.6862229509006512
0.6129554893748843,0.6864017585936011,-0.6864017585936011
0.6130805037516689,0.6865806000700555,-0.6865806000700555
0.6132055181284535,0.6867594753520345,-0.6867594753520345
0.6133305325052381,0.6869383844615782,-0.6869383844615782
0.6134555468820228,0.6871173274207467,-0.6871173274207467
0.6135805612588073,0.6872963042516194,-0.6872963042516194
0.6137055756355919,0.6874753149762959,-0.6874753149762959
0.6138305900123765,0.6876543596168959,-0.6876543596168959
0.6139556043891611,0.6878334381955591,-0.6878334381955591
0.6140806187659457,0.6880125507344449,-0.6880125507344449
0.6142056331427302,0.6881916972557327,-0.6881916972557327
0.6143306475195149,0.6883708777816223,-0.6883708777816223
0.6144556618962995,0.688550092334333,-0.688550092334333
0.6145806762730841,0.6887293409361046,-0.6887293409361046
0.6147056906498687,0.6889086236091968,-0.6889086236091968
0.6148307050266533,0.6890879403758896,-0.6890879403758896
0.6149557194034379,0.6892672912584831,-0.6892672912584831
0.6150807337802224,0.6894466762792973,-0.6894466762792973
0.6152057481570071,0.689626095460673,-0.689626095460673
0.6153307625337917,0.6898055488249706,-0.6898055488249706
0.6154557769105763,0.6899850363945711,-0.6899850363945711
0.6155807912873609,0.6901645581918756,-0.6901645581918756
0.6157058056641455,0.6903441142393059,-0.6903441142393059
0.61583082004093,0.6905237045593036,-0.6905237045593036
0.6159558344177146,0.6907033291743309,-0.6907033291743309
0.6160808487944993,0.6908829881068705,-0.6908829881068705
0.6162058631712839,0.6910626813794254,-0.6910626813794254
0.6163308775480685,0.6912424090145189,-0.6912424090145189
0.6164558919248531,0.691422171034695,-0.691422171034695
0.6165809063016376,0.6916019674625181,-0.6916019674625181
0.6167059206784222,0.6917817983205731,-0.6917817983205731
0.6168309350552068,0.6919616636314654,-0.6919616636314654
0.6169559494319915,0.692141563417821,-0.692141563417821
0.6170809638087761,0.6923214977022863,-0.6923214977022863
0.6172059781855607,0.6925014665075289,-0.6925014665075289
0.6173309925623452,0.6926814698562362,-0.6926814698562362
0.6174560069391298,0.692861507771117,-0.692861507771117
0.6175810213159144,0.6930415802749005,-0.6930415802749005
0.617706035692699,0.6932216873903365,-0.6932216873903365
0.6178310500694837,0.693401829140196,-0.693401829140196
0.6179560644462683,0.69358200554727,-0.69358200554727
0.6180810788230529,0.6937622166343709,-0.6937622166343709
0.6182060931998374,0.6939424624243319,-0.6939424624243319
0.618331107576622,0.6941227429400069,-0.6941227429400069
0.6184561219534066,0.6943030582042705,-0.6943030582042705
0.6185811363301912,0.6944834082400188,-0.6944834082400188
0.6187061507069759,0.6946637930701682,-0.6946637930701682
0.6188311650837605,0.6948442127176563,-0.6948442127176563
0.618956179460545,0.6950246672054418,-0.6950246672054418
0.6190811938373296,0.6952051565565042,-0.6952051565565042
0.6192062082141142,0.6953856807938441,-0.6953856807938441
0.6193312225908988,0.6955662399404834,-0.6955662399404834
0.6194562369676834,0.6957468340194647,-0.6957468340194647
0.6195812513444681,0.6959274630538523,-0.6959274630538523
0.6197062657212526,0.6961081270667308,-0.6961081270667308
0.6198312800980372,0.6962888260812066,-0.6962888260812066
0.6199562944748218,0.6964695601204072,-0.6964695601204072
0.6200813088516064,0.6966503292074812,-0.6966503292074812
0.620206323228391,0.6968311333655984,-0.6968311333655984
0.6203313376051756,0.6970119726179504,-0.6970119726179504
0.6204563519819603,0.6971928469877495,-0.6971928469877495
0.6205813663587448,0.6973737564982294,-0.6973737564982294
0.6207063807355294,0.6975547011726455,-0.6975547011726455
0.620831395112314,0.6977356810342743,-0.6977356810342743
0.6209564094890986,0.6979166961064138,-0.6979166961064138
0.6210814238658832,0.6980977464123835,-0.6980977464123835
0.6212064382426677,0.6982788319755244,-0.6982788319755244
0.6213314526194524,0.698459952819199,-0.698459952819199
0.621456466996237,0.6986411089667911,-0.6986411089667911
0.6215814813730216,0.6988223004417062,-0.6988223004417062
0.6217064957498062,0.6990035272673714,-0.6990035272673714
0.6218315101265908,0.6991847894672356,-0.6991847894672356
0.6219565245033754,0.6993660870647689,-0.6993660870647689
0.6220815388801599,0.6995474200834634,-0.6995474200834634
0.6222065532569446,0.699728788546833,-0.699728788546833
0.6223315676337292,0.6999101924784128,-0.6999101924784128
0.6224565820105138,0.7000916319017603,-0.7000916319017603
0.6225815963872984,0.7002731068404541,-0.7002731068404541
0.622706610764083,0.7004546173180951,-0.7004546173180951
0.6228316251408675,0.700636163358306,-0.700636163358306
0.6229566395176521,0.7008177449847312,-0.7008177449847312
0.6230816538944368,0.7009993622210371,-0.7009993622210371
0.6232066682712214,0.7011810150909118,-0.7011810150909118
0.623331682648006,0.7013627036180654,-0.7013627036180654
0.6234566970247906,0.7015444278262304,-0.7015444278262304
0.6235817114015751,0.7017261877391606,-0.7017261877391606
0.6237067257783597,0.7019079833806325,-0.7019079833806325
0.6238317401551443,0.7020898147744443,-0.7020898147744443
0.623956754531929,0.7022716819444165,-0.7022716819444165
0.6240817689087136,0.7024535849143912,-0.7024535849143912
0.6242067832854982,0.7026355237082331,-0.7026355237082331
0.6243317976622828,0.7028174983498292,-0.7028174983498292
0.6244568120390673,0.7029995088630883,-0.7029995088630883
0.6245818264158519,0.7031815552719416,-0.7031815552719416
0.6247068407926365,0.7033636376003426,-0.7033636376003426
0.6248318551694212,0.7035457558722672,-0.7035457558722672
0.6249568695462058,0.7037279101117131,-0.7037279101117131
0.6250818839229904,0.7039101003427011,-0.7039101003427011
0.6252068982997749,0.7040923265892738,-0.7040923265892738
0.6253319126765595,0.7042745888754963,-0.7042745888754963
0.6254569270533441,0.7044568872254563,-0.7044568872254563
0.6255819414301287,0.704639221663264,-0.704639221663264
0.6257069558069133,0.7048215922130519,-0.7048215922130519
0.625831970183698,0.7050039988989749,-0.7050039988989749
0.6259569845604825,0.705186441745211,-0.705186441745211
0.6260819989372671,0.7053689207759598,-0.7053689207759598
0.6262070133140517,0.7055514360154447,-0.7055514360154447
0.6263320276908363,0.7057339874879109,-0.7057339874879109
0.6264570420676209,0.7059165752176265,-0.7059165752176265
0.6265820564444055,0.7060991992288823,-0.7060991992288823
0.6267070708211901,0.7062818595459921,-0.7062818595459921
0.6268320851979747,0.7064645561932917,-0.7064645561932917
0.6269570995747593,0.7066472891951405,-0.7066472891951405
0.6270821139515439,0.7068300585759203,-0.7068300585759203
0.6272071283283285,0.7070128643600356,-0.7070128643600356
0.6273321427051131,0.7071957065719143,-0.7071957065719143
0.6274571570818976,0.7073785852360067,-0.7073785852360067
0.6275821714586823,0.7075615003767866,-0.7075615003767866
0.6277071858354669,0.7077444520187496,-0.7077444520187496
0.6278322002122515,0.7079274401864155,-0.7079274401864155
0.6279572145890361,0.7081104649043268,-0.7081104649043268
0.6280822289658207,0.7082935261970488,-0.7082935261970488
0.6282072433426052,0.70847662408917,-0.70847662408917
0.6283322577193898,0.7086597586053021,-0.7086597586053021
0.6284572720961745,0.7088429297700799,-0.7088429297700799
0.6285822864729591,0.709026137608161,-0.709026137608161
0.6287073008497437,0.7092093821442268,-0.7092093821442268
0.6288323152265283,0.7093926634029817,-0.7093926634029817
0.6289573296033129,0.7095759814091532,-0.7095759814091532
0.6290823439800974,0.7097593361874923,-0.7097593361874923
0.629207358356882,0.7099427277627731,-0.7099427277627731
0.6293323727336667,0.7101261561597935,-0.7101261561597935
0.6294573871104513,0.7103096214033741,-0.7103096214033741
0.6295824014872359,0.7104931235183594,-0.7104931235183594
0.6297074158640205,0.7106766625296171,-0.7106766625296171
0.629832430240805,0.7108602384620388,-0.7108602384620388
0.6299574446175896,0.7110438513405392,-0.7110438513405392
0.6300824589943742,0.7112275011900565,-0.7112275011900565
0.6302074733711589,0.711411188035553,-0.711411188035553
0.6303324877479435,0.7115949119020135,-0.7115949119020135
0.6304575021247281,0.7117786728144477,-0.7117786728144477
0.6305825165015126,0.7119624707978883,-0.7119624707978883
0.6307075308782972,0.7121463058773916,-0.7121463058773916
0.6308325452550818,0.7123301780780379,-0.7123301780780379
0.6309575596318664,0.7125140874249312,-0.7125140874249312
0.6310825740086511,0.7126980339431993,-0.7126980339431993
0.6312075883854357,0.7128820176579935,-0.7128820176579935
0.6313326027622203,0.7130660385944895,-0.7130660385944895
0.6314576171390048,0.7132500967778862,-0.7132500967778862
0.6315826315157894,0.7134341922334072,-0.7134341922334072
0.631707645892574,0.7136183249862993,-0.7136183249862993
0.6318326602693586,0.7138024950618338,-0.7138024950618338
0.6319576746461433,0.7139867024853058,-0.7139867024853058
0.6320826890229279,0.7141709472820343,-0.7141709472820343
0.6322077033997124,0.7143552294773625,-0.7143552294773625
0.632332717776497,0.7145395490966577,-0.7145395490966577
0.6324577321532816,0.7147239061653116,-0.7147239061653116
0.6325827465300662,0.7149083007087392,-0.7149083007087392
0.6327077609068508,0.7150927327523809,-0.7150927327523809
0.6328327752836355,0.7152772023217006,-0.7152772023217006
0.63295778966042,0.7154617094421862,-0.7154617094421862
0.6330828040372046,0.7156462541393505,-0.7156462541393505
0.6332078184139892,0.7158308364387302,-0.7158308364387302
0.6333328327907738,0.7160154563658868,-0.7160154563658868
0.6334578471675584,0.7162001139464057,-0.7162001139464057
0.633582861544343,0.7163848092058971,-0.7163848092058971
0.6337078759211277,0.7165695421699954,-0.7165695421699954
0.6338328902979122,0.7167543128643595,-0.7167543128643595
0.6339579046746968,0.7169391213146729,-0.7169391213146729
0.6340829190514814,0.7171239675466434,-0.7171239675466434
0.634207933428266,0.7173088515860041,-0.7173088515860041
0.6343329478050506,0.717493773458512,-0.717493773458512
0.6344579621818351,0.7176787331899486,-0.7176787331899486
0.6345829765586198,0.717863730806121,-0.717863730806121
0.6347079909354044,0.7180487663328601,-0.7180487663328601
0.634833005312189,0.7182338397960218,-0.7182338397960218
0.6349580196889736,0.7184189512214871,-0.7184189512214871
0.6350830340657582,0.7186041006351616,-0.7186041006351616
0.6352080484425427,0.7187892880629755,-0.7187892880629755
0.6353330628193273,0.7189745135308842,-0.7189745135308842
0.635458077196112,0.7191597770648679,-0.7191597770648679
0.6355830915728966,0.7193450786909317,-0.7193450786909317
0.6357081059496812,0.7195304184351056,-0.7195304184351056
0.6358331203264658,0.7197157963234448,-0.7197157963234448
0.6359581347032504,0.7199012123820295,-0.7199012123820295
0.6360831490800349,0.7200866666369649,-0.7200866666369649
0.6362081634568195,0.7202721591143814,-0.7202721591143814
0.6363331778336042,0.7204576898404342,-0.7204576898404342
0.6364581922103888,0.7206432588413043,-0.7206432588413043
0.6365832065871734,0.7208288661431972,-0.7208288661431972
0.636708220963958,0.7210145117723441,-0.7210145117723441
0.6368332353407425,0.7212001957550014,-0.7212001957550014
0.6369582497175271,0.7213859181174508,-0.7213859181174508
0.6370832640943117,0.7215716788859994,-0.7215716788859994
0.6372082784710963,0.7217574780869793,-0.7217574780869793
0.637333292847881,0.7219433157467486,-0.7219433157467486
0.6374583072246656,0.7221291918916903,-0.7221291918916903
0.6375833216014501,0.7223151065482132,-0.7223151065482132
0.6377083359782347,0.7225010597427515,-0.7225010597427515
0.6378333503550193,0.722687051501765,-0.722687051501765
0.6379583647318039,0.722873081851739,-0.722873081851739
0.6380833791085885,0.7230591508191845,-0.7230591508191845
0.6382083934853732,0.7232452584306382,-0.7232452584306382
0.6383334078621578,0.7234314047126622,-0.7234314047126622
0.6384584222389423,0.7236175896918446,-0.7236175896918446
0.6385834366157269,0.7238038133947992,-0.7238038133947992
0.6387084509925115,0.7239900758481652,-0.7239900758481652
0.6388334653692961,0.7241763770786085,-0.7241763770786085
0.6389584797460807,0.72436271711282,-0.72436271711282
0.6390834941228654,0.7245490959775168,-0.7245490959775168
0.6392085084996499,0.7247355136994419,-0.7247355136994419
0.6393335228764345,0.7249219703053644,-0.7249219703053644
0.6394585372532191,0.7251084658220792,-0.7251084658220792
0.6395835516300037,0.7252950002764075,-0.7252950002764075
0.6397085660067883,0.725481573695196,-0.725481573695196
0.6398335803835729,0.725668186105318,-0.725668186105318
0.6399585947603575,0.7258548375336731,-0.7258548375336731
0.6400836091371421,0.7260415280071864,-0.7260415280071864
0.6402086235139267,0.7262282575528095,-0.7262282575528095
0.6403336378907113,0.7264150261975206,-0.7264150261975206
0.6404586522674959,0.7266018339683239,-0.7266018339683239
0.6405836666442805,0.7267886808922495,-0.7267886808922495
0.640708681021065,0.7269755669963546,-0.7269755669963546
0.6408336953978497,0.7271624923077225,-0.7271624923077225
0.6409587097746343,0.7273494568534623,-0.7273494568534623
0.6410837241514189,0.7275364606607105,-0.7275364606607105
0.6412087385282035,0.7277235037566295,-0.7277235037566295
0.6413337529049881,0.7279105861684084,-0.7279105861684084
0.6414587672817726,0.728097707923263,-0.728097707923263
0.6415837816585572,0.7282848690484355,-0.7282848690484355
0.6417087960353419,0.7284720695711948,-0.7284720695711948
0.6418338104121265,0.7286593095188362,-0.7286593095188362
0.6419588247889111,0.728846588918682,-0.728846588918682
0.6420838391656957,0.7290339077980813,-0.7290339077980813
0.6422088535424803,0.7292212661844099,-0.7292212661844099
0.6423338679192648,0.7294086641050701,-0.7294086641050701
0.6424588822960494,0.7295961015874916,-0.7295961015874916
0.6425838966728341,0.7297835786591306,-0.7297835786591306
0.6427089110496187,0.7299710953474702,-0.7299710953474702
0.6428339254264033,0.7301586516800206,-0.7301586516800206
0.6429589398031879,0.730346247684319,-0.730346247684319
0.6430839541799724,0.7305338833879296,-0.7305338833879296
0.643208968556757,0.7307215588184436,-0.7307215588184436
0.6433339829335416,0.7309092740034794,-0.7309092740034794
0.6434589973103263,0.7310970289706826,-0.7310970289706826
0.6435840116871109,0.7312848237477257,-0.7312848237477257
0.6437090260638955,0.7314726583623086,-0.7314726583623086
0.64383404044068,0.7316605328421585,-0.7316605328421585
0.6439590548174646,0.7318484472150296,-0.7318484472150296
0.6440840691942492,0.732036401508704,-0.732036401508704
0.6442090835710338,0.7322243957509905,-0.7322243957509905
0.6443340979478185,0.7324124299697261,-0.7324124299697261
0.6444591123246031,0.7326005041927741,-0.7326005041927741
0.6445841267013876,0.7327886184480261,-0.7327886184480261
0.6447091410781722,0.7329767727634012,-0.7329767727634012
0.6448341554549568,0.7331649671668458,-0.7331649671668458
0.6449591698317414,0.7333532016863338,-0.7333532016863338
0.645084184208526,0.7335414763498671,-0.7335414763498671
0.6452091985853107,0.733729791185475,-0.733729791185475
0.6453342129620953,0.7339181462212145,-0.7339181462212145
0.6454592273388798,0.7341065414851702,-0.7341065414851702
0.6455842417156644,0.7342949770054548,-0.7342949770054548
0.645709256092449,0.7344834528102085,-0.7344834528102085
0.6458342704692336,0.7346719689275999,-0.7346719689275999
0.6459592848460182,0.7348605253858247,-0.7348605253858247
0.6460842992228029,0.7350491222131074,-0.7350491222131074
0.6462093135995874,0.7352377594376993,-0.7352377594376993
0.646334327976372,0.7354264370878807,-0.7354264370878807
0.6464593423531566,0.7356151551919597,-0.7356151551919597
0.6465843567299412,0.7358039137782725,-0.7358039137782725
0.6467093711067258,0.735992712875183,-0.735992712875183
0.6468343854835104,0.7361815525110837,-0.7361815525110837
0.646959399860295,0.7363704327143956,-0.7363704327143956
0.6470844142370796,0.7365593535135669,-0.7365593535135669
0.6472094286138642,0.7367483149370749,-0.7367483149370749
0.6473344429906488,0.736937317013425,-0.736937317013425
0.6474594573674334,0.737126359771151,-0.737126359771151
0.647584471744218,0.7373154432388149,-0.7373154432388149
0.6477094861210025,0.7375045674450075,-0.7375045674450075
0.6478345004977872,0.7376937324183476,-0.7376937324183476
0.6479595148745718,0.7378829381874827,-0.7378829381874827
0.6480845292513564,0.7380721847810889,-0.7380721847810889
0.648209543628141,0.738261472227871,-0.738261472227871
0.6483345580049256,0.7384508005565621,-0.7384508005565621
0.6484595723817101,0.7386401697959242,-0.7386401697959242
0.6485845867584947,0.7388295799747479,-0.7388295799747479
0.6487096011352794,0.7390190311218529,-0.7390190311218529
0.648834615512064,0.7392085232660869,-0.7392085232660869
0.6489596298888486,0.739398056436327,-0.739398056436327
0.6490846442656332,0.7395876306614791,-0.7395876306614791
0.6492096586424178,0.7397772459704781,-0.7397772459704781
0.6493346730192023,0.7399669023922875,-0.7399669023922875
0.6494596873959869,0.7401565999559,-0.7401565999559
0.6495847017727715,0.7403463386903373,-0.7403463386903373
0.6497097161495562,0.7405361186246503,-0.7405361186246503
0.6498347305263408,0.7407259397879187,-0.7407259397879187
0.6499597449031254,0.7409158022092514,-0.7409158022092514
0.6500847592799099,0.7411057059177865,-0.7411057059177865
0.6502097736566945,0.7412956509426917,-0.7412956509426917
0.6503347880334791,0.7414856373131633,-0.7414856373131633
0.6504598024102637,0.7416756650584276,-0.7416756650584276
0.6505848167870484,0.7418657342077398,-0.7418657342077398
0.650709831163833,0.7420558447903844,-0.7420558447903844
0.6508348455406175,0.7422459968356756,-0.7422459968356756
0.6509598599174021,0.7424361903729569,-0.7424361903729569
0.6510848742941867,0.7426264254316016,-0.7426264254316016
0.6512098886709713,0.742816702041012,-0.742816702041012
0.6513349030477559,0.7430070202306205,-0.7430070202306205
0.6514599174245406,0.743197380029889,-0.743197380029889
0.6515849318013252,0.7433877814683089,-0.7433877814683089
0.6517099461781097,0.7435782245754013,-0.7435782245754013
0.6518349605548943,0.7437687093807173,-0.7437687093807173
0.6519599749316789,0.7439592359138376,-0.7439592359138376
0.6520849893084635,0.7441498042043728,-0.7441498042043728
0.6522100036852481,0.7443404142819634,-0.7443404142819634
0.6523350180620328,0.7445310661762798,-0.7445310661762798
0.6524600324388173,0.7447217599170224,-0.7447217599170224
0.6525850468156019,0.7449124955339212,-0.7449124955339212
0.6527100611923865,0.745103273056737,-0.745103273056737
0.6528350755691711,0.7452940925152601,-0.7452940925152601
0.6529600899459557,0.7454849539393111,-0.7454849539393111
0.6530851043227403,0.7456758573587408,-0.7456758573587408
0.6532101186995249,0.7458668028034303,-0.7458668028034303
0.6533351330763095,0.7460577903032906,-0.7460577903032906
0.6534601474530941,0.7462488198882633,-0.7462488198882633
0.6535851618298787,0.7464398915883202,-0.7464398915883202
0.6537101762066633,0.7466310054334637,-0.7466310054334637
0.6538351905834479,0.7468221614537264,-0.7468221614537264
0.6539602049602324,0.7470133596791714,-0.7470133596791714
0.6540852193370171,0.7472046001398925,-0.7472046001398925
0.6542102337138017,0.7473958828660137,-0.7473958828660137
0.6543352480905863,0.7475872078876897,-0.7475872078876897
0.6544602624673709,0.747778575235106,-0.747778575235106
0.6545852768441555,0.7479699849384789,-0.7479699849384789
0.65471029122094,0.7481614370280549,-0.7481614370280549
0.6548353055977246,0.7483529315341119,-0.7483529315341119
0.6549603199745093,0.7485444684869582,-0.7485444684869582
0.6550853343512939,0.7487360479169328,-0.7487360479169328
0.6552103487280785,0.7489276698544058,-0.7489276698544058
0.6553353631048631,0.7491193343297786,-0.7491193343297786
0.6554603774816476,0.749311041373483,-0.749311041373483
0.6555853918584322,0.7495027910159823,-0.7495027910159823
0.6557104062352168,0.7496945832877704,-0.7496945832877704
0.6558354206120015,0.7498864182193729,-0.7498864182193729
0.6559604349887861,0.7500782958413458,-0.7500782958413458
0.6560854493655707,0.7502702161842767,-0.7502702161842767
0.6562104637423553,0.7504621792787847,-0.7504621792787847
0.6563354781191398,0.7506541851555197,-0.7506541851555197
0.6564604924959244,0.7508462338451635,-0.7508462338451635
0.656585506872709,0.7510383253784286,-0.7510383253784286
0.6567105212494937,0.7512304597860597,-0.7512304597860597
0.6568355356262783,0.7514226370988321,-0.7514226370988321
0.6569605500030629,0.751614857347553,-0.751614857347553
0.6570855643798474,0.7518071205630613,-0.7518071205630613
0.657210578756632,0.7519994267762274,-0.7519994267762274
0.6573355931334166,0.7521917760179534,-0.7521917760179534
0.6574606075102012,0.7523841683191729,-0.7523841683191729
0.6575856218869859,0.7525766037108516,-0.7525766037108516
0.6577106362637705,0.7527690822239862,-0.7527690822239862
0.657835650640555,0.7529616038896059,-0.7529616038896059
0.6579606650173396,0.7531541687387718,-0.7531541687387718
0.6580856793941242,0.7533467768025767,-0.7533467768025767
0.6582106937709088,0.7535394281121451,-0.7535394281121451
0.6583357081476934,0.753732122698634,-0.753732122698634
0.6584607225244781,0.7539248605932323,-0.7539248605932323
0.6585857369012627,0.7541176418271605,-0.7541176418271605
0.6587107512780472,0.7543104664316718,-0.7543104664316718
0.6588357656548318,0.7545033344380515,-0.7545033344380515
0.6589607800316164,0.754696245877617,-0.754696245877617
0.659085794408401,0.7548892007817181,-0.7548892007817181
0.6592108087851856,0.7550821991817368,-0.7550821991817368
0.6593358231619703,0.7552752411090876,-0.7552752411090876
0.6594608375387548,0.755468326595217,-0.755468326595217
0.6595858519155394,0.7556614556716044,-0.7556614556716044
0.659710866292324,0.7558546283697616,-0.7558546283697616
0.6598358806691086,0.7560478447212331,-0.7560478447212331
0.6599608950458932,0.7562411047575957,-0.7562411047575957
0.6600859094226778,0.7564344085104587,-0.7564344085104587
0.6602109237994624,0.7566277560114649,-0.7566277560114649
0.660335938176247,0.7568211472922889,-0.7568211472922889
0.6604609525530316,0.7570145823846384,-0.7570145823846384
0.6605859669298162,0.7572080613202543,-0.7572080613202543
0.6607109813066008,0.7574015841309097,-0.7574015841309097
0.6608359956833854,0.7575951508484113,-0.7575951508484113
0.6609610100601699,0.7577887615045985,-0.7577887615045985
0.6610860244369545,0.7579824161313433,-0.7579824161313433
0.6612110388137392,0.7581761147605517,-0.7581761147605517
0.6613360531905238,0.7583698574241617,-0.7583698574241617
0.6614610675673084,0.7585636441541452,-0.7585636441541452
0.661586081944093,0.7587574749825073,-0.7587574749825073
0.6617110963208775,0.758951349941286,-0.758951349941286
0.6618361106976621,0.7591452690625528,-0.7591452690625528
0.6619611250744467,0.7593392323784124,-0.7593392323784124
0.6620861394512314,0.7595332399210034,-0.7595332399210034
0.662211153828016,0.759727291722497,-0.759727291722497
0.6623361682048006,0.7599213878150984,-0.7599213878150984
0.6624611825815852,0.7601155282310467,-0.7601155282310467
0.6625861969583697,0.7603097130026135,-0.7603097130026135
0.6627112113351543,0.7605039421621053,-0.7605039421621053
0.6628362257119389,0.7606982157418615,-0.7606982157418615
0.6629612400887236,0.7608925337742554,-0.7608925337742554
0.6630862544655082,0.761086896291694,-0.761086896291694
0.6632112688422928,0.7612813033266183,-0.7612813033266183
0.6633362832190773,0.7614757549115032,-0.7614757549115032
0.6634612975958619,0.7616702510788573,-0.7616702510788573
0.6635863119726465,0.7618647918612234,-0.7618647918612234
0.6637113263494311,0.7620593772911781,-0.7620593772911781
0.6638363407262158,0.7622540074013326,-0.7622540074013326
0.6639613551030004,0.7624486822243314,-0.7624486822243314
0.6640863694797849,0.7626434017928536,-0.7626434017928536
0.6642113838565695,0.7628381661396127,-0.7628381661396127
0.6643363982333541,0.7630329752973563,-0.7630329752973563
0.6644614126101387,0.7632278292988661,-0.7632278292988661
0.6645864269869233,0.7634227281769584,-0.7634227281769584
0.664711441363708,0.7636176719644844,-0.7636176719644844
0.6648364557404925,0.7638126606943286,-0.7638126606943286
0.6649614701172771,0.7640076943994109,-0.7640076943994109
0.6650864844940617,0.7642027731126856,-0.7642027731126856
0.6652114988708463,0.7643978968671413,-0.7643978968671413
0.6653365132476309,0.764593065695802,-0.764593065695802
0.6654615276244155,0.7647882796317255,-0.7647882796317255
0.6655865420012002,0.7649835387080052,-0.7649835387080052
0.6657115563779847,0.7651788429577685,-0.7651788429577685
0.6658365707547693,0.7653741924141783,-0.7653741924141783
0.6659615851315539,0.7655695871104321,-0.7655695871104321
0.6660865995083385,0.7657650270797627,-0.7657650270797627
0.6662116138851231,0.7659605123554374,-0.7659605123554374
0.6663366282619076,0.7661560429707592,-0.7661560429707592
0.6664616426386923,0.7663516189590658,-0.7663516189590658
0.6665866570154769,0.7665472403537299,-0.7665472403537299
0.6667116713922615,0.7667429071881599,-0.7667429071881599
0.6668366857690461,0.766938619495799,-0.766938619495799
0.6669617001458307,0.7671343773101263,-0.7671343773101263
0.6670867145226153,0.767330180664656,-0.767330180664656
0.6672117288993998,0.7675260295929373,-0.7675260295929373
0.6673367432761845,0.7677219241285557,-0.7677219241285557
0.6674617576529691,0.7679178643051314,-0.7679178643051314
0.6675867720297537,0.7681138501563207,-0.7681138501563207
0.6677117864065383,0.7683098817158155,-0.7683098817158155
0.6678368007833229,0.7685059590173432,-0.7685059590173432
0.6679618151601074,0.7687020820946672,-0.7687020820946672
0.668086829536892,0.7688982509815863,-0.7688982509815863
0.6682118439136767,0.7690944657119355,-0.7690944657119355
0.6683368582904613,0.7692907263195854,-0.7692907263195854
0.6684618726672459,0.7694870328384429,-0.7694870328384429
0.6685868870440305,0.7696833853024506,-0.7696833853024506
0.668711901420815,0.7698797837455872,-0.7698797837455872
0.6688369157975996,0.7700762282018678,-0.7700762282018678
0.6689619301743842,0.7702727187053431,-0.7702727187053431
0.6690869445511689,0.7704692552901007,-0.7704692552901007
0.6692119589279535,0.7706658379902638,-0.7706658379902638
0.6693369733047381,0.7708624668399922,-0.7708624668399922
0.6694619876815227,0.771059141873482,-0.771059141873482
0.6695870020583072,0.7712558631249661,-0.7712558631249661
0.6697120164350918,0.7714526306287133,-0.7714526306287133
0.6698370308118764,0.7716494444190294,-0.7716494444190294
0.6699620451886611,0.7718463045302566,-0.7718463045302566
0.6700870595654457,0.7720432109967734,-0.7720432109967734
0.6702120739422303,0.7722401638529957,-0.7722401638529957
0.6703370883190148,0.7724371631333754,-0.7724371631333754
0.6704621026957994,0.7726342088724018,-0.7726342088724018
0.670587117072584,0.7728313011046006,-0.7728313011046006
0.6707121314493686,0.7730284398645348,-0.7730284398645348
0.6708371458261533,0.7732256251868044,-0.7732256251868044
0.6709621602029379,0.7734228571060454,-0.7734228571060454
0.6710871745797224,0.7736201356569322,-0.7736201356569322
0.671212188956507,0.7738174608741757,-0.7738174608741757
0.6713372033332916,0.7740148327925239,-0.7740148327925239
0.6714622177100762,0.7742122514467624,-0.7742122514467624
0.6715872320868608,0.7744097168717137,-0.7744097168717137
0.6717122464636455,0.7746072291022381,-0.7746072291022381
0.67183726084043,0.7748047881732324,-0.7748047881732324
0.6719622752172146,0.7750023941196321,-0.7750023941196321
0.6720872895939992,0.775200046976409,-0.775200046976409
0.6722123039707838,0.7753977467785734,-0.7753977467785734
0.6723373183475684,0.7755954935611727,-0.7755954935611727
0.672462332724353,0.7757932873592923,-0.7757932873592923
0.6725873471011377,0.775991128208055,-0.775991128208055
0.6727123614779222,0.7761890161426215,-0.7761890161426215
0.6728373758547068,0.7763869511981902,-0.7763869511981902
0.6729623902314914,0.7765849334099979,-0.7765849334099979
0.673087404608276,0.7767829628133188,-0.7767829628133188
0.6732124189850606,0.7769810394434654,-0.7769810394434654
0.6733374333618452,0.7771791633357882,-0.7771791633357882
0.6734624477386297,0.7773773345256758,-0.7773773345256758
0.6735874621154144,0.7775755530485551,-0.7775755530485551
0.673712476492199,0.7777738189398907,-0.7777738189398907
0.6738374908689836,0.7779721322351865,-0.7779721322351865
0.6739625052457682,0.7781704929699836,-0.7781704929699836
0.6740875196225528,0.7783689011798626,-0.7783689011798626
0.6742125339993373,0.7785673569004415,-0.7785673569004415
0.6743375483761219,0.7787658601673778,-0.7787658601673778
0.6744625627529066,0.778964411016367,-0.778964411016367
0.6745875771296912,0.7791630094831432,-0.7791630094831432
0.6747125915064758,0.7793616556034793,-0.7793616556034793
0.6748376058832604,0.7795603494131872,-0.7795603494131872
0.6749626202600449,0.7797590909481172,-0.7797590909481172
0.6750876346368295,0.7799578802441588,-0.7799578802441588
0.6752126490136141,0.7801567173372403,-0.7801567173372403
0.6753376633903988,0.7803556022633291,-0.7803556022633291
0.6754626777671834,0.7805545350584311,-0.7805545350584311
0.675587692143968,0.7807535157585919,-0.7807535157585919
0.6757127065207525,0.780952544399896,-0.780952544399896
0.6758377208975371,0.7811516210184672,-0.7811516210184672
0.6759627352743217,0.7813507456504686,-0.7813507456504686
0.6760877496511063,0.7815499183321023,-0.7815499183321023
0.676212764027891,0.7817491390996105,-0.7817491390996105
0.6763377784046756,0.781948407989274,-0.781948407989274
0.6764627927814602,0.7821477250374135,-0.7821477250374135
0.6765878071582447,0.7823470902803894,-0.7823470902803894
0.6767128215350293,0.7825465037546016,-0.7825465037546016
0.6768378359118139,0.7827459654964894,-0.7827459654964894
0.6769628502885985,0.7829454755425326,-0.7829454755425326
0.6770878646653832,0.7831450339292501,-0.7831450339292501
0.6772128790421678,0.7833446406932005,-0.7833446406932005
0.6773378934189523,0.7835442958709831,-0.7835442958709831
0.6774629077957369,0.7837439994992366,-0.7837439994992366
0.6775879221725215,0.7839437516146401,-0.7839437516146401
0.6777129365493061,0.7841435522539123,-0.7841435522539123
0.6778379509260907,0.7843434014538128,-0.7843434014538128
0.6779629653028754,0.7845432992511406,-0.7845432992511406
0.67808797967966,0.7847432456827357,-0.7847432456827357
0.6782129940564445,0.7849432407854778,-0.7849432407854778
0.6783380084332291,0.7851432845962875,-0.7851432845962875
0.6784630228100137,0.7853433771521257,-0.7853433771521257
0.6785880371867983,0.7855435184899936,-0.7855435184899936
0.6787130515635829,0.7857437086469335,-0.7857437086469335
0.6788380659403676,0.7859439476600281,-0.7859439476600281
0.6789630803171521,0.7861442355664005,-0.7861442355664005
0.6790880946939367,0.7863445724032146,-0.7863445724032146
0.6792131090707213,0.7865449582076758,-0.7865449582076758
0.6793381234475059,0.7867453930170297,-0.7867453930170297
0.6794631378242905,0.7869458768685631,-0.7869458768685631
0.679588152201075,0.7871464097996039,-0.7871464097996039
0.6797131665778597,0.7873469918475212,-0.7873469918475212
0.6798381809546443,0.7875476230497246,-0.7875476230497246
0.6799631953314289,0.7877483034436654,-0.7877483034436654
0.6800882097082135,0.7879490330668362,-0.7879490330668362
0.6802132240849981,0.7881498119567709,-0.7881498119567709
0.6803382384617827,0.7883506401510445,-0.7883506401510445
0.6804632528385672,0.7885515176872738,-0.7885515176872738
0.6805882672153519,0.7887524446031171,-0.7887524446031171
0.6807132815921365,0.7889534209362737,-0.7889534209362737
0.6808382959689211,0.7891544467244854,-0.7891544467244854
0.6809633103457057,0.7893555220055353,-0.7893555220055353
0.6810883247224903,0.7895566468172477,-0.7895566468172477
0.6812133390992748,0.7897578211974899,-0.7897578211974899
0.6813383534760594,0.7899590451841703,-0.7899590451841703
0.6814633678528441,0.7901603188152394,-0.7901603188152394
0.6815883822296287,0.7903616421286895,-0.7903616421286895
0.6817133966064133,0.7905630151625557,-0.7905630151625557
0.6818384109831979,0.7907644379549144,-0.7907644379549144
0.6819634253599824,0.7909659105438848,-0.7909659105438848
0.682088439736767,0.7911674329676279,-0.7911674329676279
0.6822134541135516,0.7913690052643477,-0.7913690052643477
0.6823384684903363,0.7915706274722901,-0.7915706274722901
0.6824634828671209,0.7917722996297434,-0.7917722996297434
0.6825884972439055,0.7919740217750386,-0.7919740217750386
0.68271351162069,0.7921757939465496,-0.7921757939465496
0.6828385259974746,0.7923776161826923,-0.7923776161826923
0.6829635403742592,0.7925794885219261,-0.7925794885219261
0.6830885547510438,0.7927814110027525,-0.7927814110027525
0.6832135691278285,0.7929833836637163,-0.7929833836637163
0.6833385835046131,0.7931854065434051,-0.7931854065434051
0.6834635978813977,0.7933874796804493,-0.7933874796804493
0.6835886122581822,0.7935896031135226,-0.7935896031135226
0.6837136266349668,0.7937917768813418,-0.7937917768813418
0.6838386410117514,0.7939940010226668,-0.7939940010226668
0.683963655388536,0.7941962755763009,-0.7941962755763009
0.6840886697653207,0.7943986005810906,-0.7943986005810906
0.6842136841421053,0.7946009760759255,-0.7946009760759255
0.6843386985188898,0.7948034020997392,-0.7948034020997392
0.6844637128956744,0.7950058786915085,-0.7950058786915085
0.684588727272459,0.7952084058902539,-0.7952084058902539
0.6847137416492436,0.7954109837350393,-0.7954109837350393
0.6848387560260282,0.7956136122649728,-0.7956136122649728
0.6849637704028128,0.7958162915192059,-0.7958162915192059
0.6850887847795974,0.7960190215369342,-0.7960190215369342
0.685213799156382,0.7962218023573966,-0.7962218023573966
0.6853388135331666,0.7964246340198768,-0.7964246340198768
0.6854638279099512,0.7966275165637023,-0.7966275165637023
0.6855888422867358,0.7968304500282446,-0.7968304500282446
0.6857138566635204,0.7970334344529193,-0.7970334344529193
0.6858388710403049,0.7972364698771864,-0.7972364698771864
0.6859638854170896,0.7974395563405506,-0.7974395563405506
0.6860888997938742,0.79764269388256,-0.79764269388256
0.6862139141706588,0.7978458825428083,-0.7978458825428083
0.6863389285474434,0.798049122360933,-0.798049122360933
0.686463942924228,0.7982524133766162,-0.7982524133766162
0.6865889573010125,0.7984557556295854,-0.7984557556295854
0.6867139716777971,0.7986591491596119,-0.7986591491596119
0.6868389860545818,0.7988625940065125,-0.7988625940065125
0.6869640004313664,0.7990660902101484,-0.7990660902101484
0.687089014808151,0.799269637810426,-0.799269637810426
0.6872140291849356,0.7994732368472968,-0.7994732368472968
0.6873390435617202,0.7996768873607571,-0.7996768873607571
0.6874640579385047,0.7998805893908486,-0.7998805893908486
0.6875890723152893,0.8000843429776581,-0.8000843429776581
0.687714086692074,0.800288148161318,-0.800288148161318
0.6878391010688586,0.8004920049820052,-0.8004920049820052
0.6879641154456432,0.8006959134799431,-0.8006959134799431
0.6880891298224278,0.8008998736953999,-0.8008998736953999
0.6882141441992123,0.80110388566869,-0.80110388566869
0.6883391585759969,0.8013079494401725,-0.8013079494401725
0.6884641729527815,0.8015120650502532,-0.8015120650502532
0.6885891873295662,0.8017162325393832,-0.8017162325393832
0.6887142017063508,0.8019204519480594,-0.8019204519480594
0.6888392160831354,0.8021247233168246,-0.8021247233168246
0.68896423045992,0.8023290466862681,-0.8023290466862681
0.6890892448367045,0.8025334220970249,-0.8025334220970249
0.6892142592134891,0.8027378495897759,-0.8027378495897759
0.6893392735902737,0.8029423292052489,-0.8029423292052489
0.6894642879670584,0.8031468609842174,-0.8031468609842174
0.689589302343843,0.8033514449675012,-0.8033514449675012
0.6897143167206276,0.803556081195967,-0.803556081195967
0.6898393310974121,0.8037607697105278,-0.8037607697105278
0.6899643454741967,0.803965510552143,-0.803965510552143
0.6900893598509813,0.8041703037618191,-0.8041703037618191
0.6902143742277659,0.804375149380609,-0.804375149380609
0.6903393886045506,0.8045800474496122,-0.8045800474496122
0.6904644029813352,0.8047849980099753,-0.8047849980099753
0.6905894173581197,0.8049900011028921,-0.8049900011028921
0.6907144317349043,0.8051950567696029,-0.8051950567696029
0.6908394461116889,0.8054001650513954,-0.8054001650513954
0.6909644604884735,0.8056053259896047,-0.8056053259896047
0.6910894748652581,0.8058105396256126,-0.8058105396256126
0.6912144892420428,0.8060158060008485,-0.8060158060008485
0.6913395036188273,0.8062211251567891,-0.8062211251567891
0.6914645179956119,0.8064264971349587,-0.8064264971349587
0.6915895323723965,0.806631921976929,-0.806631921976929
0.6917145467491811,0.8068373997243193,-0.8068373997243193
0.6918395611259657,0.8070429304187967,-0.8070429304187967
0.6919645755027503,0.807248514102076,-0.807248514102076
0.692089589879535,0.8074541508159198,-0.8074541508159198
0.6922146042563195,0.8076598406021386,-0.8076598406021386
0.6923396186331041,0.8078655835025909,-0.8078655835025909
0.6924646330098887,0.8080713795591833,-0.8080713795591833
0.6925896473866733,0.8082772288138705,-0.8082772288138705
0.6927146617634579,0.8084831313086555,-0.8084831313086555
0.6928396761402424,0.8086890870855892,-0.8086890870855892
0.6929646905170271,0.8088950961867718,-0.8088950961867718
0.6930897048938117,0.8091011586543506,-0.8091011586543506
0.6932147192705963,0.8093072745305224,-0.8093072745305224
0.6933397336473809,0.8095134438575323,-0.8095134438575323
0.6934647480241655,0.809719666677674,-0.809719666677674
0.69358976240095,0.8099259430332901,-0.8099259430332901
0.6937147767777346,0.810132272966772,-0.810132272966772
0.6938397911545193,0.81033865652056,-0.81033865652056
0.6939648055313039,0.810545093737143,-0.810545093737143
0.6940898199080885,0.8107515846590593,-0.8107515846590593
0.6942148342848731,0.8109581293288964,-0.8109581293288964
0.6943398486616577,0.8111647277892909,-0.8111647277892909
0.6944648630384422,0.8113713800829288,-0.8113713800829288
0.6945898774152268,0.811578086252545,-0.811578086252545
0.6947148917920115,0.8117848463409248,-0.8117848463409248
0.6948399061687961,0.8119916603909018,-0.8119916603909018
0.6949649205455807,0.8121985284453599,-0.8121985284453599
0.6950899349223653,0.8124054505472326,-0.8124054505472326
0.6952149492991498,0.8126124267395034,-0.8126124267395034
0.6953399636759344,0.8128194570652051,-0.8128194570652051
0.695464978052719,0.8130265415674207,-0.8130265415674207
0.6955899924295037,0.8132336802892836,-0.8132336802892836
0.6957150068062883,0.8134408732739763,-0.8134408732739763
0.6958400211830729,0.813648120564732,-0.813648120564732
0.6959650355598574,0.8138554222048345,-0.8138554222048345
0.696090049936642,0.8140627782376173,-0.8140627782376173
0.6962150643134266,0.8142701887064646,-0.8142701887064646
0.6963400786902112,0.814477653654811,-0.814477653654811
0.6964650930669959,0.8146851731261419,-0.8146851731261419
0.6965901074437805,0.8148927471639925,-0.8148927471639925
0.696715121820565,0.8151003758119497,-0.8151003758119497
0.6968401361973496,0.8153080591136508,-0.8153080591136508
0.6969651505741342,0.815515797112784,-0.815515797112784
0.6970901649509188,0.8157235898530882,-0.8157235898530882
0.6972151793277034,0.8159314373783537,-0.8159314373783537
0.697340193704488,0.8161393397324218,-0.8161393397324218
0.6974652080812727,0.8163472969591852,-0.8163472969591852
0.6975902224580572,0.8165553091025872,-0.8165553091025872
0.6977152368348418,0.8167633762066231,-0.8167633762066231
0.6978402512116264,0.8169714983153396,-0.8169714983153396
0.697965265588411,0.8171796754728347,-0.8171796754728347
0.6980902799651956,0.8173879077232582,-0.8173879077232582
0.6982152943419802,0.8175961951108114,-0.8175961951108114
0.6983403087187648,0.8178045376797478,-0.8178045376797478
0.6984653230955494,0.8180129354743719,-0.8180129354743719
0.698590337472334,0.818221388539041,-0.818221388539041
0.6987153518491186,0.818429896918164,-0.818429896918164
0.6988403662259032,0.8186384606562023,-0.8186384606562023
0.6989653806026878,0.8188470797976689,-0.8188470797976689
0.6990903949794723,0.8190557543871296,-0.8190557543871296
0.699215409356257,0.8192644844692024,-0.8192644844692024
0.6993404237330416,0.8194732700885573,-0.8194732700885573
0.6994654381098262,0.8196821112899176,-0.8196821112899176
0.6995904524866108,0.8198910081180588,-0.8198910081180588
0.6997154668633954,0.820099960617809,-0.820099960617809
0.69984048124018,0.8203089688340494,-0.8203089688340494
0.6999654956169645,0.8205180328117136,-0.8205180328117136
0.7000905099937492,0.8207271525957891,-0.8207271525957891
0.7002155243705338,0.8209363282313149,-0.8209363282313149
0.7003405387473184,0.8211455597633845,-0.8211455597633845
0.700465553124103,0.8213548472371442,-0.8213548472371442
0.7005905675008876,0.8215641906977933,-0.8215641906977933
0.7007155818776721,0.8217735901905847,-0.8217735901905847
0.7008405962544567,0.8219830457608249,-0.8219830457608249
0.7009656106312414,0.8221925574538741,-0.8221925574538741
0.701090625008026,0.8224021253151452,-0.8224021253151452
0.7012156393848106,0.8226117493901058,-0.8226117493901058
0.7013406537615952,0.8228214297242771,-0.8228214297242771
0.7014656681383797,0.8230311663632339,-0.8230311663632339
0.7015906825151643,0.8232409593526054,-0.8232409593526054
0.7017156968919489,0.8234508087380747,-0.8234508087380747
0.7018407112687336,0.823660714565379,-0.823660714565379
0.7019657256455182,0.8238706768803097,-0.8238706768803097
0.7020907400223028,0.8240806957287126,-0.8240806957287126
0.7022157543990873,0.8242907711564881,-0.8242907711564881
0.7023407687758719,0.8245009032095908,-0.8245009032095908
0.7024657831526565,0.8247110919340302,-0.8247110919340302
0.7025907975294411,0.8249213373758705,-0.8249213373758705
0.7027158119062258,0.8251316395812305,-0.8251316395812305
0.7028408262830104,0.8253419985962837,-0.8253419985962837
0.702965840659795,0.8255524144672589,-0.8255524144672589
0.7030908550365795,0.82576288724044,-0.82576288724044
0.7032158694133641,0.8259734169621658,-0.8259734169621658
0.7033408837901487,0.8261840036788303,-0.8261840036788303
0.7034658981669333,0.8263946474368832,-0.8263946474368832
0.703590912543718,0.8266053482828292,-0.8266053482828292
0.7037159269205026,0.8268161062632284,-0.8268161062632284
0.7038409412972871,0.8270269214246971,-0.8270269214246971
0.7039659556740717,0.8272377938139068,-0.8272377938139068
0.7040909700508563,0.8274487234775849,-0.8274487234775849
0.7042159844276409,0.8276597104625146,-0.8276597104625146
0.7043409988044255,0.8278707548155353,-0.8278707548155353
0.7044660131812102,0.828081856583542,-0.828081856583542
0.7045910275579947,0.8282930158134864,-0.8282930158134864
0.7047160419347793,0.8285042325523758,-0.8285042325523758
0.7048410563115639,0.8287155068472742,-0.8287155068472742
0.7049660706883485,0.8289268387453022,-0.8289268387453022
0.7050910850651331,0.8291382282936365,-0.8291382282936365
0.7052160994419177,0.8293496755395107,-0.8293496755395107
0.7053411138187023,0.829561180530215,-0.829561180530215
0.7054661281954869,0.829772743313096,-0.829772743313096
0.7055911425722715,0.8299843639355579,-0.8299843639355579
0.7057161569490561,0.8301960424450613,-0.8301960424450613
0.7058411713258407,0.8304077788891241,-0.8304077788891241
0.7059661857026253,0.8306195733153215,-0.8306195733153215
0.7060912000794098,0.8308314257712857,-0.8308314257712857
0.7062162144561945,0.8310433363047065,-0.8310433363047065
0.7063412288329791,0.8312553049633304,-0.8312553049633304
0.7064662432097637,0.8314673317949626,-0.8314673317949626
0.7065912575865483,0.8316794168474649,-0.8316794168474649
0.7067162719633329,0.8318915601687578,-0.8318915601687578
0.7068412863401174,0.8321037618068187,-0.8321037618068187
0.706966300716902,0.8323160218096832,-0.8323160218096832
0.7070913150936867,0.8325283402254456,-0.8325283402254456
0.7072163294704713,0.8327407171022572,-0.8327407171022572
0.7073413438472559,0.832953152488328,-0.832953152488328
0.7074663582240405,0.8331656464319267,-0.8331656464319267
0.707591372600825,0.8333781989813799,-0.8333781989813799
0.7077163869776096,0.8335908101850725,-0.8335908101850725
0.7078414013543942,0.8338034800914488,-0.8338034800914488
0.7079664157311789,0.8340162087490112,-0.8340162087490112
0.7080914301079635,0.8342289962063208,-0.8342289962063208
0.7082164444847481,0.8344418425119978,-0.8344418425119978
0.7083414588615327,0.8346547477147214,-0.8346547477147214
0.7084664732383172,0.8348677118632297,-0.8348677118632297
0.7085914876151018,0.8350807350063203,-0.8350807350063203
0.7087165019918864,0.8352938171928498,-0.8352938171928498
0.708841516368671,0.8355069584717342,-0.8355069584717342
0.7089665307454557,0.8357201588919493,-0.8357201588919493
0.7090915451222403,0.8359334185025296,-0.8359334185025296
0.7092165594990248,0.8361467373525703,-0.8361467373525703
0.7093415738758094,0.8363601154912257,-0.8363601154912257
0.709466588252594,0.8365735529677102,-0.8365735529677102
0.7095916026293786,0.8367870498312983,-0.8367870498312983
0.7097166170061632,0.8370006061313243,-0.8370006061313243
0.7098416313829479,0.8372142219171831,-0.8372142219171831
0.7099666457597325,0.8374278972383289,-0.8374278972383289
0.710091660136517,0.8376416321442773,-0.8376416321442773
0.7102166745133016,0.837855426684604,-0.837855426684604
0.7103416888900862,0.8380692809089452,-0.8380692809089452
0.7104667032668708,0.8382831948669978,-0.8382831948669978
0.7105917176436554,0.8384971686085194,-0.8384971686085194
0.7107167320204401,0.8387112021833288,-0.8387112021833288
0.7108417463972246,0.8389252956413054,-0.8389252956413054
0.7109667607740092,0.8391394490323896,-0.8391394490323896
0.7110917751507938,0.8393536624065834,-0.8393536624065834
0.7112167895275784,0.8395679358139498,-0.8395679358139498
0.711341803904363,0.8397822693046134,-0.8397822693046134
0.7114668182811476,0.83999666292876,-0.83999666292876
0.7115918326579322,0.8402111167366373,-0.8402111167366373
0.7117168470347168,0.840425630778554,-0.840425630778554
0.7118418614115014,0.8406402051048816,-0.8406402051048816
0.711966875788286,0.8408548397660528,-0.8408548397660528
0.7120918901650706,0.8410695348125625,-0.8410695348125625
0.7122169045418552,0.8412842902949679,-0.8412842902949679
0.7123419189186397,0.8414991062638881,-0.8414991062638881
0.7124669332954244,0.8417139827700049,-0.8417139827700049
0.712591947672209,0.8419289198640617,-0.8419289198640617
0.7127169620489936,0.8421439175968654,-0.8421439175968654
0.7128419764257782,0.842358976019285,-0.842358976019285
0.7129669908025628,0.8425740951822523,-0.8425740951822523
0.7130920051793473,0.8427892751367623,-0.8427892751367623
0.7132170195561319,0.8430045159338724,-0.8430045159338724
0.7133420339329166,0.8432198176247033,-0.8432198176247033
0.7134670483097012,0.8434351802604388,-0.8434351802604388
0.7135920626864858,0.843650603892326,-0.843650603892326
0.7137170770632704,0.8438660885716757,-0.8438660885716757
0.713842091440055,0.8440816343498615,-0.8440816343498615
0.7139671058168395,0.8442972412783212,-0.8442972412783212
0.7140921201936241,0.8445129094085561,-0.8445129094085561
0.7142171345704088,0.8447286387921313,-0.8447286387921313
0.7143421489471934,0.8449444294806755,-0.8449444294806755
0.714467163323978,0.8451602815258819,-0.8451602815258819
0.7145921777007626,0.8453761949795076,-0.8453761949795076
0.7147171920775471,0.8455921698933738,-0.8455921698933738
0.7148422064543317,0.8458082063193664,-0.8458082063193664
0.7149672208311163,0.8460243043094354,-0.8460243043094354
0.715092235207901,0.8462404639155959,-0.8462404639155959
0.7152172495846856,0.8464566851899268,-0.8464566851899268
0.7153422639614702,0.8466729681845725,-0.8466729681845725
0.7154672783382547,0.846889312951742,-0.846889312951742
0.7155922927150393,0.8471057195437094,-0.8471057195437094
0.7157173070918239,0.8473221880128139,-0.8473221880128139
0.7158423214686085,0.84753871841146,-0.84753871841146
0.7159673358453932,0.8477553107921174,-0.8477553107921174
0.7160923502221778,0.8479719652073212,-0.8479719652073212
0.7162173645989623,0.8481886817096721,-0.8481886817096721
0.7163423789757469,0.8484054603518367,-0.8484054603518367
0.7164673933525315,0.848622301186547,-0.848622301186547
0.7165924077293161,0.8488392042666012,-0.8488392042666012
0.7167174221061007,0.8490561696448634,-0.8490561696448634
0.7168424364828854,0.849273197374264,-0.849273197374264
0.71696745085967,0.8494902875077991,-0.8494902875077991
0.7170924652364545,0.8497074400985316,-0.8497074400985316
0.7172174796132391,0.8499246551995907,-0.8499246551995907
0.7173424939900237,0.8501419328641724,-0.8501419328641724
0.7174675083668083,0.8503592731455392,-0.8503592731455392
0.7175925227435929,0.8505766760970201,-0.8505766760970201
0.7177175371203776,0.850794141772012,-0.850794141772012
0.7178425514971621,0.8510116702239772,-0.8510116702239772
0.7179675658739467,0.8512292615064467,-0.8512292615064467
0.7180925802507313,0.8514469156730181,-0.8514469156730181
0.7182175946275159,0.8516646327773564,-0.8516646327773564
0.7183426090043005,0.8518824128731939,-0.8518824128731939
0.718467623381085,0.8521002560143309,-0.8521002560143309
0.7185926377578697,0.8523181622546354,-0.8523181622546354
0.7187176521346543,0.8525361316480426,-0.8525361316480426
0.7188426665114389,0.8527541642485565,-0.8527541642485565
0.7189676808882235,0.8529722601102487,-0.8529722601102487
0.7190926952650081,0.8531904192872592,-0.8531904192872592
0.7192177096417927,0.853408641833796,-0.853408641833796
0.7193427240185772,0.8536269278041358,-0.8536269278041358
0.7194677383953619,0.8538452772526239,-0.8538452772526239
0.7195927527721465,0.8540636902336739,-0.8540636902336739
0.7197177671489311,0.8542821668017684,-0.8542821668017684
0.7198427815257157,0.854500707011459,-0.854500707011459
0.7199677959025003,0.8547193109173662,-0.8547193109173662
0.7200928102792848,0.8549379785741795,-0.8549379785741795
0.7202178246560694,0.8551567100366579,-0.8551567100366579
0.7203428390328541,0.8553755053596299,-0.8553755053596299
0.7204678534096387,0.8555943645979928,-0.8555943645979928
0.7205928677864233,0.8558132878067143,-0.8558132878067143
0.7207178821632079,0.8560322750408311,-0.8560322750408311
0.7208428965399925,0.8562513263554508,-0.8562513263554508
0.720967910916777,0.8564704418057497,-0.8564704418057497
0.7210929252935616,0.8566896214469751,-0.8566896214469751
0.7212179396703462,0.8569088653344444,-0.8569088653344444
0.7213429540471309,0.8571281735235452,-0.8571281735235452
0.7214679684239155,0.8573475460697352,-0.8573475460697352
0.7215929828007001,0.8575669830285432,-0.8575669830285432
0.7217179971774846,0.8577864844555684,-0.8577864844555684
0.7218430115542692,0.8580060504064813,-0.8580060504064813
0.7219680259310538,0.8582256809370228,-0.8582256809370228
0.7220930403078384,0.8584453761030052,-0.8584453761030052
0.7222180546846231,0.858665135960312,-0.858665135960312
0.7223430690614077,0.8588849605648976,-0.8588849605648976
0.7224680834381922,0.8591048499727882,-0.8591048499727882
0.7225930978149768,0.8593248042400818,-0.8593248042400818
0.7227181121917614,0.8595448234229478,-0.8595448234229478
0.722843126568546,0.8597649075776272,-0.8597649075776272
0.7229681409453306,0.8599850567604334,-0.8599850567604334
0.7230931553221153,0.8602052710277519,-0.8602052710277519
0.7232181696988998,0.8604255504360397,-0.8604255504360397
0.7233431840756844,0.860645895041827,-0.860645895041827
0.723468198452469,0.8608663049017158,-0.8608663049017158
0.7235932128292536,0.8610867800723809,-0.8610867800723809
0.7237182272060382,0.86130732061057,-0.86130732061057
0.7238432415828228,0.8615279265731036,-0.8615279265731036
0.7239682559596075,0.8617485980168749,-0.8617485980168749
0.724093270336392,0.8619693349988501,-0.8619693349988501
0.7242182847131766,0.862190137576069,-0.862190137576069
0.7243432990899612,0.8624110058056444,-0.8624110058056444
0.7244683134667458,0.8626319397447632,-0.8626319397447632
0.7245933278435304,0.8628529394506851,-0.8628529394506851
0.724718342220315,0.8630740049807437,-0.8630740049807437
0.7248433565970996,0.8632951363923473,-0.8632951363923473
0.7249683709738842,0.8635163337429769,-0.8635163337429769
0.7250933853506688,0.8637375970901884,-0.8637375970901884
0.7252183997274534,0.8639589264916119,-0.8639589264916119
0.725343414104238,0.8641803220049515,-0.8641803220049515
0.7254684284810226,0.8644017836879865,-0.8644017836879865
0.7255934428578071,0.8646233115985702,-0.8646233115985702
0.7257184572345918,0.8648449057946311,-0.8648449057946311
0.7258434716113764,0.865066566334172,-0.865066566334172
0.725968485988161,0.8652882932752716,-0.8652882932752716
0.7260935003649456,0.8655100866760828,-0.8655100866760828
0.7262185147417302,0.8657319465948349,-0.8657319465948349
0.7263435291185147,0.8659538730898317,-0.8659538730898317
0.7264685434952993,0.866175866219453,-0.866175866219453
0.726593557872084,0.8663979260421545,-0.8663979260421545
0.7267185722488686,0.8666200526164669,-0.8666200526164669
0.7268435866256532,0.8668422460009979,-0.8668422460009979
0.7269686010024378,0.8670645062544308,-0.8670645062544308
0.7270936153792223,0.8672868334355249,-0.8672868334355249
0.7272186297560069,0.8675092276031164,-0.8675092276031164
0.7273436441327915,0.8677316888161177,-0.8677316888161177
0.7274686585095762,0.8679542171335183,-0.8679542171335183
0.7275936728863608,0.8681768126143834,-0.8681768126143834
0.7277186872631454,0.8683994753178562,-0.8683994753178562
0.72784370163993,0.8686222053031565,-0.8686222053031565
0.7279687160167145,0.8688450026295813,-0.8688450026295813
0.7280937303934991,0.8690678673565052,-0.8690678673565052
0.7282187447702837,0.86929079954338,-0.86929079954338
0.7283437591470684,0.8695137992497353,-0.8695137992497353
0.728468773523853,0.8697368665351778,-0.8697368665351778
0.7285937879006376,0.8699600014593929,-0.8699600014593929
0.7287188022774221,0.8701832040821439,-0.8701832040821439
0.7288438166542067,0.8704064744632717,-0.8704064744632717
0.7289688310309913,0.8706298126626961,-0.8706298126626961
0.7290938454077759,0.8708532187404151,-0.8708532187404151
0.7292188597845606,0.8710766927565055,-0.8710766927565055
0.7293438741613452,0.871300234771122,-0.871300234771122
0.7294688885381297,0.8715238448444991,-0.8715238448444991
0.7295939029149143,0.8717475230369498,-0.8717475230369498
0.7297189172916989,0.8719712694088668,-0.8719712694088668
0.7298439316684835,0.8721950840207214,-0.8721950840207214
0.7299689460452681,0.8724189669330646,-0.8724189669330646
0.7300939604220528,0.8726429182065272,-0.8726429182065272
0.7302189747988374,0.872866937901819,-0.872866937901819
0.7303439891756219,0.8730910260797305,-0.8730910260797305
0.7304690035524065,0.8733151828011316,-0.8733151828011316
0.7305940179291911,0.8735394081269731,-0.8735394081269731
0.7307190323059757,0.8737637021182848,-0.8737637021182848
0.7308440466827603,0.8739880648361782,-0.8739880648361782
0.730969061059545,0.8742124963418447,-0.8742124963418447
0.7310940754363295,0.8744369966965565,-0.8744369966965565
0.7312190898131141,0.8746615659616668,-0.8746615659616668
0.7313441041898987,0.8748862041986095,-0.8748862041986095
0.7314691185666833,0.8751109114689003,-0.8751109114689003
0.7315941329434679,0.8753356878341355,-0.8753356878341355
0.7317191473202524,0.8755605333559932,-0.8755605333559932
0.7318441616970371,0.875785448096233,-0.875785448096233
0.7319691760738217,0.8760104321166962,-0.8760104321166962
0.7320941904506063,0.8762354854793061,-0.8762354854793061
0.7322192048273909,0.876460608246068,-0.876460608246068
0.7323442192041755,0.8766858004790691,-0.8766858004790691
0.73246923358096,0.8769110622404795,-0.8769110622404795
0.7325942479577446,0.8771363935925515,-0.8771363935925515
0.7327192623345292,0.8773617945976196,-0.8773617945976196
0.7328442767113139,0.8775872653181023,-0.8775872653181023
0.7329692910880985,0.8778128058164991,-0.8778128058164991
0.7330943054648831,0.8780384161553944,-0.8780384161553944
0.7332193198416677,0.8782640963974548,-0.8782640963974548
0.7333443342184522,0.8784898466054307,-0.8784898466054307
0.7334693485952368,0.878715666842156,-0.878715666842156
0.7335943629720214,0.878941557170548,-0.878941557170548
0.7337193773488061,0.8791675176536083,-0.8791675176536083
0.7338443917255907,0.879393548354422,-0.879393548354422
0.7339694061023753,0.8796196493361585,-0.8796196493361585
0.7340944204791598,0.8798458206620715,-0.8798458206620715
0.7342194348559444,0.8800720623954996,-0.8800720623954996
0.734344449232729,0.880298374599865,-0.880298374599865
0.7344694636095136,0.8805247573386759,-0.8805247573386759
0.7345944779862983,0.8807512106755244,-0.8807512106755244
0.7347194923630829,0.8809777346740877,-0.8809777346740877
0.7348445067398675,0.8812043293981289,-0.8812043293981289
0.734969521116652,0.881430994911496,-0.881430994911496
0.7350945354934366,0.8816577312781226,-0.8816577312781226
0.7352195498702212,0.8818845385620281,-0.8818845385620281
0.7353445642470058,0.8821114168273175,-0.8821114168273175
0.7354695786237905,0.8823383661381823,-0.8823383661381823
0.7355945930005751,0.8825653865588993,-0.8825653865588993
0.7357196073773596,0.8827924781538322,-0.8827924781538322
0.7358446217541442,0.8830196409874312,-0.8830196409874312
0.7359696361309288,0.883246875124233,-0.883246875124233
0.7360946505077134,0.8834741806288612,-0.8834741806288612
0.736219664884498,0.8837015575660261,-0.8837015575660261
0.7363446792612827,0.8839290060005254,-0.8839290060005254
0.7364696936380672,0.8841565259972435,-0.8841565259972435
0.7365947080148518,0.8843841176211527,-0.8843841176211527
0.7367197223916364,0.8846117809373132,-0.8846117809373132
0.736844736768421,0.8848395160108722,-0.8848395160108722
0.7369697511452056,0.8850673229070654,-0.8850673229070654
0.7370947655219902,0.885295201691216,-0.885295201691216
0.7372197798987749,0.8855231524287364,-0.8855231524287364
0.7373447942755594,0.885751175185126,-0.885751175185126
0.737469808652344,0.885979270025974,-0.885979270025974
0.7375948230291286,0.8862074370169575,-0.8862074370169575
0.7377198374059132,0.8864356762238431,-0.8864356762238431
0.7378448517826978,0.8866639877124858,-0.8866639877124858
0.7379698661594823,0.8868923715488306,-0.8868923715488306
0.738094880536267,0.8871208277989114,-0.8871208277989114
0.7382198949130516,0.8873493565288513,-0.8873493565288513
0.7383449092898362,0.8875779578048638,-0.8875779578048638
0.7384699236666208,0.8878066316932516,-0.8878066316932516
0.7385949380434054,0.8880353782604081,-0.8880353782604081
0.73871995242019,0.8882641975728167,-0.8882641975728167
0.7388449667969745,0.8884930896970509,-0.8884930896970509
0.7389699811737592,0.8887220546997749,-0.8887220546997749
0.7390949955505438,0.8889510926477436,-0.8889510926477436
0.7392200099273284,0.8891802036078026,-0.8891802036078026
0.739345024304113,0.889409387646889,-0.889409387646889
0.7394700386808976,0.8896386448320308,-0.8896386448320308
0.7395950530576821,0.8898679752303473,-0.8898679752303473
0.7397200674344667,0.8900973789090496,-0.8900973789090496
0.7398450818112514,0.8903268559354404,-0.8903268559354404
0.739970096188036,0.890556406376914,-0.890556406376914
0.7400951105648206,0.8907860303009573,-0.8907860303009573
0.7402201249416052,0.891015727775149,-0.891015727775149
0.7403451393183897,0.8912454988671605,-0.8912454988671605
0.7404701536951743,0.8914753436447557,-0.8914753436447557
0.7405951680719589,0.8917052621757908,-0.8917052621757908
0.7407201824487436,0.8919352545282161,-0.8919352545282161
0.7408451968255282,0.8921653207700734,-0.8921653207700734
0.7409702112023128,0.892395460969499,-0.892395460969499
0.7410952255790973,0.8926256751947221,-0.8926256751947221
0.7412202399558819,0.8928559635140656,-0.8928559635140656
0.7413452543326665,0.8930863259959464,-0.8930863259959464
0.7414702687094511,0.893316762708875,-0.893316762708875
0.7415952830862358,0.8935472737214566,-0.8935472737214566
0.7417202974630204,0.8937778591023899,-0.8937778591023899
0.741845311839805,0.8940085189204688,-0.8940085189204688
0.7419703262165895,0.8942392532445816,-0.8942392532445816
0.7420953405933741,0.8944700621437115,-0.8944700621437115
0.7422203549701587,0.8947009456869366,-0.8947009456869366
0.7423453693469433,0.8949319039434305,-0.8949319039434305
0.742470383723728,0.895162936982462,-0.895162936982462
0.7425953981005126,0.8953940448733952,-0.8953940448733952
0.7427204124772971,0.8956252276856904,-0.8956252276856904
0.7428454268540817,0.8958564854889037,-0.8958564854889037
0.7429704412308663,0.896087818352687,-0.896087818352687
0.7430954556076509,0.896319226346789,-0.896319226346789
0.7432204699844355,0.8965507095410542,-0.8965507095410542
0.7433454843612202,0.8967822680054248,-0.8967822680054248
0.7434704987380047,0.8970139018099383,-0.8970139018099383
0.7435955131147893,0.8972456110247308,-0.8972456110247308
0.7437205274915739,0.8974773957200345,-0.8974773957200345
0.7438455418683585,0.8977092559661793,-0.8977092559661793
0.7439705562451431,0.897941191833593,-0.897941191833593
0.7440955706219277,0.8981732033928006,-0.8981732033928006
0.7442205849987124,0.8984052907144255,-0.8984052907144255
0.7443455993754969,0.8986374538691888,-0.8986374538691888
0.7444706137522815,0.8988696929279101,-0.8988696929279101
0.7445956281290661,0.8991020079615077,-0.8991020079615077
0.7447206425058507,0.8993343990409981,-0.8993343990409981
0.7448456568826353,0.8995668662374973,-0.8995668662374973
0.7449706712594198,0.8997994096222196,-0.8997994096222196
0.7450956856362044,0.9000320292664791,-0.9000320292664791
0.7452207000129891,0.9002647252416892,-0.9002647252416892
0.7453457143897737,0.9004974976193628,-0.9004974976193628
0.7454707287665583,0.9007303464711123,-0.9007303464711123
0.7455957431433429,0.9009632718686509,-0.9009632718686509
0.7457207575201275,0.9011962738837914,-0.9011962738837914
0.745845771896912,0.9014293525884471,-0.9014293525884471
0.7459707862736966,0.9016625080546319,-0.9016625080546319
0.7460958006504813,0.9018957403544604,-0.9018957403544604
0.7462208150272659,0.902129049560148,-0.902129049560148
0.7463458294040505,0.9023624357440116,-0.9023624357440116
0.7464708437808351,0.9025958989784691,-0.9025958989784691
0.7465958581576196,0.9028294393360402,-0.9028294393360402
0.7467208725344042,0.9030630568893461,-0.9030630568893461
0.7468458869111888,0.9032967517111099,-0.9032967517111099
0.7469709012879735,0.9035305238741573,-0.9035305238741573
0.7470959156647581,0.9037643734514154,-0.9037643734514154
0.7472209300415427,0.9039983005159145,-0.9039983005159145
0.7473459444183272,0.9042323051407875,-0.9042323051407875
0.7474709587951118,0.9044663873992699,-0.9044663873992699
0.7475959731718964,0.9047005473647006,-0.9047005473647006
0.747720987548681,0.9049347851105216,-0.9049347851105216
0.7478460019254657,0.9051691007102789,-0.9051691007102789
0.7479710163022503,0.9054034942376209,-0.9054034942376209
0.7480960306790349,0.9056379657663013,-0.9056379657663013
0.7482210450558194,0.905872515370177,-0.905872515370177
0.748346059432604,0.9061071431232096,-0.9061071431232096
0.7484710738093886,0.9063418490994651,-0.9063418490994651
0.7485960881861732,0.906576633373114,-0.906576633373114
0.7487211025629579,0.9068114960184321,-0.9068114960184321
0.7488461169397425,0.9070464371097997,-0.9070464371097997
0.748971131316527,0.9072814567217027,-0.9072814567217027
0.7490961456933116,0.9075165549287325,-0.9075165549287325
0.7492211600700962,0.9077517318055862,-0.9077517318055862
0.7493461744468808,0.907986987427067,-0.907986987427067
0.7494711888236654,0.9082223218680837,-0.9082223218680837
0.7495962032004501,0.9084577352036518,-0.9084577352036518
0.7497212175772346,0.9086932275088929,-0.9086932275088929
0.7498462319540192,0.9089287988590361,-0.9089287988590361
0.7499712463308038,0.9091644493294164,-0.9091644493294164
0.7500962607075884,0.9094001789954768,-0.9094001789954768
0.750221275084373,0.9096359879327672,-0.9096359879327672
0.7503462894611576,0.9098718762169451,-0.9098718762169451
0.7504713038379422,0.9101078439237761,-0.9101078439237761
0.7505963182147268,0.910343891129133,-0.910343891129133
0.7507213325915114,0.9105800179089975,-0.9105800179089975
0.750846346968296,0.9108162243394592,-0.9108162243394592
0.7509713613450806,0.9110525104967166,-0.9110525104967166
0.7510963757218652,0.9112888764570771,-0.9112888764570771
0.7512213900986497,0.9115253222969566,-0.9115253222969566
0.7513464044754344,0.911761848092881,-0.911761848092881
0.751471418852219,0.9119984539214847,-0.9119984539214847
0.7515964332290036,0.9122351398595122,-0.9122351398595122
0.7517214476057882,0.9124719059838184,-0.9124719059838184
0.7518464619825728,0.9127087523713674,-0.9127087523713674
0.7519714763593573,0.912945679099234,-0.912945679099234
0.7520964907361419,0.9131826862446036,-0.9131826862446036
0.7522215051129266,0.9134197738847724,-0.9134197738847724
0.7523465194897112,0.9136569420971469,-0.9136569420971469
0.7524715338664958,0.9138941909592452,-0.9138941909592452
0.7525965482432804,0.9141315205486972,-0.9141315205486972
0.752721562620065,0.9143689309432436,-0.9143689309432436
0.7528465769968495,0.9146064222207374,-0.9146064222207374
0.7529715913736341,0.9148439944591437,-0.9148439944591437
0.7530966057504188,0.9150816477365395,-0.9150816477365395
0.7532216201272034,0.9153193821311143,-0.9153193821311143
0.753346634503988,0.9155571977211704,-0.9155571977211704
0.7534716488807726,0.9157950945851233,-0.9157950945851233
0.7535966632575571,0.916033072801501,-0.916033072801501
0.7537216776343417,0.9162711324489453,-0.9162711324489453
0.7538466920111263,0.9165092736062118,-0.9165092736062118
0.753971706387911,0.9167474963521695,-0.9167474963521695
0.7540967207646956,0.9169858007658009,-0.9169858007658009
0.7542217351414802,0.9172241869262039,-0.9172241869262039
0.7543467495182647,0.9174626549125902,-0.9174626549125902
0.7544717638950493,0.9177012048042862,-0.9177012048042862
0.7545967782718339,0.9179398366807334,-0.9179398366807334
0.7547217926486185,0.9181785506214886,-0.9181785506214886
0.7548468070254032,0.9184173467062235,-0.9184173467062235
0.7549718214021878,0.9186562250147257,-0.9186562250147257
0.7550968357789724,0.9188951856268984,-0.9188951856268984
0.7552218501557569,0.9191342286227615,-0.9191342286227615
0.7553468645325415,0.9193733540824505,-0.9193733540824505
0.7554718789093261,0.9196125620862176,-0.9196125620862176
0.7555968932861107,0.9198518527144317,-0.9198518527144317
0.7557219076628954,0.9200912260475793,-0.9200912260475793
0.75584692203968,0.9203306821662631,-0.9203306821662631
0.7559719364164645,0.9205702211512039,-0.9205702211512039
0.7560969507932491,0.92080984308324,-0.92080984308324
0.7562219651700337,0.9210495480433277,-0.9210495480433277
0.7563469795468183,0.9212893361125414,-0.9212893361125414
0.7564719939236029,0.9215292073720737,-0.9215292073720737
0.7565970083003875,0.9217691619032363,-0.9217691619032363
0.7567220226771721,0.9220091997874593,-0.9220091997874593
0.7568470370539567,0.9222493211062918,-0.9222493211062918
0.7569720514307413,0.9224895259414023,-0.9224895259414023
0.7570970658075259,0.9227298143745795,-0.9227298143745795
0.7572220801843105,0.9229701864877311,-0.9229701864877311
0.7573470945610951,0.9232106423628852,-0.9232106423628852
0.7574721089378796,0.92345118208219,-0.92345118208219
0.7575971233146643,0.9236918057279148,-0.9236918057279148
0.7577221376914489,0.9239325133824483,-0.9239325133824483
0.7578471520682335,0.9241733051283018,-0.9241733051283018
0.7579721664450181,0.9244141810481067,-0.9244141810481067
0.7580971808218027,0.9246551412246165,-0.9246551412246165
0.7582221951985872,0.9248961857407061,-0.9248961857407061
0.7583472095753718,0.9251373146793727,-0.9251373146793727
0.7584722239521565,0.9253785281237356,-0.9253785281237356
0.7585972383289411,0.925619826157036,-0.925619826157036
0.7587222527057257,0.9258612088626383,-0.9258612088626383
0.7588472670825103,0.9261026763240302,-0.9261026763240302
0.7589722814592949,0.9263442286248219,-0.9263442286248219
0.7590972958360794,0.9265858658487476,-0.9265858658487476
0.759222310212864,0.9268275880796646,-0.9268275880796646
0.7593473245896487,0.9270693954015549,-0.9270693954015549
0.7594723389664333,0.9273112878985238,-0.9273112878985238
0.7595973533432179,0.9275532656548017,-0.9275532656548017
0.7597223677200025,0.9277953287547435,-0.9277953287547435
0.759847382096787,0.9280374772828289,-0.9280374772828289
0.7599723964735716,0.928279711323663,-0.928279711323663
0.7600974108503562,0.9285220309619763,-0.9285220309619763
0.7602224252271409,0.9287644362826252,-0.9287644362826252
0.7603474396039255,0.9290069273705913,-0.9290069273705913
0.7604724539807101,0.9292495043109829,-0.9292495043109829
0.7605974683574946,0.929492167189035,-0.929492167189035
0.7607224827342792,0.929734916090109,-0.929734916090109
0.7608474971110638,0.9299777510996936,-0.9299777510996936
0.7609725114878484,0.9302206723034039,-0.9302206723034039
0.7610975258646331,0.9304636797869837,-0.9304636797869837
0.7612225402414177,0.9307067736363032,-0.9307067736363032
0.7613475546182022,0.9309499539373618,-0.9309499539373618
0.7614725689949868,0.9311932207762863,-0.9311932207762863
0.7615975833717714,0.9314365742393326,-0.9314365742393326
0.761722597748556,0.931680014412885,-0.931680014412885
0.7618476121253406,0.9319235413834571,-0.9319235413834571
0.7619726265021253,0.9321671552376919,-0.9321671552376919
0.7620976408789099,0.9324108560623613,-0.9324108560623613
0.7622226552556944,0.9326546439443677,-0.9326546439443677
0.762347669632479,0.9328985189707432,-0.9328985189707432
0.7624726840092636,0.9331424812286506,-0.9331424812286506
0.7625976983860482,0.9333865308053833,-0.9333865308053833
0.7627227127628328,0.9336306677883652,-0.9336306677883652
0.7628477271396175,0.933874892265152,-0.933874892265152
0.762972741516402,0.9341192043234299,-0.9341192043234299
0.7630977558931866,0.9343636040510175,-0.9343636040510175
0.7632227702699712,0.9346080915358653,-0.9346080915358653
0.7633477846467558,0.934852666866056,-0.934852666866056
0.7634727990235404,0.9350973301298044,-0.9350973301298044
0.763597813400325,0.9353420814154586,-0.9353420814154586
0.7637228277771096,0.9355869208114999,-0.9355869208114999
0.7638478421538942,0.9358318484065418,-0.9358318484065418
0.7639728565306788,0.9360768642893323,-0.9360768642893323
0.7640978709074634,0.9363219685487537,-0.9363219685487537
0.764222885284248,0.9365671612738211,-0.9365671612738211
0.7643478996610326,0.9368124425536853,-0.9368124425536853
0.7644729140378171,0.9370578124776309,-0.9370578124776309
0.7645979284146018,0.9373032711350783,-0.9373032711350783
0.7647229427913864,0.9375488186155819,-0.9375488186155819
0.764847957168171,0.9377944550088327,-0.9377944550088327
0.7649729715449556,0.9380401804046574,-0.9380401804046574
0.7650979859217402,0.9382859948930182,-0.9382859948930182
0.7652230002985247,0.9385318985640143,-0.9385318985640143
0.7653480146753093,0.9387778915078809,-0.9387778915078809
0.765473029052094,0.939023973814991,-0.939023973814991
0.7655980434288786,0.9392701455758538,-0.9392701455758538
0.7657230578056632,0.9395164068811164,-0.9395164068811164
0.7658480721824478,0.939762757821564,-0.939762757821564
0.7659730865592324,0.9400091984881195,-0.9400091984881195
0.7660981009360169,0.9402557289718441,-0.9402557289718441
0.7662231153128015,0.9405023493639381,-0.9405023493639381
0.7663481296895862,0.94074905975574,-0.94074905975574
0.7664731440663708,0.9409958602387279,-0.9409958602387279
0.7665981584431554,0.9412427509045194,-0.9412427509045194
0.76672317281994,0.941489731844872,-0.941489731844872
0.7668481871967245,0.9417368031516827,-0.9417368031516827
0.7669732015735091,0.9419839649169895,-0.9419839649169895
0.7670982159502937,0.9422312172329711,-0.9422312172329711
0.7672232303270784,0.9424785601919465,-0.9424785601919465
0.767348244703863,0.9427259938863762,-0.9427259938863762
0.7674732590806476,0.9429735184088626,-0.9429735184088626
0.7675982734574321,0.9432211338521493,-0.9432211338521493
0.7677232878342167,0.9434688403091226,-0.9434688403091226
0.7678483022110013,0.943716637872811,-0.943716637872811
0.7679733165877859,0.9439645266363854,-0.9439645266363854
0.7680983309645705,0.9442125066931601,-0.9442125066931601
0.7682233453413552,0.9444605781365931,-0.9444605781365931
0.7683483597181398,0.9447087410602848,-0.9447087410602848
0.7684733740949243,0.9449569955579803,-0.9449569955579803
0.7685983884717089,0.9452053417235691,-0.9452053417235691
0.7687234028484935,0.9454537796510848,-0.9454537796510848
0.7688484172252781,0.9457023094347058,-0.9457023094347058
0.7689734316020627,0.945950931168756,-0.945950931168756
0.7690984459788474,0.9461996449477045,-0.9461996449477045
0.7692234603556319,0.9464484508661655,-0.9464484508661655
0.7693484747324165,0.9466973490189005,-0.9466973490189005
0.7694734891092011,0.9469463395008161,-0.9469463395008161
0.7695985034859857,0.9471954224069663,-0.9471954224069663
0.7697235178627703,0.947444597832552,-0.947444597832552
0.7698485322395549,0.9476938658729209,-0.9476938658729209
0.7699735466163395,0.9479432266235688,-0.9479432266235688
0.7700985609931241,0.9481926801801389,-0.9481926801801389
0.7702235753699087,0.9484422266384229,-0.9484422266384229
0.7703485897466933,0.948691866094361,-0.948691866094361
0.7704736041234779,0.9489415986440419,-0.9489415986440419
0.7705986185002625,0.9491914243837039,-0.9491914243837039
0.770723632877047,0.9494413434097343,-0.9494413434097343
0.7708486472538317,0.9496913558186708,-0.9496913558186708
0.7709736616306163,0.9499414617072,-0.9499414617072
0.7710986760074009,0.9501916611721601,-0.9501916611721601
0.7712236903841855,0.9504419543105392,-0.9504419543105392
0.7713487047609701,0.950692341219477,-0.950692341219477
0.7714737191377546,0.9509428219962642,-0.9509428219962642
0.7715987335145392,0.9511933967383432,-0.9511933967383432
0.7717237478913239,0.9514440655433087,-0.9514440655433087
0.7718487622681085,0.9516948285089072,-0.9516948285089072
0.7719737766448931,0.9519456857330378,-0.9519456857330378
0.7720987910216777,0.9521966373137534,-0.9521966373137534
0.7722238053984622,0.9524476833492592,-0.9524476833492592
0.7723488197752468,0.9526988239379146,-0.9526988239379146
0.7724738341520314,0.9529500591782327,-0.9529500591782327
0.7725988485288161,0.9532013891688812,-0.9532013891688812
0.7727238629056007,0.9534528140086815,-0.9534528140086815
0.7728488772823853,0.9537043337966108,-0.9537043337966108
0.7729738916591699,0.9539559486318012,-0.9539559486318012
0.7730989060359544,0.9542076586135406,-0.9542076586135406
0.773223920412739,0.9544594638412724,-0.9544594638412724
0.7733489347895236,0.9547113644145968,-0.9547113644145968
0.7734739491663083,0.9549633604332702,-0.9549633604332702
0.7735989635430929,0.9552154519972055,-0.9552154519972055
0.7737239779198775,0.9554676392064738,-0.9554676392064738
0.773848992296662,0.9557199221613032,-0.9557199221613032
0.7739740066734466,0.9559723009620794,-0.9559723009620794
0.7740990210502312,0.9562247757093475,-0.9562247757093475
0.7742240354270158,0.9564773465038098,-0.9564773465038098
0.7743490498038005,0.9567300134463286,-0.9567300134463286
0.7744740641805851,0.9569827766379249,-0.9569827766379249
0.7745990785573696,0.9572356361797792,-0.9572356361797792
0.7747240929341542,0.9574885921732327,-0.9574885921732327
0.7748491073109388,0.9577416447197863,-0.9577416447197863
0.7749741216877234,0.9579947939211017,-0.9579947939211017
0.775099136064508,0.9582480398790013,-0.9582480398790013
0.7752241504412927,0.9585013826954697,-0.9585013826954697
0.7753491648180773,0.958754822472652,-0.958754822472652
0.7754741791948618,0.9590083593128562,-0.9590083593128562
0.7755991935716464,0.9592619933185524,-0.9592619933185524
0.775724207948431,0.9595157245923736,-0.9595157245923736
0.7758492223252156,0.9597695532371155,-0.9597695532371155
0.7759742367020002,0.9600234793557375,-0.9600234793557375
0.7760992510787849,0.9602775030513632,-0.9602775030513632
0.7762242654555694,0.9605316244272792,-0.9605316244272792
0.776349279832354,0.9607858435869377,-0.9607858435869377
0.7764742942091386,0.9610401606339554,-0.9610401606339554
0.7765993085859232,0.961294575672114,-0.961294575672114
0.7767243229627078,0.961549088805361,-0.961549088805361
0.7768493373394924,0.9618037001378099,-0.9618037001378099
0.776974351716277,0.9620584097737404,-0.9620584097737404
0.7770993660930616,0.9623132178175984,-0.9623132178175984
0.7772243804698462,0.9625681243739973,-0.9625681243739973
0.7773493948466308,0.962823129547718,-0.962823129547718
0.7774744092234154,0.9630782334437089,-0.9630782334437089
0.7775994236002,0.9633334361670864,-0.9633334361670864
0.7777244379769845,0.9635887378231356,-0.9635887378231356
0.7778494523537692,0.9638441385173102,-0.9638441385173102
0.7779744667305538,0.9640996383552333,-0.9640996383552333
0.7780994811073384,0.9643552374426971,-0.9643552374426971
0.778224495484123,0.9646109358856649,-0.9646109358856649
0.7783495098609076,0.9648667337902687,-0.9648667337902687
0.7784745242376921,0.9651226312628125,-0.9651226312628125
0.7785995386144767,0.9653786284097706,-0.9653786284097706
0.7787245529912614,0.9656347253377896,-0.9656347253377896
0.778849567368046,0.9658909221536863,-0.9658909221536863
0.7789745817448306,0.9661472189644514,-0.9661472189644514
0.7790995961216152,0.9664036158772471,-0.9664036158772471
0.7792246104983998,0.966660112999409,-0.966660112999409
0.7793496248751843,0.9669167104384457,-0.9669167104384457
0.7794746392519689,0.9671734083020399,-0.9671734083020399
0.7795996536287536,0.9674302066980484,-0.9674302066980484
0.7797246680055382,0.9676871057345013,-0.9676871057345013
0.7798496823823228,0.9679441055196051,-0.9679441055196051
0.7799746967591074,0.9682012061617405,-0.9682012061617405
0.7800997111358919,0.9684584077694646,-0.9684584077694646
0.7802247255126765,0.9687157104515095,-0.9687157104515095
0.7803497398894611,0.9689731143167848,-0.9689731143167848
0.7804747542662457,0.9692306194743758,-0.9692306194743758
0.7805997686430304,0.969488226033546,-0.969488226033546
0.780724783019815,0.9697459341037352,-0.9697459341037352
0.7808497973965995,0.9700037437945624,-0.9700037437945624
0.7809748117733841,0.9702616552158242,-0.9702616552158242
0.7810998261501687,0.9705196684774963,-0.9705196684774963
0.7812248405269533,0.9707777836897329,-0.9707777836897329
0.7813498549037379,0.9710360009628685,-0.9710360009628685
0.7814748692805226,0.9712943204074173,-0.9712943204074173
0.7815998836573071,0.9715527421340734,-0.9715527421340734
0.7817248980340917,0.971811266253712,-0.971811266253712
0.7818499124108763,0.9720698928773892,-0.9720698928773892
0.7819749267876609,0.9723286221163429,-0.9723286221163429
0.7820999411644455,0.9725874540819928,-0.9725874540819928
0.7822249555412301,0.9728463888859407,-0.9728463888859407
0.7823499699180148,0.9731054266399717,-0.9731054266399717
0.7824749842947993,0.9733645674560529,-0.9733645674560529
0.7825999986715839,0.9736238114463364,-0.9736238114463364
0.7827250130483685,0.9738831587231571,-0.9738831587231571
0.7828500274251531,0.9741426093990351,-0.9741426093990351
0.7829750418019377,0.9744021635866744,-0.9744021635866744
0.7831000561787222,0.9746618213989651,-0.9746618213989651
0.7832250705555069,0.9749215829489823,-0.9749215829489823
0.7833500849322915,0.9751814483499872,-0.9751814483499872
0.7834750993090761,0.9754414177154274,-0.9754414177154274
0.7836001136858607,0.9757014911589375,-0.9757014911589375
0.7837251280626453,0.9759616687943394,-0.9759616687943394
0.7838501424394299,0.9762219507356423,-0.9762219507356423
0.7839751568162144,0.976482337097044,-0.976482337097044
0.7841001711929991,0.9767428279929309,-0.9767428279929309
0.7842251855697837,0.9770034235378774,-0.9770034235378774
0.7843501999465683,0.9772641238466481,-0.9772641238466481
0.7844752143233529,0.9775249290341973,-0.9775249290341973
0.7846002287001375,0.9777858392156692,-0.9777858392156692
0.784725243076922,0.9780468545063993,-0.9780468545063993
0.7848502574537066,0.9783079750219132,-0.9783079750219132
0.7849752718304913,0.9785692008779291,-0.9785692008779291
0.7851002862072759,0.978830532190356,-0.978830532190356
0.7852253005840605,0.9790919690752959,-0.9790919690752959
0.7853503149608451,0.9793535116490439,-0.9793535116490439
0.7854753293376296,0.9796151600280878,-0.9796151600280878
0.7856003437144142,0.9798769143291091,-0.9798769143291091
0.7857253580911988,0.9801387746689836,-0.9801387746689836
0.7858503724679835,0.9804007411647819,-0.9804007411647819
0.7859753868447681,0.9806628139337688,-0.9806628139337688
0.7861004012215527,0.980924993093405,-0.980924993093405
0.7862254155983373,0.9811872787613474,-0.9811872787613474
0.7863504299751218,0.9814496710554488,-0.9814496710554488
0.7864754443519064,0.9817121700937586,-0.9817121700937586
0.786600458728691,0.9819747759945238,-0.9819747759945238
0.7867254731054757,0.9822374888761893,-0.9822374888761893
0.7868504874822603,0.9825003088573968,-0.9825003088573968
0.7869755018590449,0.982763236056988,-0.982763236056988
0.7871005162358294,0.9830262705940028,-0.9830262705940028
0.787225530612614,0.9832894125876812,-0.9832894125876812
0.7873505449893986,0.9835526621574621,-0.9835526621574621
0.7874755593661832,0.9838160194229857,-0.9838160194229857
0.7876005737429679,0.9840794845040929,-0.9840794845040929
0.7877255881197525,0.9843430575208248,-0.9843430575208248
0.787850602496537,0.9846067385934257,-0.9846067385934257
0.7879756168733216,0.9848705278423414,-0.9848705278423414
0.7881006312501062,0.9851344253882203,-0.9851344253882203
0.7882256456268908,0.9853984313519139,-0.9853984313519139
0.7883506600036754,0.9856625458544774,-0.9856625458544774
0.7884756743804601,0.9859267690171708,-0.9859267690171708
0.7886006887572446,0.9861911009614567,-0.9861911009614567
0.7887257031340292,0.9864555418090043,-0.9864555418090043
0.7888507175108138,0.9867200916816881,-0.9867200916816881
0.7889757318875984,0.9869847507015879,-0.9869847507015879
0.789100746264383,0.98724951899099,-0.98724951899099
0.7892257606411676,0.9875143966723882,-0.9875143966723882
0.7893507750179523,0.9877793838684833,-0.9877793838684833
0.7894757893947368,0.9880444807021832,-0.9880444807021832
0.7896008037715214,0.9883096872966051,-0.9883096872966051
0.789725818148306,0.9885750037750746,-0.9885750037750746
0.7898508325250906,0.9888404302611264,-0.9888404302611264
0.7899758469018752,0.9891059668785053,-0.9891059668785053
0.7901008612786597,0.9893716137511659,-0.9893716137511659
0.7902258756554444,0.9896373710032741,-0.9896373710032741
0.790350890032229,0.9899032387592059,-0.9899032387592059
0.7904759044090136,0.9901692171435503,-0.9901692171435503
0.7906009187857982,0.9904353062811075,-0.9904353062811075
0.7907259331625828,0.9907015062968907,-0.9907015062968907
0.7908509475393674,0.9909678173161266,-0.9909678173161266
0.7909759619161519,0.9912342394642548,-0.9912342394642548
0.7911009762929366,0.9915007728669298,-0.9915007728669298
0.7912259906697212,0.99176741765002,-0.99176741765002
0.7913510050465058,0.9920341739396094,-0.9920341739396094
0.7914760194232904,0.9923010418619975,-0.9923010418619975
0.791601033800075,0.9925680215437,-0.9925680215437
0.7917260481768595,0.9928351131114492,-0.9928351131114492
0.7918510625536441,0.9931023166921945,-0.9931023166921945
0.7919760769304287,0.993369632413103,-0.993369632413103
0.7921010913072134,0.9936370604015601,-0.9936370604015601
0.792226105683998,0.9939046007851691,-0.9939046007851691
0.7923511200607826,0.9941722536917533,-0.9941722536917533
0.7924761344375671,0.9944400192493555,-0.9944400192493555
0.7926011488143517,0.9947078975862385,-0.9947078975862385
0.7927261631911363,0.9949758888308857,-0.9949758888308857
0.7928511775679209,0.9952439931120023,-0.9952439931120023
0.7929761919447056,0.9955122105585147,-0.9955122105585147
0.7931012063214902,0.9957805412995715,-0.9957805412995715
0.7932262206982748,0.9960489854645441,-0.9960489854645441
0.7933512350750593,0.9963175431830276,-0.9963175431830276
0.7934762494518439,0.9965862145848406,-0.9965862145848406
0.7936012638286285,0.9968549998000261,-0.9968549998000261
0.7937262782054131,0.997123898958852,-0.997123898958852
0.7938512925821978,0.9973929121918117,-0.9973929121918117
0.7939763069589824,0.9976620396296239,-0.9976620396296239
0.7941013213357669,0.9979312814032345,-0.9979312814032345
0.7942263357125515,0.9982006376438161,-0.9982006376438161
0.7943513500893361,0.9984701084827686,-0.9984701084827686
0.7944763644661207,0.9987396940517208,-0.9987396940517208
0.7946013788429053,0.9990093944825287,-0.9990093944825287
0.79472639321969,0.999279209907279,-0.999279209907279
0.7948514075964745,0.9995491404582865,-0.9995491404582865
0.7949764219732591,0.9998191862680972,-0.9998191862680972
0.7951014363500437,1.0000893474694879,-1.0000893474694879
0.7952264507268283,1.000359624195466,-1.000359624195466
0.7953514651036129,1.0006300165792716,-1.0006300165792716
0.7954764794803975,1.0009005247543767,-1.0009005247543767
0.7956014938571822,1.0011711488544865,-1.0011711488544865
0.7957265082339667,1.001441889013539,-1.001441889013539
0.7958515226107513,1.001712745365707,-1.001712745365707
0.7959765369875359,1.0019837180453974,-1.0019837180453974
0.7961015513643205,1.0022548071872532,-1.0022548071872532
0.7962265657411051,1.002526012926152,-1.002526012926152
0.7963515801178896,1.0027973353972082,-1.0027973353972082
0.7964765944946743,1.0030687747357732,-1.0030687747357732
0.7966016088714589,1.003340331077435,-1.003340331077435
0.7967266232482435,1.0036120045580206,-1.0036120045580206
0.7968516376250281,1.003883795313595,-1.003883795313595
0.7969766520018127,1.0041557034804625,-1.0041557034804625
0.7971016663785973,1.0044277291951664,-1.0044277291951664
0.7972266807553818,1.0046998725944916,-1.0046998725944916
0.7973516951321665,1.0049721338154625,-1.0049721338154625
0.7974767095089511,1.0052445129953453,-1.0052445129953453
0.7976017238857357,1.0055170102716489,-1.0055170102716489
0.7977267382625203,1.0057896257821235,-1.0057896257821235
0.7978517526393049,1.0060623596647633,-1.0060623596647633
0.7979767670160894,1.0063352120578062,-1.0063352120578062
0.798101781392874,1.0066081830997335,-1.0066081830997335
0.7982267957696587,1.0068812729292733,-1.0068812729292733
0.7983518101464433,1.0071544816853966,-1.0071544816853966
0.7984768245232279,1.0074278095073224,-1.0074278095073224
0.7986018389000125,1.0077012565345156,-1.0077012565345156
0.798726853276797,1.0079748229066883,-1.0079748229066883
0.7988518676535816,1.0082485087638011,-1.0082485087638011
0.7989768820303662,1.008522314246062,-1.008522314246062
0.7991018964071509,1.0087962394939294,-1.0087962394939294
0.7992269107839355,1.0090702846481094,-1.0090702846481094
0.7993519251607201,1.0093444498495598,-1.0093444498495598
0.7994769395375046,1.0096187352394894,-1.0096187352394894
0.7996019539142892,1.0098931409593572,-1.0098931409593572
0.7997269682910738,1.0101676671508757,-1.0101676671508757
0.7998519826678584,1.0104423139560084,-1.0104423139560084
0.7999769970446431,1.010717081516974,-1.010717081516974
0.8001020114214277,1.0109919699762433,-1.0109919699762433
0.8002270257982123,1.0112669794765425,-1.0112669794765425
0.8003520401749968,1.0115421101608528,-1.0115421101608528
0.8004770545517814,1.0118173621724114,-1.0118173621724114
0.800602068928566,1.0120927356547114,-1.0120927356547114
0.8007270833053506,1.012368230751503,-1.012368230751503
0.8008520976821353,1.012643847606794,-1.012643847606794
0.8009771120589199,1.0129195863648504,-1.0129195863648504
0.8011021264357044,1.0131954471701972,-1.0131954471701972
0.801227140812489,1.0134714301676189,-1.0134714301676189
0.8013521551892736,1.01374753550216,-1.01374753550216
0.8014771695660582,1.0140237633191254,-1.0140237633191254
0.8016021839428428,1.014300113764082,-1.014300113764082
0.8017271983196275,1.014576586982859,-1.014576586982859
0.801852212696412,1.0148531831215466,-1.0148531831215466
0.8019772270731966,1.0151299023265001,-1.0151299023265001
0.8021022414499812,1.0154067447443382,-1.0154067447443382
0.8022272558267658,1.0156837105219438,-1.0156837105219438
0.8023522702035504,1.0159607998064655,-1.0159607998064655
0.802477284580335,1.0162380127453172,-1.0162380127453172
0.8026022989571197,1.0165153494861805,-1.0165153494861805
0.8027273133339042,1.016792810177003,-1.016792810177003
0.8028523277106888,1.017070394966,-1.017070394966
0.8029773420874734,1.0173481040016568,-1.0173481040016568
0.803102356464258,1.0176259374327266,-1.0176259374327266
0.8032273708410426,1.0179038954082325,-1.0179038954082325
0.8033523852178271,1.0181819780774688,-1.0181819780774688
0.8034773995946118,1.0184601855900008,-1.0184601855900008
0.8036024139713964,1.0187385180956647,-1.0187385180956647
0.803727428348181,1.0190169757445702,-1.0190169757445702
0.8038524427249656,1.0192955586870998,-1.0192955586870998
0.8039774571017502,1.0195742670739099,-1.0195742670739099
0.8041024714785348,1.0198531010559313,-1.0198531010559313
0.8042274858553193,1.0201320607843702,-1.0201320607843702
0.8043525002321039,1.0204111464107084,-1.0204111464107084
0.8044775146088886,1.020690358086705,-1.020690358086705
0.8046025289856732,1.0209696959643955,-1.0209696959643955
0.8047275433624578,1.0212491601960931,-1.0212491601960931
0.8048525577392424,1.0215287509343907,-1.0215287509343907
0.8049775721160269,1.0218084683321595,-1.0218084683321595
0.8051025864928115,1.022088312542552,-1.022088312542552
0.8052276008695961,1.0223682837189996,-1.0223682837189996
0.8053526152463808,1.022648382015217,-1.022648382015217
0.8054776296231654,1.022928607585199,-1.022928607585199
0.80560264399995,1.0232089605832249,-1.0232089605832249
0.8057276583767345,1.0234894411638569,-1.0234894411638569
0.8058526727535191,1.023770049481941,-1.023770049481941
0.8059776871303037,1.0240507856926089,-1.0240507856926089
0.8061027015070883,1.0243316499512773,-1.0243316499512773
0.806227715883873,1.02461264241365,-1.02461264241365
0.8063527302606576,1.0248937632357162,-1.0248937632357162
0.8064777446374422,1.0251750125737549,-1.0251750125737549
0.8066027590142267,1.0254563905843324,-1.0254563905843324
0.8067277733910113,1.0257378974243045,-1.0257378974243045
0.8068527877677959,1.0260195332508173,-1.0260195332508173
0.8069778021445805,1.0263012982213071,-1.0263012982213071
0.8071028165213652,1.0265831924935018,-1.0265831924935018
0.8072278308981498,1.026865216225421,-1.026865216225421
0.8073528452749343,1.0271473695753779,-1.0271473695753779
0.8074778596517189,1.0274296527019786,-1.0274296527019786
0.8076028740285035,1.027712065764124,-1.027712065764124
0.8077278884052881,1.0279946089210104,-1.0279946089210104
0.8078529027820727,1.0282772823321291,-1.0282772823321291
0.8079779171588574,1.0285600861572686,-1.0285600861572686
0.8081029315356419,1.0288430205565138,-1.0288430205565138
0.8082279459124265,1.0291260856902489,-1.0291260856902489
0.8083529602892111,1.0294092817191562,-1.0294092817191562
0.8084779746659957,1.0296926088042178,-1.0296926088042178
0.8086029890427803,1.029976067106716,-1.029976067106716
0.8087280034195649,1.0302596567882343,-1.0302596567882343
0.8088530177963495,1.030543378010658,-1.030543378010658
0.8089780321731341,1.0308272309361748,-1.0308272309361748
0.8091030465499187,1.0311112157272764,-1.0311112157272764
0.8092280609267033,1.0313953325467577,-1.0313953325467577
0.8093530753034879,1.0316795815577193,-1.0316795815577193
0.8094780896802725,1.0319639629235675,-1.0319639629235675
0.809603104057057,1.0322484768080147,-1.0322484768080147
0.8097281184338417,1.032533123375081,-1.032533123375081
0.8098531328106263,1.0328179027890934,-1.0328179027890934
0.8099781471874109,1.0331028152146893,-1.0331028152146893
0.8101031615641955,1.0333878608168146,-1.0333878608168146
0.8102281759409801,1.0336730397607263,-1.0336730397607263
0.8103531903177646,1.033958352211992,-1.033958352211992
0.8104782046945492,1.0342437983364916,-1.0342437983364916
0.8106032190713339,1.0345293783004181,-1.0345293783004181
0.8107282334481185,1.034815092270277,-1.034815092270277
0.8108532478249031,1.0351009404128895,-1.0351009404128895
0.8109782622016877,1.035386922895391,-1.035386922895391
0.8111032765784723,1.0356730398852334,-1.0356730398852334
0.8112282909552568,1.0359592915501852,-1.0359592915501852
0.8113533053320414,1.0362456780583327,-1.0362456780583327
0.8114783197088261,1.036532199578081,-1.036532199578081
0.8116033340856107,1.0368188562781526,-1.0368188562781526
0.8117283484623953,1.0371056483275929,-1.0371056483275929
0.8118533628391799,1.0373925758957658,-1.0373925758957658
0.8119783772159644,1.0376796391523584,-1.0376796391523584
0.812103391592749,1.0379668382673797,-1.0379668382673797
0.8122284059695336,1.038254173411162,-1.038254173411162
0.8123534203463183,1.0385416447543625,-1.0385416447543625
0.8124784347231029,1.038829252467962,-1.038829252467962
0.8126034490998875,1.0391169967232692,-1.0391169967232692
0.812728463476672,1.0394048776919176,-1.0394048776919176
0.8128534778534566,1.0396928955458695,-1.0396928955458695
0.8129784922302412,1.0399810504574156,-1.0399810504574156
0.8131035066070258,1.0402693425991751,-1.0402693425991751
0.8132285209838105,1.0405577721440984,-1.0405577721440984
0.8133535353605951,1.0408463392654652,-1.0408463392654652
0.8134785497373797,1.0411350441368887,-1.0411350441368887
0.8136035641141642,1.0414238869323145,-1.0414238869323145
0.8137285784909488,1.0417128678260208,-1.0417128678260208
0.8138535928677334,1.0420019869926214,-1.0420019869926214
0.813978607244518,1.042291244607065,-1.042291244607065
0.8141036216213027,1.0425806408446359,-1.0425806408446359
0.8142286359980873,1.0428701758809564,-1.0428701758809564
0.8143536503748718,1.0431598498919856,-1.0431598498919856
0.8144786647516564,1.0434496630540226,-1.0434496630540226
0.814603679128441,1.043739615543706,-1.043739615543706
0.8147286935052256,1.0440297075380138,-1.0440297075380138
0.8148537078820102,1.044319939214267,-1.044319939214267
0.8149787222587949,1.0446103107501283,-1.0446103107501283
0.8151037366355794,1.0449008223236032,-1.0449008223236032
0.815228751012364,1.045191474113042,-1.045191474113042
0.8153537653891486,1.04548226629714,-1.04548226629714
0.8154787797659332,1.0457731990549382,-1.0457731990549382
0.8156037941427178,1.0460642725658247,-1.0460642725658247
0.8157288085195024,1.0463554870095357,-1.0463554870095357
0.8158538228962869,1.0466468425661553,-1.0466468425661553
0.8159788372730716,1.0469383394161176,-1.0469383394161176
0.8161038516498562,1.0472299777402077,-1.0472299777402077
0.8162288660266408,1.047521757719561,-1.047521757719561
0.8163538804034254,1.047813679535667,-1.047813679535667
0.81647889478021,1.0481057433703667,-1.0481057433703667
0.8166039091569945,1.0483979494058564,-1.0483979494058564
0.8167289235337791,1.048690297824688,-1.048690297824688
0.8168539379105638,1.0489827888097683,-1.0489827888097683
0.8169789522873484,1.049275422544362,-1.049275422544362
0.817103966664133,1.049568199212091,-1.049568199212091
0.8172289810409176,1.0498611189969376,-1.0498611189969376
0.8173539954177022,1.0501541820832425,-1.0501541820832425
0.8174790097944867,1.0504473886557084,-1.0504473886557084
0.8176040241712713,1.050740738899399,-1.050740738899399
0.817729038548056,1.0510342329997415,-1.0510342329997415
0.8178540529248406,1.0513278711425258,-1.0513278711425258
0.8179790673016252,1.0516216535139076,-1.0516216535139076
0.8181040816784098,1.0519155803004079,-1.0519155803004079
0.8182290960551943,1.052209651688914,-1.052209651688914
0.8183541104319789,1.0525038678666814,-1.0525038678666814
0.8184791248087635,1.0527982290213336,-1.0527982290213336
0.8186041391855482,1.0530927353408648,-1.0530927353408648
0.8187291535623328,1.053387387013638,-1.053387387013638
0.8188541679391174,1.0536821842283897,-1.0536821842283897
0.8189791823159019,1.0539771271742275,-1.0539771271742275
0.8191041966926865,1.0542722160406333,-1.0542722160406333
0.8192292110694711,1.0545674510174634,-1.0545674510174634
0.8193542254462557,1.0548628322949498,-1.0548628322949498
0.8194792398230404,1.055158360063701,-1.055158360063701
0.819604254199825,1.055454034514702,-1.055454034514702
0.8197292685766095,1.0557498558393188,-1.0557498558393188
0.8198542829533941,1.056045824229295,-1.056045824229295
0.8199792973301787,1.056341939876755,-1.056341939876755
0.8201043117069633,1.0566382029742063,-1.0566382029742063
0.8202293260837479,1.0569346137145375,-1.0569346137145375
0.8203543404605326,1.0572311722910217,-1.0572311722910217
0.8204793548373172,1.0575278788973161,-1.0575278788973161
0.8206043692141017,1.0578247337274649,-1.0578247337274649
0.8207293835908863,1.0581217369758977,-1.0581217369758977
0.8208543979676709,1.058418888837433,-1.058418888837433
0.8209794123444555,1.058716189507278,-1.058716189507278
0.8211044267212401,1.0590136391810296,-1.0590136391810296
0.8212294410980248,1.0593112380546763,-1.0593112380546763
0.8213544554748093,1.0596089863245977,-1.0596089863245977
0.8214794698515939,1.0599068841875672,-1.0599068841875672
0.8216044842283785,1.0602049318407527,-1.0602049318407527
0.8217294986051631,1.0605031294817167,-1.0605031294817167
0.8218545129819477,1.0608014773084187,-1.0608014773084187
0.8219795273587323,1.0610999755192152,-1.0610999755192152
0.822104541735517,1.061398624312862,-1.061398624312862
0.8222295561123015,1.0616974238885128,-1.0616974238885128
0.8223545704890861,1.0619963744457235,-1.0619963744457235
0.8224795848658707,1.0622954761844519,-1.0622954761844519
0.8226045992426553,1.0625947293050577,-1.0625947293050577
0.8227296136194399,1.0628941340083051,-1.0628941340083051
0.8228546279962244,1.0631936904953636,-1.0631936904953636
0.8229796423730091,1.0634933989678088,-1.0634933989678088
0.8231046567497937,1.0637932596276225,-1.0637932596276225
0.8232296711265783,1.0640932726771968,-1.0640932726771968
0.8233546855033629,1.0643934383193319,-1.0643934383193319
0.8234796998801475,1.0646937567572394,-1.0646937567572394
0.823604714256932,1.0649942281945428,-1.0649942281945428
0.8237297286337166,1.0652948528352777,-1.0652948528352777
0.8238547430105013,1.0655956308838948,-1.0655956308838948
0.8239797573872859,1.0658965625452588,-1.0658965625452588
0.8241047717640705,1.0661976480246518,-1.0661976480246518
0.8242297861408551,1.0664988875277728,-1.0664988875277728
0.8243548005176397,1.06680028126074,-1.06680028126074
0.8244798148944242,1.0671018294300905,-1.0671018294300905
0.8246048292712088,1.0674035322427833,-1.0674035322427833
0.8247298436479935,1.0677053899061992,-1.0677053899061992
0.8248548580247781,1.0680074026281414,-1.0680074026281414
0.8249798724015627,1.068309570616839,-1.068309570616839
0.8251048867783473,1.0686118940809455,-1.0686118940809455
0.8252299011551318,1.0689143732295425,-1.0689143732295425
0.8253549155319164,1.069217008272138,-1.069217008272138
0.825479929908701,1.0695197994186703,-1.0695197994186703
0.8256049442854857,1.0698227468795078,-1.0698227468795078
0.8257299586622703,1.0701258508654505,-1.0701258508654505
0.8258549730390549,1.0704291115877307,-1.0704291115877307
0.8259799874158394,1.0707325292580157,-1.0707325292580157
0.826105001792624,1.0710361040884064,-1.0710361040884064
0.8262300161694086,1.0713398362914417,-1.0713398362914417
0.8263550305461932,1.0716437260800968,-1.0716437260800968
0.8264800449229779,1.0719477736677874,-1.0719477736677874
0.8266050592997625,1.0722519792683667,-1.0722519792683667
0.826730073676547,1.0725563430961311,-1.0725563430961311
0.8268550880533316,1.0728608653658196,-1.0728608653658196
0.8269801024301162,1.0731655462926137,-1.0731655462926137
0.8271051168069008,1.0734703860921408,-1.0734703860921408
0.8272301311836854,1.0737753849804745,-1.0737753849804745
0.8273551455604701,1.0740805431741356,-1.0740805431741356
0.8274801599372547,1.0743858608900934,-1.0743858608900934
0.8276051743140392,1.0746913383457675,-1.0746913383457675
0.8277301886908238,1.0749969757590292,-1.0749969757590292
0.8278552030676084,1.0753027733482015,-1.0753027733482015
0.827980217444393,1.0756087313320617,-1.0756087313320617
0.8281052318211776,1.0759148499298423,-1.0759148499298423
0.8282302461979621,1.0762211293612318,-1.0762211293612318
0.8283552605747468,1.076527569846377,-1.076527569846377
0.8284802749515314,1.0768341716058822,-1.0768341716058822
0.828605289328316,1.0771409348608136,-1.0771409348608136
0.8287303037051006,1.0774478598326982,-1.0774478598326982
0.8288553180818852,1.0777549467435257,-1.0777549467435257
0.8289803324586698,1.0780621958157506,-1.0780621958157506
0.8291053468354543,1.078369607272292,-1.078369607272292
0.829230361212239,1.0786771813365363,-1.0786771813365363
0.8293553755890236,1.0789849182323379,-1.0789849182323379
0.8294803899658082,1.079292818184021,-1.079292818184021
0.8296054043425928,1.0796008814163798,-1.0796008814163798
0.8297304187193774,1.0799091081546814,-1.0799091081546814
0.8298554330961619,1.0802174986246662,-1.0802174986246662
0.8299804474729465,1.080526053052549,-1.080526053052549
0.8301054618497312,1.0808347716650213,-1.0808347716650213
0.8302304762265158,1.0811436546892512,-1.0811436546892512
0.8303554906033004,1.081452702352887,-1.081452702352887
0.830480504980085,1.0817619148840563,-1.0817619148840563
0.8306055193568695,1.0820712925113687,-1.0820712925113687
0.8307305337336541,1.0823808354639164,-1.0823808354639164
0.8308555481104387,1.0826905439712766,-1.0826905439712766
0.8309805624872234,1.0830004182635125,-1.0830004182635125
0.831105576864008,1.0833104585711728,-1.0833104585711728
0.8312305912407926,1.0836206651252962,-1.0836206651252962
0.8313556056175772,1.0839310381574114,-1.0839310381574114
0.8314806199943617,1.0842415778995378,-1.0842415778995378
0.8316056343711463,1.084552284584188,-1.084552284584188
0.8317306487479309,1.0848631584443686,-1.0848631584443686
0.8318556631247156,1.0851741997135824,-1.0851741997135824
0.8319806775015002,1.085485408625828,-1.085485408625828
0.8321056918782848,1.0857967854156036,-1.0857967854156036
0.8322307062550693,1.0861083303179069,-1.0861083303179069
0.8323557206318539,1.0864200435682372,-1.0864200435682372
0.8324807350086385,1.0867319254025962,-1.0867319254025962
0.8326057493854231,1.0870439760574904,-1.0870439760574904
0.8327307637622078,1.0873561957699318,-1.0873561957699318
0.8328557781389924,1.0876685847774388,-1.0876685847774388
0.832980792515777,1.0879811433180402,-1.0879811433180402
0.8331058068925615,1.088293871630273,-1.088293871630273
0.8332308212693461,1.0886067699531876,-1.0886067699531876
0.8333558356461307,1.088919838526346,-1.088919838526346
0.8334808500229153,1.0892330775898262,-1.0892330775898262
0.8336058643997,1.089546487384221,-1.089546487384221
0.8337308787764846,1.0898600681506412,-1.0898600681506412
0.8338558931532691,1.0901738201307174,-1.0901738201307174
0.8339809075300537,1.0904877435665998,-1.0904877435665998
0.8341059219068383,1.0908018387009615,-1.0908018387009615
0.8342309362836229,1.091116105776999,-1.091116105776999
0.8343559506604075,1.0914305450384338,-1.0914305450384338
0.8344809650371922,1.0917451567295149,-1.0917451567295149
0.8346059794139767,1.0920599410950182,-1.0920599410950182
0.8347309937907613,1.0923748983802504,-1.0923748983802504
0.8348560081675459,1.0926900288310497,-1.0926900288310497
0.8349810225443305,1.0930053326937865,-1.0930053326937865
0.8351060369211151,1.0933208102153662,-1.0933208102153662
0.8352310512978997,1.0936364616432306,-1.0936364616432306
0.8353560656746843,1.0939522872253586,-1.0939522872253586
0.8354810800514689,1.0942682872102683,-1.0942682872102683
0.8356060944282535,1.0945844618470184,-1.0945844618470184
0.8357311088050381,1.094900811385211,-1.094900811385211
0.8358561231818227,1.095217336074991,-1.095217336074991
0.8359811375586073,1.0955340361670503,-1.0955340361670503
0.8361061519353918,1.0958509119126263,-1.0958509119126263
0.8362311663121765,1.096167963563507,-1.096167963563507
0.8363561806889611,1.0964851913720295,-1.0964851913720295
0.8364811950657457,1.0968025955910836,-1.0968025955910836
0.8366062094425303,1.097120176474113,-1.097120176474113
0.8367312238193149,1.0974379342751162,-1.0974379342751162
0.8368562381960994,1.0977558692486493,-1.0977558692486493
0.836981252572884,1.098073981649827,-1.098073981649827
0.8371062669496687,1.0983922717343242,-1.0983922717343242
0.8372312813264533,1.0987107397583773,-1.0987107397583773
0.8373562957032379,1.0990293859787874,-1.0990293859787874
0.8374813100800225,1.09934821065292,-1.09934821065292
0.837606324456807,1.0996672140387085,-1.0996672140387085
0.8377313388335916,1.0999863963946541,-1.0999863963946541
0.8378563532103762,1.1003057579798297,-1.1003057579798297
0.8379813675871609,1.1006252990538792,-1.1006252990538792
0.8381063819639455,1.1009450198770205,-1.1009450198770205
0.8382313963407301,1.1012649207100471,-1.1012649207100471
0.8383564107175147,1.101585001814331,-1.101585001814331
0.8384814250942992,1.1019052634518214,-1.1019052634518214
0.8386064394710838,1.1022257058850493,-1.1022257058850493
0.8387314538478684,1.102546329377128,-1.102546329377128
0.8388564682246531,1.1028671341917553,-1.1028671341917553
0.8389814826014377,1.1031881205932141,-1.1031881205932141
0.8391064969782223,1.1035092888463764,-1.1035092888463764
0.8392315113550068,1.1038306392167028,-1.1038306392167028
0.8393565257317914,1.1041521719702452,-1.1041521719702452
0.839481540108576,1.1044738873736495,-1.1044738873736495
0.8396065544853606,1.1047957856941557,-1.1047957856941557
0.8397315688621452,1.1051178671996003,-1.1051178671996003
0.8398565832389299,1.1054401321584193,-1.1054401321584193
0.8399815976157144,1.1057625808396476,-1.1057625808396476
0.840106611992499,1.106085213512924,-1.106085213512924
0.8402316263692836,1.1064080304484893,-1.1064080304484893
0.8403566407460682,1.106731031917192,-1.106731031917192
0.8404816551228528,1.1070542181904863,-1.1070542181904863
0.8406066694996374,1.1073775895404376,-1.1073775895404376
0.840731683876422,1.1077011462397222,-1.1077011462397222
0.8408566982532066,1.1080248885616282,-1.1080248885616282
0.8409817126299912,1.1083488167800604,-1.1083488167800604
0.8411067270067758,1.1086729311695396,-1.1086729311695396
0.8412317413835604,1.1089972320052062,-1.1089972320052062
0.841356755760345,1.1093217195628207,-1.1093217195628207
0.8414817701371295,1.109646394118766,-1.109646394118766
0.8416067845139142,1.1099712559500505,-1.1099712559500505
0.8417317988906988,1.1102963053343073,-1.1102963053343073
0.8418568132674834,1.1106215425497996,-1.1106215425497996
0.841981827644268,1.1109469678754198,-1.1109469678754198
0.8421068420210526,1.111272581590693,-1.111272581590693
0.8422318563978372,1.111598383975778,-1.111598383975778
0.8423568707746217,1.1119243753114698,-1.1119243753114698
0.8424818851514064,1.1122505558792017,-1.1122505558792017
0.842606899528191,1.1125769259610465,-1.1125769259610465
0.8427319139049756,1.1129034858397193,-1.1129034858397193
0.8428569282817602,1.1132302357985795,-1.1132302357985795
0.8429819426585448,1.1135571761216312,-1.1135571761216312
0.8431069570353293,1.1138843070935276,-1.1138843070935276
0.8432319714121139,1.1142116289995718,-1.1142116289995718
0.8433569857888986,1.114539142125718,-1.114539142125718
0.8434820001656832,1.114866846758575,-1.114866846758575
0.8436070145424678,1.115194743185407,-1.115194743185407
0.8437320289192524,1.1155228316941368,-1.1155228316941368
0.843857043296037,1.1158511125733472,-1.1158511125733472
0.8439820576728215,1.1161795861122825,-1.1161795861122825
0.8441070720496061,1.1165082526008518,-1.1165082526008518
0.8442320864263908,1.1168371123296306,-1.1168371123296306
0.8443571008031754,1.1171661655898615,-1.1171661655898615
0.84448211517996,1.1174954126734582,-1.1174954126734582
0.8446071295567446,1.1178248538730073,-1.1178248538730073
0.8447321439335291,1.1181544894817694,-1.1181544894817694
0.8448571583103137,1.118484319793682,-1.118484319793682
0.8449821726870983,1.118814345103361,-1.118814345103361
0.845107187063883,1.1191445657061039,-1.1191445657061039
0.8452322014406676,1.1194749818978902,-1.1194749818978902
0.8453572158174522,1.1198055939753853,-1.1198055939753853
0.8454822301942367,1.120136402235942,-1.120136402235942
0.8456072445710213,1.120467406977602,-1.120467406977602
0.8457322589478059,1.120798608499099,-1.120798608499099
0.8458572733245905,1.121130007099861,-1.121130007099861
0.8459822877013752,1.1214616030800113,-1.1214616030800113
0.8461073020781598,1.121793396740371,-1.121793396740371
0.8462323164549443,1.1221253883824625,-1.1221253883824625
0.8463573308317289,1.1224575783085102,-1.1224575783085102
0.8464823452085135,1.1227899668214438,-1.1227899668214438
0.8466073595852981,1.1231225542248993,-1.1231225542248993
0.8467323739620827,1.1234553408232228,-1.1234553408232228
0.8468573883388674,1.123788326921472,-1.123788326921472
0.846982402715652,1.1241215128254163,-1.1241215128254163
0.8471074170924365,1.124454898841544,-1.124454898841544
0.8472324314692211,1.1247884852770595,-1.1247884852770595
0.8473574458460057,1.1251222724398893,-1.1251222724398893
0.8474824602227903,1.125456260638682,-1.125456260638682
0.8476074745995749,1.125790450182811,-1.125790450182811
0.8477324889763596,1.1261248413823783,-1.1261248413823783
0.8478575033531441,1.1264594345482142,-1.1264594345482142
0.8479825177299287,1.1267942299918823,-1.1267942299918823
0.8481075321067133,1.12712922802568,-1.12712922802568
0.8482325464834979,1.1274644289626417,-1.1274644289626417
0.8483575608602825,1.127799833116541,-1.127799833116541
0.848482575237067,1.1281354408018929,-1.1281354408018929
0.8486075896138517,1.1284712523339566,-1.1284712523339566
0.8487326039906363,1.1288072680287367,-1.1288072680287367
0.8488576183674209,1.129143488202987,-1.129143488202987
0.8489826327442055,1.1294799131742126,-1.1294799131742126
0.8491076471209901,1.1298165432606717,-1.1298165432606717
0.8492326614977747,1.130153378781378,-1.130153378781378
0.8493576758745592,1.1304904200561046,-1.1304904200561046
0.8494826902513439,1.130827667405384,-1.130827667405384
0.8496077046281285,1.1311651211505132,-1.1311651211505132
0.8497327190049131,1.1315027816135539,-1.1315027816135539
0.8498577333816977,1.131840649117336,-1.131840649117336
0.8499827477584823,1.1321787239854608,-1.1321787239854608
0.8501077621352668,1.1325170065423018,-1.1325170065423018
0.8502327765120514,1.1328554971130085,-1.1328554971130085
0.8503577908888361,1.1331941960235086,-1.1331941960235086
0.8504828052656207,1.1335331036005099,-1.1335331036005099
0.8506078196424053,1.133872220171504,-1.133872220171504
0.8507328340191899,1.1342115460647677,-1.1342115460647677
0.8508578483959744,1.1345510816093662,-1.1345510816093662
0.850982862772759,1.134890827135156,-1.134890827135156
0.8511078771495436,1.1352307829727866,-1.1352307829727866
0.8512328915263283,1.1355709494537032,-1.1355709494537032
0.8513579059031129,1.1359113269101495,-1.1359113269101495
0.8514829202798975,1.136251915675171,-1.136251915675171
0.851607934656682,1.1365927160826164,-1.1365927160826164
0.8517329490334666,1.1369337284671415,-1.1369337284671415
0.8518579634102512,1.1372749531642103,-1.1372749531642103
0.8519829777870358,1.1376163905100989,-1.1376163905100989
0.8521079921638204,1.1379580408418979,-1.1379580408418979
0.8522330065406051,1.1382999044975153,-1.1382999044975153
0.8523580209173897,1.1386419818156768,-1.1386419818156768
0.8524830352941742,1.1389842731359334,-1.1389842731359334
0.8526080496709588,1.1393267787986587,-1.1393267787986587
0.8527330640477434,1.1396694991450558,-1.1396694991450558
0.852858078424528,1.1400124345171576,-1.1400124345171576
0.8529830928013126,1.14035558525783,-1.14035558525783
0.8531081071780973,1.1406989517107762,-1.1406989517107762
0.8532331215548818,1.141042534220536,-1.141042534220536
0.8533581359316664,1.1413863331324927,-1.1413863331324927
0.853483150308451,1.1417303487928734,-1.1417303487928734
0.8536081646852356,1.1420745815487516,-1.1420745815487516
0.8537331790620202,1.142419031748052,-1.142419031748052
0.8538581934388048,1.1427636997395507,-1.1427636997395507
0.8539832078155895,1.1431085858728807,-1.1431085858728807
0.854108222192374,1.143453690498532,-1.143453690498532
0.8542332365691586,1.1437990139678569,-1.1437990139678569
0.8543582509459432,1.1441445566330717,-1.1441445566330717
0.8544832653227278,1.1444903188472597,-1.1444903188472597
0.8546082796995124,1.1448363009643734,-1.1448363009643734
0.854733294076297,1.1451825033392395,-1.1451825033392395
0.8548583084530816,1.145528926327559,-1.145528926327559
0.8549833228298662,1.1458755702859122,-1.1458755702859122
0.8551083372066508,1.146222435571761,-1.146222435571761
0.8552333515834354,1.1465695225434516,-1.1465695225434516
0.85535836596022,1.146916831560218,-1.146916831560218
0.8554833803370046,1.1472643629821846,-1.1472643629821846
0.8556083947137891,1.1476121171703688,-1.1476121171703688
0.8557334090905738,1.1479600944866857,-1.1479600944866857
0.8558584234673584,1.1483082952939478,-1.1483082952939478
0.855983437844143,1.148656719955872,-1.148656719955872
0.8561084522209276,1.1490053688370796,-1.1490053688370796
0.8562334665977122,1.1493542423031013,-1.1493542423031013
0.8563584809744967,1.1497033407203787,-1.1497033407203787
0.8564834953512813,1.150052664456269,-1.150052664456269
0.856608509728066,1.1504022138790464,-1.1504022138790464
0.8567335241048506,1.1507519893579061,-1.1507519893579061
0.8568585384816352,1.1511019912629676,-1.1511019912629676
0.8569835528584198,1.1514522199652777,-1.1514522199652777
0.8571085672352043,1.1518026758368132,-1.1518026758368132
0.8572335816119889,1.1521533592504847,-1.1521533592504847
0.8573585959887735,1.1525042705801392,-1.1525042705801392
0.8574836103655582,1.1528554102005635,-1.1528554102005635
0.8576086247423428,1.1532067784874875,-1.1532067784874875
0.8577336391191274,1.153558375817587,-1.153558375817587
0.857858653495912,1.153910202568488,-1.153910202568488
0.8579836678726965,1.1542622591187688,-1.1542622591187688
0.8581086822494811,1.154614545847963,-1.154614545847963
0.8582336966262657,1.1549670631365652,-1.1549670631365652
0.8583587110030504,1.1553198113660306,-1.1553198113660306
0.858483725379835,1.1556727909187807,-1.1556727909187807
0.8586087397566196,1.1560260021782067,-1.1560260021782067
0.8587337541334041,1.1563794455286718,-1.1563794455286718
0.8588587685101887,1.1567331213555152,-1.1567331213555152
0.8589837828869733,1.1570870300450549,-1.1570870300450549
0.8591087972637579,1.1574411719845914,-1.1574411719845914
0.8592338116405426,1.1577955475624118,-1.1577955475624118
0.8593588260173272,1.158150157167791,-1.158150157167791
0.8594838403941117,1.1585050011909979,-1.1585050011909979
0.8596088547708963,1.158860080023297,-1.158860080023297
0.8597338691476809,1.1592153940569525,-1.1592153940569525
0.8598588835244655,1.1595709436852315,-1.1595709436852315
0.8599838979012501,1.1599267293024071,-1.1599267293024071
0.8601089122780348,1.160282751303764,-1.160282751303764
0.8602339266548193,1.1606390100855977,-1.1606390100855977
0.8603589410316039,1.1609955060452228,-1.1609955060452228
0.8604839554083885,1.1613522395809737,-1.1613522395809737
0.8606089697851731,1.161709211092209,-1.161709211092209
0.8607339841619577,1.1620664209793143,-1.1620664209793143
0.8608589985387423,1.162423869643708,-1.162423869643708
0.860984012915527,1.162781557487841,-1.162781557487841
0.8611090272923115,1.1631394849152046,-1.1631394849152046
0.8612340416690961,1.1634976523303306,-1.1634976523303306
0.8613590560458807,1.163856060138798,-1.163856060138798
0.8614840704226653,1.1642147087472334,-1.1642147087472334
0.8616090847994499,1.164573598563318,-1.164573598563318
0.8617340991762344,1.1649327299957888,-1.1649327299957888
0.8618591135530191,1.1652921034544437,-1.1652921034544437
0.8619841279298037,1.1656517193501432,-1.1656517193501432
0.8621091423065883,1.1660115780948181,-1.1660115780948181
0.8622341566833729,1.1663716801014692,-1.1663716801014692
0.8623591710601575,1.1667320257841727,-1.1667320257841727
0.862484185436942,1.1670926155580847,-1.1670926155580847
0.8626091998137266,1.1674534498394438,-1.1674534498394438
0.8627342141905113,1.167814529045576,-1.167814529045576
0.8628592285672959,1.1681758535948965,-1.1681758535948965
0.8629842429440805,1.1685374239069164,-1.1685374239069164
0.8631092573208651,1.168899240402245,-1.168899240402245
0.8632342716976497,1.1692613035025932,-1.1692613035025932
0.8633592860744342,1.1696236136307785,-1.1696236136307785
0.8634843004512188,1.169986171210729,-1.169986171210729
0.8636093148280034,1.1703489766674857,-1.1703489766674857
0.8637343292047881,1.1707120304272087,-1.1707120304272087
0.8638593435815727,1.1710753329171795,-1.1710753329171795
0.8639843579583573,1.1714388845658052,-1.1714388845658052
0.8641093723351418,1.171802685802624,-1.171802685802624
0.8642343867119264,1.1721667370583075,-1.1721667370583075
0.864359401088711,1.1725310387646655,-1.1725310387646655
0.8644844154654956,1.1728955913546495,-1.1728955913546495
0.8646094298422803,1.1732603952623581,-1.1732603952623581
0.8647344442190649,1.1736254509230397,-1.1736254509230397
0.8648594585958495,1.1739907587730969,-1.1739907587730969
0.864984472972634,1.1743563192500914,-1.1743563192500914
0.8651094873494186,1.1747221327927477,-1.1747221327927477
0.8652345017262032,1.1750881998409572,-1.1750881998409572
0.8653595161029878,1.1754545208357825,-1.1754545208357825
0.8654845304797725,1.1758210962194617,-1.1758210962194617
0.8656095448565571,1.1761879264354114,-1.1761879264354114
0.8657345592333416,1.176555011928234,-1.176555011928234
0.8658595736101262,1.176922353143718,-1.176922353143718
0.8659845879869108,1.1772899505288463,-1.1772899505288463
0.8661096023636954,1.1776578045317974,-1.1776578045317974
0.86623461674048,1.178025915601951,-1.178025915601951
0.8663596311172647,1.1783942841898931,-1.1783942841898931
0.8664846454940492,1.178762910747418,-1.178762910747418
0.8666096598708338,1.1791317957275353,-1.1791317957275353
0.8667346742476184,1.1795009395844736,-1.1795009395844736
0.866859688624403,1.1798703427736836,-1.1798703427736836
0.8669847030011876,1.1802400057518438,-1.1802400057518438
0.8671097173779722,1.1806099289768657,-1.1806099289768657
0.8672347317547568,1.180980112907896,-1.180980112907896
0.8673597461315414,1.181350558005323,-1.181350558005323
0.867484760508326,1.1817212647307802,-1.1817212647307802
0.8676097748851106,1.1820922335471522,-1.1820922335471522
0.8677347892618952,1.1824634649185775,-1.1824634649185775
0.8678598036386798,1.1828349593104537,-1.1828349593104537
0.8679848180154643,1.1832067171894431,-1.1832067171894431
0.868109832392249,1.1835787390234767,-1.1835787390234767
0.8682348467690336,1.183951025281757,-1.183951025281757
0.8683598611458182,1.1843235764347668,-1.1843235764347668
0.8684848755226028,1.18469639295427,-1.18469639295427
0.8686098898993874,1.1850694753133186,-1.1850694753133186
0.868734904276172,1.1854428239862562,-1.1854428239862562
0.8688599186529565,1.1858164394487236,-1.1858164394487236
0.8689849330297412,1.186190322177664,-1.186190322177664
0.8691099474065258,1.1865644726513254,-1.1865644726513254
0.8692349617833104,1.1869388913492684,-1.1869388913492684
0.869359976160095,1.18731357875237,-1.18731357875237
0.8694849905368796,1.187688535342828,-1.187688535342828
0.8696100049136641,1.1880637616041656,-1.1880637616041656
0.8697350192904487,1.188439258021238,-1.188439258021238
0.8698600336672334,1.188815025080236,-1.188815025080236
0.869985048044018,1.1891910632686906,-1.1891910632686906
0.8701100624208026,1.1895673730754799,-1.1895673730754799
0.8702350767975872,1.1899439549908317,-1.1899439549908317
0.8703600911743717,1.1903208095063307,-1.1903208095063307
0.8704851055511563,1.1906979371149227,-1.1906979371149227
0.8706101199279409,1.191075338310919,-1.191075338310919
0.8707351343047256,1.1914530135900026,-1.1914530135900026
0.8708601486815102,1.1918309634492328,-1.1918309634492328
0.8709851630582948,1.1922091883870503,-1.1922091883870503
0.8711101774350793,1.192587688903283,-1.192587688903283
0.8712351918118639,1.1929664654991508,-1.1929664654991508
0.8713602061886485,1.1933455186772708,-1.1933455186772708
0.8714852205654331,1.1937248489416625,-1.1937248489416625
0.8716102349422178,1.1941044567977532,-1.1941044567977532
0.8717352493190024,1.1944843427523837,-1.1944843427523837
0.871860263695787,1.1948645073138124,-1.1948645073138124
0.8719852780725715,1.1952449509917227,-1.1952449509917227
0.8721102924493561,1.1956256742972267,-1.1956256742972267
0.8722353068261407,1.196006677742871,-1.196006677742871
0.8723603212029253,1.196387961842643,-1.196387961842643
0.87248533557971,1.1967695271119754,-1.1967695271119754
0.8726103499564946,1.197151374067751,-1.197151374067751
0.8727353643332791,1.1975335032283112,-1.1975335032283112
0.8728603787100637,1.1979159151134577,-1.1979159151134577
0.8729853930868483,1.1982986102444613,-1.1982986102444613
0.8731104074636329,1.1986815891440656,-1.1986815891440656
0.8732354218404175,1.1990648523364933,-1.1990648523364933
0.8733604362172022,1.199448400347452,-1.199448400347452
0.8734854505939867,1.1998322337041387,-1.1998322337041387
0.8736104649707713,1.2002163529352479,-1.2002163529352479
0.8737354793475559,1.2006007585709748,-1.2006007585709748
0.8738604937243405,1.200985451143023,-1.200985451143023
0.8739855081011251,1.2013704311846087,-1.2013704311846087
0.8741105224779097,1.201755699230468,-1.201755699230468
0.8742355368546944,1.2021412558168627,-1.2021412558168627
0.8743605512314789,1.202527101481583,-1.202527101481583
0.8744855656082635,1.202913236763959,-1.202913236763959
0.8746105799850481,1.2032996622048615,-1.2032996622048615
0.8747355943618327,1.203686378346711,-1.203686378346711
0.8748606087386173,1.2040733857334833,-1.2040733857334833
0.8749856231154018,1.2044606849107138,-1.2044606849107138
0.8751106374921865,1.2048482764255057,-1.2048482764255057
0.8752356518689711,1.2052361608265345,-1.2052361608265345
0.8753606662457557,1.2056243386640553,-1.2056243386640553
0.8754856806225403,1.206012810489908,-1.206012810489908
0.8756106949993249,1.2064015768575245,-1.2064015768575245
0.8757357093761095,1.2067906383219338,-1.2067906383219338
0.875860723752894,1.207179995439769,-1.207179995439769
0.8759857381296786,1.2075696487692733,-1.2075696487692733
0.8761107525064633,1.2079595988703065,-1.2079595988703065
0.8762357668832479,1.2083498463043505,-1.2083498463043505
0.8763607812600325,1.2087403916345167,-1.2087403916345167
0.876485795636817,1.2091312354255526,-1.2091312354255526
0.8766108100136016,1.209522378243847,-1.209522378243847
0.8767358243903862,1.209913820657437,-1.209913820657437
0.8768608387671708,1.2103055632360151,-1.2103055632360151
0.8769858531439555,1.210697606550935,-1.210697606550935
0.8771108675207401,1.2110899511752182,-1.2110899511752182
0.8772358818975247,1.2114825976835608,-1.2114825976835608
0.8773608962743092,1.21187554665234,-1.21187554665234
0.8774859106510938,1.2122687986596217,-1.2122687986596217
0.8776109250278784,1.212662354285165,-1.212662354285165
0.877735939404663,1.2130562141104309,-1.2130562141104309
0.8778609537814477,1.2134503787185889,-1.2134503787185889
0.8779859681582323,1.2138448486945221,-1.2138448486945221
0.8781109825350168,1.2142396246248357,-1.2142396246248357
0.8782359969118014,1.2146347070978638,-1.2146347070978638
0.878361011288586,1.2150300967036758,-1.2150300967036758
0.8784860256653706,1.2154257940340827,-1.2154257940340827
0.8786110400421552,1.215821799682645,-1.215821799682645
0.8787360544189399,1.2162181142446802,-1.2162181142446802
0.8788610687957245,1.2166147383172676,-1.2166147383172676
0.878986083172509,1.217011672499258,-1.217011672499258
0.8791110975492936,1.2174089173912788,-1.2174089173912788
0.8792361119260782,1.2178064735957428,-1.2178064735957428
0.8793611263028628,1.218204341716854,-1.218204341716854
0.8794861406796474,1.2186025223606154,-1.2186025223606154
0.8796111550564321,1.2190010161348364,-1.2190010161348364
0.8797361694332166,1.2193998236491392,-1.2193998236491392
0.8798611838100012,1.2197989455149676,-1.2197989455149676
0.8799861981867858,1.2201983823455926,-1.2201983823455926
0.8801112125635704,1.220598134756122,-1.220598134756122
0.880236226940355,1.2209982033635058,-1.2209982033635058
0.8803612413171396,1.2213985887865442,-1.2213985887865442
0.8804862556939242,1.2217992916458957,-1.2217992916458957
0.8806112700707088,1.2222003125640846,-1.2222003125640846
0.8807362844474934,1.222601652165507,-1.222601652165507
0.880861298824278,1.2230033110764411,-1.2230033110764411
0.8809863132010626,1.2234052899250532,-1.2234052899250532
0.8811113275778472,1.223807589341405,-1.223807589341405
0.8812363419546317,1.2242102099574625,-1.2242102099574625
0.8813613563314164,1.2246131524071036,-1.2246131524071036
0.881486370708201,1.2250164173261244,-1.2250164173261244
0.8816113850849856,1.2254200053522493,-1.2254200053522493
0.8817363994617702,1.2258239171251377,-1.2258239171251377
0.8818614138385548,1.226228153286392,-1.226228153286392
0.8819864282153393,1.2266327144795655,-1.2266327144795655
0.8821114425921239,1.2270376013501711,-1.2270376013501711
0.8822364569689086,1.227442814545689,-1.227442814545689
0.8823614713456932,1.2278483547155732,-1.2278483547155732
0.8824864857224778,1.2282542225112627,-1.2282542225112627
0.8826115000992624,1.228660418586188,-1.228660418586188
0.882736514476047,1.2290669435957786,-1.2290669435957786
0.8828615288528315,1.2294737981974735,-1.2294737981974735
0.8829865432296161,1.2298809830507267,-1.2298809830507267
0.8831115576064008,1.2302884988170184,-1.2302884988170184
0.8832365719831854,1.2306963461598603,-1.2306963461598603
0.88336158635997,1.2311045257448077,-1.2311045257448077
0.8834866007367546,1.2315130382394652,-1.2315130382394652
0.8836116151135391,1.231921884313496,-1.231921884313496
0.8837366294903237,1.2323310646386312,-1.2323310646386312
0.8838616438671083,1.232740579888677,-1.232740579888677
0.883986658243893,1.2331504307395258,-1.2331504307395258
0.8841116726206776,1.2335606178691614,-1.2335606178691614
0.8842366869974622,1.2339711419576707,-1.2339711419576707
0.8843617013742467,1.234382003687252,-1.234382003687252
0.8844867157510313,1.2347932037422225,-1.2347932037422225
0.8846117301278159,1.235204742809029,-1.235204742809029
0.8847367445046005,1.2356166215762554,-1.2356166215762554
0.8848617588813852,1.236028840734633,-1.236028840734633
0.8849867732581698,1.2364414009770472,-1.2364414009770472
0.8851117876349544,1.23685430299855,-1.23685430299855
0.8852368020117389,1.2372675474963666,-1.2372675474963666
0.8853618163885235,1.2376811351699055,-1.2376811351699055
0.8854868307653081,1.2380950667207675,-1.2380950667207675
0.8856118451420927,1.2385093428527556,-1.2385093428527556
0.8857368595188774,1.2389239642718834,-1.2389239642718834
0.885861873895662,1.239338931686385,-1.239338931686385
0.8859868882724465,1.2397542458067246,-1.2397542458067246
0.8861119026492311,1.2401699073456054,-1.2401699073456054
0.8862369170260157,1.24058591701798,-1.24058591701798
0.8863619314028003,1.24100227554106,-1.24100227554106
0.8864869457795849,1.241418983634324,-1.241418983634324
0.8866119601563696,1.2418360420195294,-1.2418360420195294
0.8867369745331541,1.2422534514207209,-1.2422534514207209
0.8868619889099387,1.2426712125642407,-1.2426712125642407
0.8869870032867233,1.2430893261787384,-1.2430893261787384
0.8871120176635079,1.243507792995181,-1.243507792995181
0.8872370320402925,1.2439266137468623,-1.2439266137468623
0.887362046417077,1.2443457891694139,-1.2443457891694139
0.8874870607938616,1.2447653200008142,-1.2447653200008142
0.8876120751706463,1.2451852069813996,-1.2451852069813996
0.8877370895474309,1.245605450853873,-1.245605450853873
0.8878621039242155,1.2460260523633162,-1.2460260523633162
0.8879871183010001,1.246447012257199,-1.246447012257199
0.8881121326777847,1.2468683312853892,-1.2468683312853892
0.8882371470545692,1.2472900102001643,-1.2472900102001643
0.8883621614313538,1.2477120497562206,-1.2477120497562206
0.8884871758081385,1.2481344507106849,-1.2481344507106849
0.8886121901849231,1.2485572138231231,-1.2485572138231231
0.8887372045617077,1.248980339855554,-1.248980339855554
0.8888622189384923,1.249403829572457,-1.249403829572457
0.8889872333152768,1.2498276837407847,-1.2498276837407847
0.8891122476920614,1.2502519031299728,-1.2502519031299728
0.889237262068846,1.2506764885119517,-1.2506764885119517
0.8893622764456307,1.2511014406611567,-1.2511014406611567
0.8894872908224153,1.2515267603545386,-1.2515267603545386
0.8896123051991999,1.2519524483715767,-1.2519524483715767
0.8897373195759845,1.252378505494288,-1.252378505494288
0.889862333952769,1.2528049325072392,-1.2528049325072392
0.8899873483295536,1.2532317301975582,-1.2532317301975582
0.8901123627063382,1.253658899354944,-1.253658899354944
0.8902373770831229,1.2540864407716807,-1.2540864407716807
0.8903623914599075,1.254514355242645,-1.254514355242645
0.8904874058366921,1.254942643565322,-1.254942643565322
0.8906124202134766,1.2553713065398138,-1.2553713065398138
0.8907374345902612,1.2558003449688528,-1.2558003449688528
0.8908624489670458,1.2562297596578116,-1.2562297596578116
0.8909874633438304,1.2566595514147167,-1.2566595514147167
0.8911124777206151,1.2570897210502598,-1.2570897210502598
0.8912374920973997,1.2575202693778076,-1.2575202693778076
0.8913625064741842,1.2579511972134172,-1.2579511972134172
0.8914875208509688,1.2583825053758453,-1.2583825053758453
0.8916125352277534,1.2588141946865625,-1.2588141946865625
0.891737549604538,1.2592462659697634,-1.2592462659697634
0.8918625639813226,1.2596787200523798,-1.2596787200523798
0.8919875783581073,1.260111557764094,-1.260111557764094
0.8921125927348919,1.2605447799373481,-1.2605447799373481
0.8922376071116764,1.2609783874073608,-1.2609783874073608
0.892362621488461,1.261412381012136,-1.261412381012136
0.8924876358652456,1.2618467615924773,-1.2618467615924773
0.8926126502420302,1.2622815299920007,-1.2622815299920007
0.8927376646188148,1.2627166870571465,-1.2627166870571465
0.8928626789955995,1.2631522336371928,-1.2631522336371928
0.892987693372384,1.2635881705842669,-1.2635881705842669
0.8931127077491686,1.264024498753361,-1.264024498753361
0.8932377221259532,1.264461219002343,-1.264461219002343
0.8933627365027378,1.2648983321919696,-1.2648983321919696
0.8934877508795224,1.2653358391859009,-1.2653358391859009
0.893612765256307,1.2657737408507124,-1.2657737408507124
0.8937377796330916,1.266212038055909,-1.266212038055909
0.8938627940098762,1.266650731673937,-1.266650731673937
0.8939878083866608,1.2670898225802,-1.2670898225802
0.8941128227634454,1.2675293116530706,-1.2675293116530706
0.89423783714023,1.2679691997739042,-1.2679691997739042
0.8943628515170146,1.2684094878270533,-1.2684094878270533
0.8944878658937991,1.2688501766998814,-1.2688501766998814
0.8946128802705838,1.2692912672827759,-1.2692912672827759
0.8947378946473684,1.269732760469162,-1.269732760469162
0.894862909024153,1.2701746571555188,-1.2701746571555188
0.8949879234009376,1.2706169582413906,-1.2706169582413906
0.8951129377777222,1.2710596646294037,-1.2710596646294037
0.8952379521545067,1.271502777225278,-1.271502777225278
0.8953629665312913,1.271946296937844,-1.271946296937844
0.895487980908076,1.2723902246790548,-1.2723902246790548
0.8956129952848606,1.2728345613640024,-1.2728345613640024
0.8957380096616452,1.2732793079109315,-1.2732793079109315
0.8958630240384298,1.2737244652412547,-1.2737244652412547
0.8959880384152143,1.2741700342795665,-1.2741700342795665
0.8961130527919989,1.2746160159536593,-1.2746160159536593
0.8962380671687835,1.2750624111945366,-1.2750624111945366
0.8963630815455682,1.2755092209364303,-1.2755092209364303
0.8964880959223528,1.2759564461168134,-1.2759564461168134
0.8966131102991374,1.276404087676417,-1.276404087676417
0.896738124675922,1.2768521465592453,-1.2768521465592453
0.8968631390527065,1.277300623712591,-1.277300623712591
0.8969881534294911,1.2777495200870497,-1.2777495200870497
0.8971131678062757,1.2781988366365364,-1.2781988366365364
0.8972381821830604,1.2786485743183025,-1.2786485743183025
0.897363196559845,1.2790987340929476,-1.2790987340929476
0.8974882109366296,1.2795493169244403,-1.2795493169244403
0.8976132253134141,1.2800003237801307,-1.2800003237801307
0.8977382396901987,1.2804517556307675,-1.2804517556307675
0.8978632540669833,1.2809036134505143,-1.2809036134505143
0.8979882684437679,1.2813558982169662,-1.2813558982169662
0.8981132828205526,1.2818086109111653,-1.2818086109111653
0.8982382971973372,1.2822617525176165,-1.2822617525176165
0.8983633115741217,1.2827153240243065,-1.2827153240243065
0.8984883259509063,1.2831693264227184,-1.2831693264227184
0.8986133403276909,1.2836237607078491,-1.2836237607078491
0.8987383547044755,1.2840786278782255,-1.2840786278782255
0.8988633690812601,1.284533928935923,-1.284533928935923
0.8989883834580448,1.2849896648865808,-1.2849896648865808
0.8991133978348294,1.2854458367394197,-1.2854458367394197
0.8992384122116139,1.2859024455072594,-1.2859024455072594
0.8993634265883985,1.2863594922065367,-1.2863594922065367
0.8994884409651831,1.286816977857321,-1.286816977857321
0.8996134553419677,1.287274903483334,-1.287274903483334
0.8997384697187523,1.2877332701119657,-1.2877332701119657
0.8998634840955368,1.2881920787742929,-1.2881920787742929
0.8999884984723215,1.2886513305050977,-1.2886513305050977
0.9001135128491061,1.2891110263428835,-1.2891110263428835
0.9002385272258907,1.2895711673298957,-1.2895711673298957
0.9003635416026753,1.2900317545121383,-1.2900317545121383
0.9004885559794599,1.2904927889393925,-1.2904927889393925
0.9006135703562445,1.290954271665235,-1.290954271665235
0.900738584733029,1.2914162037470576,-1.2914162037470576
0.9008635991098137,1.2918785862460844,-1.2918785862460844
0.9009886134865983,1.2923414202273908,-1.2923414202273908
0.9011136278633829,1.292804706759924,-1.292804706759924
0.9012386422401675,1.29326844691652,-1.29326844691652
0.9013636566169521,1.293732641773924,-1.293732641773924
0.9014886709937366,1.2941972924128098,-1.2941972924128098
0.9016136853705212,1.2946623999177977,-1.2946623999177977
0.9017386997473059,1.2951279653774754,-1.2951279653774754
0.9018637141240905,1.2955939898844169,-1.2955939898844169
0.9019887285008751,1.2960604745352025,-1.2960604745352025
0.9021137428776597,1.2965274204304391,-1.2965274204304391
0.9022387572544442,1.2969948286747797,-1.2969948286747797
0.9023637716312288,1.2974627003769434,-1.2974627003769434
0.9024887860080134,1.2979310366497359,-1.2979310366497359
0.9026138003847981,1.2983998386100695,-1.2983998386100695
0.9027388147615827,1.2988691073789838,-1.2988691073789838
0.9028638291383673,1.2993388440816669,-1.2993388440816669
0.9029888435151519,1.2998090498474753,-1.2998090498474753
0.9031138578919364,1.3002797258099554,-1.3002797258099554
0.903238872268721,1.300750873106864,-1.300750873106864
0.9033638866455056,1.3012224928801897,-1.3012224928801897
0.9034889010222903,1.3016945862761744,-1.3016945862761744
0.9036139153990749,1.302167154445334,-1.302167154445334
0.9037389297758595,1.302640198542481,-1.302640198542481
0.903863944152644,1.3031137197267448,-1.3031137197267448
0.9039889585294286,1.3035877191615959,-1.3035877191615959
0.9041139729062132,1.3040621980148646,-1.3040621980148646
0.9042389872829978,1.3045371574587656,-1.3045371574587656
0.9043640016597825,1.3050125986699204,-1.3050125986699204
0.9044890160365671,1.3054885228293769,-1.3054885228293769
0.9046140304133516,1.3059649311226347,-1.3059649311226347
0.9047390447901362,1.3064418247396676,-1.3064418247396676
0.9048640591669208,1.3069192048749443,-1.3069192048749443
0.9049890735437054,1.307397072727454,-1.307397072727454
0.90511408792049,1.3078754295007273,-1.3078754295007273
0.9052391022972747,1.3083542764028624,-1.3083542764028624
0.9053641166740592,1.3088336146465431,-1.3088336146465431
0.9054891310508438,1.309313445449069,-1.309313445449069
0.9056141454276284,1.3097937700323747,-1.3097937700323747
0.905739159804413,1.3102745896230554,-1.3102745896230554
0.9058641741811976,1.3107559054523905,-1.3107559054523905
0.9059891885579822,1.311237718756368,-1.311237718756368
0.9061142029347669,1.3117200307757084,-1.3117200307757084
0.9062392173115514,1.3122028427558894,-1.3122028427558894
0.906364231688336,1.312686155947171,-1.312686155947171
0.9064892460651206,1.31316997160462,-1.31316997160462
0.9066142604419052,1.3136542909881352,-1.3136542909881352
0.9067392748186898,1.3141391153624713,-1.3141391153624713
0.9068642891954743,1.3146244459972667,-1.3146244459972667
0.906989303572259,1.315110284167067,-1.315110284167067
0.9071143179490436,1.31559663115135,-1.31559663115135
0.9072393323258282,1.3160834882345545,-1.3160834882345545
0.9073643467026128,1.3165708567061032,-1.3165708567061032
0.9074893610793974,1.3170587378604306,-1.3170587378604306
0.907614375456182,1.317547132997009,-1.317547132997009
0.9077393898329665,1.3180360434203748,-1.3180360434203748
0.9078644042097512,1.3185254704401557,-1.3185254704401557
0.9079894185865358,1.3190154153710953,-1.3190154153710953
0.9081144329633204,1.3195058795330843,-1.3195058795330843
0.908239447340105,1.319996864251184,-1.319996864251184
0.9083644617168896,1.3204883708556554,-1.3204883708556554
0.9084894760936741,1.320980400681987,-1.320980400681987
0.9086144904704587,1.321472955070921,-1.321472955070921
0.9087395048472434,1.3219660353684832,-1.3219660353684832
0.908864519224028,1.3224596429260094,-1.3224596429260094
0.9089895336008126,1.322953779100175,-1.322953779100175
0.9091145479775972,1.3234484452530235,-1.3234484452530235
0.9092395623543817,1.323943642751994,-1.323943642751994
0.9093645767311663,1.3244393729699513,-1.3244393729699513
0.9094895911079509,1.3249356372852144,-1.3249356372852144
0.9096146054847356,1.3254324370815866,-1.3254324370815866
0.9097396198615202,1.3259297737483833,-1.3259297737483833
0.9098646342383048,1.3264276486804634,-1.3264276486804634
0.9099896486150894,1.3269260632782587,-1.3269260632782587
0.9101146629918739,1.3274250189478038,-1.3274250189478038
0.9102396773686585,1.3279245171007665,-1.3279245171007665
0.9103646917454431,1.3284245591544777,-1.3284245591544777
0.9104897061222278,1.3289251465319645,-1.3289251465319645
0.9106147204990124,1.329426280661976,-1.329426280661976
0.910739734875797,1.3299279629790213,-1.3299279629790213
0.9108647492525815,1.3304301949233954,-1.3304301949233954
0.9109897636293661,1.3309329779412133,-1.3309329779412133
0.9111147780061507,1.3314363134844411,-1.3314363134844411
0.9112397923829353,1.3319402030109284,-1.3319402030109284
0.9113648067597199,1.3324446479844396,-1.3324446479844396
0.9114898211365046,1.3329496498746876,-1.3329496498746876
0.9116148355132891,1.333455210157365,-1.333455210157365
0.9117398498900737,1.3339613303141789,-1.3339613303141789
0.9118648642668583,1.3344680118328824,-1.3344680118328824
0.9119898786436429,1.3349752562073087,-1.3349752562073087
0.9121148930204275,1.3354830649374048,-1.3354830649374048
0.9122399073972121,1.3359914395292645,-1.3359914395292645
0.9123649217739968,1.3365003814951635,-1.3365003814951635
0.9124899361507813,1.337009892353593,-1.337009892353593
0.9126149505275659,1.3375199736292942,-1.3375199736292942
0.9127399649043505,1.3380306268532935,-1.3380306268532935
0.9128649792811351,1.338541853562938,-1.338541853562938
0.9129899936579197,1.3390536553019297,-1.3390536553019297
0.9131150080347042,1.339566033620361,-1.339566033620361
0.9132400224114889,1.3400789900747516,-1.3400789900747516
0.9133650367882735,1.3405925262280831,-1.3405925262280831
0.9134900511650581,1.341106643649837,-1.341106643649837
0.9136150655418427,1.341621343916029,-1.341621343916029
0.9137400799186273,1.342136628609248,-1.342136628609248
0.9138650942954119,1.3426524993186923,-1.3426524993186923
0.9139901086721964,1.343168957640206,-1.343168957640206
0.9141151230489811,1.3436860051763184,-1.3436860051763184
0.9142401374257657,1.3442036435362794,-1.3442036435362794
0.9143651518025503,1.3447218743361002,-1.3447218743361002
0.9144901661793349,1.3452406991985901,-1.3452406991985901
0.9146151805561195,1.345760119753396,-1.345760119753396
0.914740194932904,1.3462801376370404,-1.3462801376370404
0.9148652093096886,1.3468007544929614,-1.3468007544929614
0.9149902236864733,1.347321971971553,-1.347321971971553
0.9151152380632579,1.3478437917302013,-1.3478437917302013
0.9152402524400425,1.3483662154333296,-1.3483662154333296
0.9153652668168271,1.3488892447524348,-1.3488892447524348
0.9154902811936116,1.3494128813661306,-1.3494128813661306
0.9156152955703962,1.349937126960187,-1.349937126960187
0.9157403099471808,1.3504619832275717,-1.3504619832275717
0.9158653243239655,1.3509874518684926,-1.3509874518684926
0.9159903387007501,1.3515135345904374,-1.3515135345904374
0.9161153530775347,1.352040233108219,-1.352040233108219
0.9162403674543192,1.3525675491440157,-1.3525675491440157
0.9163653818311038,1.3530954844274141,-1.3530954844274141
0.9164903962078884,1.3536240406954532,-1.3536240406954532
0.916615410584673,1.3541532196926673,-1.3541532196926673
0.9167404249614577,1.3546830231711295,-1.3546830231711295
0.9168654393382423,1.3552134528904949,-1.3552134528904949
0.9169904537150269,1.355744510618047,-1.355744510618047
0.9171154680918114,1.3562761981287417,-1.3562761981287417
0.917240482468596,1.356808517205251,-1.356808517205251
0.9173654968453806,1.35734146963801,-1.35734146963801
0.9174905112221652,1.3578750572252614,-1.3578750572252614
0.9176155255989499,1.3584092817731028,-1.3584092817731028
0.9177405399757345,1.3589441450955313,-1.3589441450955313
0.917865554352519,1.359479649014492,-1.359479649014492
0.9179905687293036,1.360015795359924,-1.360015795359924
0.9181155831060882,1.3605525859698082,-1.3605525859698082
0.9182405974828728,1.361090022690215,-1.361090022690215
0.9183656118596574,1.361628107375353,-1.361628107375353
0.9184906262364421,1.3621668418876156,-1.3621668418876156
0.9186156406132266,1.362706228097632,-1.362706228097632
0.9187406549900112,1.3632462678843154,-1.3632462678843154
0.9188656693667958,1.3637869631349133,-1.3637869631349133
0.9189906837435804,1.3643283157450563,-1.3643283157450563
0.919115698120365,1.3648703276188094,-1.3648703276188094
0.9192407124971496,1.3654130006687222,-1.3654130006687222
0.9193657268739343,1.3659563368158811,-1.3659563368158811
0.9194907412507188,1.3665003379899583,-1.3665003379899583
0.9196157556275034,1.3670450061292665,-1.3670450061292665
0.919740770004288,1.3675903431808099,-1.3675903431808099
0.9198657843810726,1.3681363511003366,-1.3681363511003366
0.9199907987578572,1.3686830318523926,-1.3686830318523926
0.9201158131346417,1.3692303874103746,-1.3692303874103746
0.9202408275114264,1.3697784197565839,-1.3697784197565839
0.920365841888211,1.3703271308822804,-1.3703271308822804
0.9204908562649956,1.3708765227877386,-1.3708765227877386
0.9206158706417802,1.3714265974823021,-1.3714265974823021
0.9207408850185648,1.3719773569844387,-1.3719773569844387
0.9208658993953494,1.3725288033217964,-1.3725288033217964
0.9209909137721339,1.3730809385312603,-1.3730809385312603
0.9211159281489186,1.373633764659011,-1.373633764659011
0.9212409425257032,1.3741872837605777,-1.3741872837605777
0.9213659569024878,1.3747414979009005,-1.3747414979009005
0.9214909712792724,1.3752964091543856,-1.3752964091543856
0.921615985656057,1.3758520196049657,-1.3758520196049657
0.9217410000328415,1.376408331346159,-1.376408331346159
0.9218660144096261,1.376965346481127,-1.376965346481127
0.9219910287864108,1.3775230671227368,-1.3775230671227368
0.9221160431631954,1.37808149539362,-1.37808149539362
0.92224105753998,1.378640633426235,-1.378640633426235
0.9223660719167646,1.3792004833629274,-1.3792004833629274
0.9224910862935491,1.3797610473559934,-1.3797610473559934
0.9226161006703337,1.38032232756774,-1.38032232756774
0.9227411150471183,1.3808843261705501,-1.3808843261705501
0.922866129423903,1.3814470453469456,-1.3814470453469456
0.9229911438006876,1.3820104872896488,-1.3820104872896488
0.9231161581774722,1.382574654201651,-1.382574654201651
0.9232411725542568,1.3831395482962752,-1.3831395482962752
0.9233661869310413,1.3837051717972408,-1.3837051717972408
0.9234912013078259,1.3842715269387318,-1.3842715269387318
0.9236162156846105,1.384838615965461,-1.384838615965461
0.9237412300613951,1.38540644113274,-1.38540644113274
0.9238662444381798,1.3859750047065436,-1.3859750047065436
0.9239912588149644,1.386544308963579,-1.386544308963579
0.9241162731917489,1.387114356191357,-1.387114356191357
0.9242412875685335,1.387685148688258,-1.387685148688258
0.9243663019453181,1.388256688763603,-1.388256688763603
0.9244913163221027,1.3888289787377244,-1.3888289787377244
0.9246163306988873,1.389402020942037,-1.389402020942037
0.924741345075672,1.389975817719109,-1.389975817719109
0.9248663594524565,1.3905503714227332,-1.3905503714227332
0.9249913738292411,1.3911256844180027,-1.3911256844180027
0.9251163882060257,1.3917017590813807,-1.3917017590813807
0.9252414025828103,1.3922785978007775,-1.3922785978007775
0.9253664169595949,1.3928562029756222,-1.3928562029756222
0.9254914313363795,1.3934345770169403,-1.3934345770169403
0.9256164457131641,1.3940137223474283,-1.3940137223474283
0.9257414600899487,1.394593641401528,-1.394593641401528
0.9258664744667333,1.3951743366255087,-1.3951743366255087
0.9259914888435179,1.3957558104775396,-1.3957558104775396
0.9261165032203025,1.3963380654277713,-1.3963380654277713
0.9262415175970871,1.3969211039584124,-1.3969211039584124
0.9263665319738716,1.3975049285638117,-1.3975049285638117
0.9264915463506563,1.3980895417505366,-1.3980895417505366
0.9266165607274409,1.3986749460374528,-1.3986749460374528
0.9267415751042255,1.3992611439558098,-1.3992611439558098
0.9268665894810101,1.3998481380493197,-1.3998481380493197
0.9269916038577947,1.4004359308742418,-1.4004359308742418
0.9271166182345792,1.4010245249994655,-1.4010245249994655
0.9272416326113638,1.4016139230065945,-1.4016139230065945
0.9273666469881485,1.4022041274900339,-1.4022041274900339
0.9274916613649331,1.4027951410570716,-1.4027951410570716
0.9276166757417177,1.4033869663279699,-1.4033869663279699
0.9277416901185023,1.4039796059360499,-1.4039796059360499
0.9278667044952869,1.4045730625277795,-1.4045730625277795
0.9279917188720714,1.4051673387628631,-1.4051673387628631
0.928116733248856,1.40576243731433,-1.40576243731433
0.9282417476256407,1.4063583608686263,-1.4063583608686263
0.9283667620024253,1.4069551121257031,-1.4069551121257031
0.9284917763792099,1.4075526937991114,-1.4075526937991114
0.9286167907559945,1.4081511086160932,-1.4081511086160932
0.928741805132779,1.4087503593176742,-1.4087503593176742
0.9288668195095636,1.409350448658759,-1.409350448658759
0.9289918338863482,1.4099513794082268,-1.4099513794082268
0.9291168482631329,1.4105531543490248,-1.4105531543490248
0.9292418626399175,1.4111557762782667,-1.4111557762782667
0.9293668770167021,1.4117592480073302,-1.4117592480073302
0.9294918913934866,1.412363572361954,-1.412363572361954
0.9296169057702712,1.4129687521823389,-1.4129687521823389
0.9297419201470558,1.4135747903232452,-1.4135747903232452
0.9298669345238404,1.414181689654096,-1.414181689654096
0.9299919489006251,1.4147894530590792,-1.4147894530590792
0.9301169632774097,1.4153980834372464,-1.4153980834372464
0.9302419776541943,1.4160075837026207,-1.4160075837026207
0.9303669920309788,1.4166179567843,-1.4166179567843
0.9304920064077634,1.4172292056265614,-1.4172292056265614
0.930617020784548,1.4178413331889683,-1.4178413331889683
0.9307420351613326,1.418454342446477,-1.418454342446477
0.9308670495381173,1.4190682363895468,-1.4190682363895468
0.9309920639149019,1.419683018024246,-1.419683018024246
0.9311170782916864,1.4202986903723647,-1.4202986903723647
0.931242092668471,1.4209152564715248,-1.4209152564715248
0.9313671070452556,1.4215327193752934,-1.4215327193752934
0.9314921214220402,1.4221510821532937,-1.4221510821532937
0.9316171357988248,1.4227703478913205,-1.4227703478913205
0.9317421501756095,1.4233905196914565,-1.4233905196914565
0.931867164552394,1.4240116006721844,-1.4240116006721844
0.9319921789291786,1.4246335939685093,-1.4246335939685093
0.9321171933059632,1.4252565027320743,-1.4252565027320743
0.9322422076827478,1.4258803301312786,-1.4258803301312786
0.9323672220595324,1.4265050793514011,-1.4265050793514011
0.932492236436317,1.4271307535947197,-1.4271307535947197
0.9326172508131017,1.4277573560806347,-1.4277573560806347
0.9327422651898862,1.4283848900457903,-1.4283848900457903
0.9328672795666708,1.4290133587442049,-1.4290133587442049
0.9329922939434554,1.4296427654473913,-1.4296427654473913
0.93311730832024,1.4302731134444873,-1.4302731134444873
0.9332423226970246,1.4309044060423821,-1.4309044060423821
0.9333673370738091,1.4315366465658474,-1.4315366465658474
0.9334923514505938,1.432169838357668,-1.432169838357668
0.9336173658273784,1.4328039847787708,-1.4328039847787708
0.933742380204163,1.4334390892083624,-1.4334390892083624
0.9338673945809476,1.4340751550440598,-1.4340751550440598
0.9339924089577322,1.4347121857020286,-1.4347121857020286
0.9341174233345167,1.435350184617118,-1.435350184617118
0.9342424377113013,1.4359891552429993,-1.4359891552429993
0.934367452088086,1.4366291010523065,-1.4366291010523065
0.9344924664648706,1.4372700255367745,-1.4372700255367745
0.9346174808416552,1.4379119322073841,-1.4379119322073841
0.9347424952184398,1.4385548245945037,-1.4385548245945037
0.9348675095952244,1.4391987062480336,-1.4391987062480336
0.9349925239720089,1.4398435807375536,-1.4398435807375536
0.9351175383487935,1.4404894516524693,-1.4404894516524693
0.9352425527255781,1.4411363226021605,-1.4411363226021605
0.9353675671023628,1.4417841972161336,-1.4417841972161336
0.9354925814791474,1.4424330791441697,-1.4424330791441697
0.935617595855932,1.4430829720564815,-1.4430829720564815
0.9357426102327165,1.4437338796438657,-1.4437338796438657
0.9358676246095011,1.444385805617859,-1.444385805617859
0.9359926389862857,1.445038753710897,-1.445038753710897
0.9361176533630703,1.4456927276764715,-1.4456927276764715
0.936242667739855,1.4463477312892934,-1.4463477312892934
0.9363676821166396,1.4470037683454504,-1.4470037683454504
0.9364926964934241,1.447660842662577,-1.447660842662577
0.9366177108702087,1.4483189580800135,-1.4483189580800135
0.9367427252469933,1.4489781184589776,-1.4489781184589776
0.9368677396237779,1.4496383276827303,-1.4496383276827303
0.9369927540005625,1.4502995896567463,-1.4502995896567463
0.9371177683773472,1.4509619083088872,-1.4509619083088872
0.9372427827541318,1.4516252875895712,-1.4516252875895712
0.9373677971309163,1.4522897314719538,-1.4522897314719538
0.9374928115077009,1.4529552439521,-1.4529552439521
0.9376178258844855,1.4536218290491647,-1.4536218290491647
0.9377428402612701,1.4542894908055737,-1.4542894908055737
0.9378678546380547,1.4549582332872033,-1.4549582332872033
0.9379928690148394,1.455628060583568,-1.455628060583568
0.9381178833916239,1.456298976808001,-1.456298976808001
0.9382428977684085,1.4569709860978477,-1.4569709860978477
0.9383679121451931,1.45764409261465,-1.45764409261465
0.9384929265219777,1.4583183005443414,-1.4583183005443414
0.9386179408987623,1.4589936140974373,-1.4589936140974373
0.9387429552755469,1.4596700375092322,-1.4596700375092322
0.9388679696523315,1.4603475750399961,-1.4603475750399961
0.9389929840291161,1.4610262309751716,-1.4610262309751716
0.9391179984059007,1.4617060096255783,-1.4617060096255783
0.9392430127826853,1.4623869153276148,-1.4623869153276148
0.9393680271594699,1.4630689524434624,-1.4630689524434624
0.9394930415362545,1.4637521253612928,-1.4637521253612928
0.939618055913039,1.4644364384954793,-1.4644364384954793
0.9397430702898237,1.4651218962868064,-1.4651218962868064
0.9398680846666083,1.4658085032026824,-1.4658085032026824
0.9399930990433929,1.4664962637373573,-1.4664962637373573
0.9401181134201775,1.4671851824121405,-1.4671851824121405
0.9402431277969621,1.4678752637756205,-1.4678752637756205
0.9403681421737466,1.4685665124038865,-1.4685665124038865
0.9404931565505312,1.4692589329007537,-1.4692589329007537
0.9406181709273159,1.4699525298979927,-1.4699525298979927
0.9407431853041005,1.470647308055553,-1.470647308055553
0.9408681996808851,1.4713432720618025,-1.4713432720618025
0.9409932140576697,1.4720404266337546,-1.4720404266337546
0.9411182284344543,1.4727387765173097,-1.4727387765173097
0.9412432428112388,1.4734383264874924,-1.4734383264874924
0.9413682571880234,1.474139081348692,-1.474139081348692
0.9414932715648081,1.4748410459349095,-1.4748410459349095
0.9416182859415927,1.4755442251099995,-1.4755442251099995
0.9417433003183773,1.4762486237679247,-1.4762486237679247
0.9418683146951619,1.476954246833005,-1.476954246833005
0.9419933290719464,1.4776610992601724,-1.4776610992601724
0.942118343448731,1.4783691860352275,-1.4783691860352275
0.9422433578255156,1.4790785121751016,-1.4790785121751016
0.9423683722023003,1.4797890827281168,-1.4797890827281168
0.9424933865790849,1.4805009027742515,-1.4805009027742515
0.9426184009558695,1.4812139774254125,-1.4812139774254125
0.942743415332654,1.4819283118257012,-1.4819283118257012
0.9428684297094386,1.482643911151691,-1.482643911151691
0.9429934440862232,1.4833607806127036,-1.4833607806127036
0.9431184584630078,1.4840789254510875,-1.4840789254510875
0.9432434728397925,1.484798350942504,-1.484798350942504
0.9433684872165771,1.485519062396209,-1.485519062396209
0.9434935015933616,1.4862410651553457,-1.4862410651553457
0.9436185159701462,1.486964364597237,-1.486964364597237
0.9437435303469308,1.4876889661336787,-1.4876889661336787
0.9438685447237154,1.4884148752112392,-1.4884148752112392
0.9439935591005,1.4891420973115617,-1.4891420973115617
0.9441185734772847,1.4898706379516706,-1.4898706379516706
0.9442435878540693,1.4906005026842761,-1.4906005026842761
0.9443686022308538,1.491331697098092,-1.491331697098092
0.9444936166076384,1.4920642268181463,-1.4920642268181463
0.944618630984423,1.4927980975061033,-1.4927980975061033
0.9447436453612076,1.4935333148605832,-1.4935333148605832
0.9448686597379922,1.4942698846174916,-1.4942698846174916
0.9449936741147769,1.4950078125503463,-1.4950078125503463
0.9451186884915614,1.495747104470611,-1.495747104470611
0.945243702868346,1.4964877662280345,-1.4964877662280345
0.9453687172451306,1.4972298037109888,-1.4972298037109888
0.9454937316219152,1.4979732228468163,-1.4979732228468163
0.9456187459986998,1.4987180296021765,-1.4987180296021765
0.9457437603754844,1.4994642299833991,-1.4994642299833991
0.945868774752269,1.5002118300368414,-1.5002118300368414
0.9459937891290536,1.5009608358492463,-1.5009608358492463
0.9461188035058382,1.501711253548109,-1.501711253548109
0.9462438178826228,1.5024630893020468,-1.5024630893020468
0.9463688322594074,1.503216349321169,-1.503216349321169
0.946493846636192,1.5039710398574562,-1.5039710398574562
0.9466188610129765,1.5047271672051412,-1.5047271672051412
0.9467438753897611,1.5054847377010951,-1.5054847377010951
0.9468688897665458,1.5062437577252188,-1.5062437577252188
0.9469939041433304,1.5070042337008334,-1.5070042337008334
0.947118918520115,1.5077661720950868,-1.5077661720950868
0.9472439328968996,1.5085295794193518,-1.5085295794193518
0.9473689472736841,1.5092944622296383,-1.5092944622296383
0.9474939616504687,1.510060827127004,-1.510060827127004
0.9476189760272533,1.5108286807579758,-1.5108286807579758
0.947743990404038,1.5115980298149723,-1.5115980298149723
0.9478690047808226,1.5123688810367282,-1.5123688810367282
0.9479940191576072,1.513141241208734,-1.513141241208734
0.9481190335343918,1.51391511716367,-1.51391511716367
0.9482440479111763,1.5146905157818515,-1.5146905157818515
0.9483690622879609,1.5154674439916762,-1.5154674439916762
0.9484940766647455,1.5162459087700806,-1.5162459087700806
0.9486190910415302,1.5170259171429983,-1.5170259171429983
0.9487441054183148,1.517807476185823,-1.517807476185823
0.9488691197950994,1.5185905930238837,-1.5185905930238837
0.9489941341718839,1.519375274832918,-1.519375274832918
0.9491191485486685,1.520161528839554,-1.520161528839554
0.9492441629254531,1.5209493623217987,-1.5209493623217987
0.9493691773022377,1.521738782609532,-1.521738782609532
0.9494941916790224,1.5225297970850078,-1.5225297970850078
0.949619206055807,1.5233224131833538,-1.5233224131833538
0.9497442204325915,1.5241166383930924,-1.5241166383930924
0.9498692348093761,1.5249124802566503,-1.5249124802566503
0.9499942491861607,1.5257099463708905,-1.5257099463708905
0.9501192635629453,1.5265090443876366,-1.5265090443876366
0.9502442779397299,1.5273097820142152,-1.5273097820142152
0.9503692923165146,1.5281121670139979,-1.5281121670139979
0.9504943066932992,1.5289162072069504,-1.5289162072069504
0.9506193210700837,1.5297219104701938,-1.5297219104701938
0.9507443354468683,1.5305292847385672,-1.5305292847385672
0.9508693498236529,1.5313383380051997,-1.5313383380051997
0.9509943642004375,1.5321490783220892,-1.5321490783220892
0.9511193785772221,1.532961513800687,-1.532961513800687
0.9512443929540068,1.5337756526124937,-1.5337756526124937
0.9513694073307913,1.5345915029896573,-1.5345915029896573
0.9514944217075759,1.5354090732255838,-1.5354090732255838
0.9516194360843605,1.5362283716755532,-1.5362283716755532
0.9517444504611451,1.5370494067573408,-1.5370494067573408
0.9518694648379297,1.5378721869518523,-1.5378721869518523
0.9519944792147143,1.5386967208037619,-1.5386967208037619
0.9521194935914989,1.5395230169221616,-1.5395230169221616
0.9522445079682835,1.540351083981214,-1.540351083981214
0.9523695223450681,1.5411809307208226,-1.5411809307208226
0.9524945367218527,1.5420125659473016,-1.5420125659473016
0.9526195510986373,1.542845998534059,-1.542845998534059
0.9527445654754219,1.543681237422286,-1.543681237422286
0.9528695798522064,1.5445182916216598,-1.5445182916216598
0.9529945942289911,1.545357170211051,-1.545357170211051
0.9531196086057757,1.5461978823392393,-1.5461978823392393
0.9532446229825603,1.547040437225646,-1.547040437225646
0.9533696373593449,1.5478848441610686,-1.5478848441610686
0.9534946517361295,1.5487311125084273,-1.5487311125084273
0.953619666112914,1.5495792517035232,-1.5495792517035232
0.9537446804896986,1.5504292712558028,-1.5504292712558028
0.9538696948664833,1.5512811807491387,-1.5512811807491387
0.9539947092432679,1.5521349898426107,-1.5521349898426107
0.9541197236200525,1.5529907082713115,-1.5529907082713115
0.9542447379968371,1.5538483458471493,-1.5538483458471493
0.9543697523736216,1.5547079124596688,-1.5547079124596688
0.9544947667504062,1.5555694180768815,-1.5555694180768815
0.9546197811271908,1.556432872746108,-1.556432872746108
0.9547447955039755,1.5572982865948306,-1.5572982865948306
0.9548698098807601,1.5581656698315547,-1.5581656698315547
0.9549948242575447,1.5590350327466898,-1.5590350327466898
0.9551198386343293,1.5599063857134354,-1.5599063857134354
0.9552448530111138,1.5607797391886813,-1.5607797391886813
0.9553698673878984,1.5616551037139197,-1.5616551037139197
0.955494881764683,1.5625324899161719,-1.5625324899161719
0.9556198961414677,1.5634119085089258,-1.5634119085089258
0.9557449105182523,1.5642933702930837,-1.5642933702930837
0.9558699248950369,1.565176886157933,-1.565176886157933
0.9559949392718214,1.5660624670821168,-1.5660624670821168
0.956119953648606,1.56695012413463,-1.56695012413463
0.9562449680253906,1.5678398684758226,-1.5678398684758226
0.9563699824021752,1.5687317113584174,-1.5687317113584174
0.9564949967789599,1.5696256641285469,-1.5696256641285469
0.9566200111557445,1.5705217382267957,-1.5705217382267957
0.956745025532529,1.571419945189271,-1.571419945189271
0.9568700399093136,1.5723202966486745,-1.5723202966486745
0.9569950542860982,1.573222804335398,-1.573222804335398
0.9571200686628828,1.5741274800786316,-1.5741274800786316
0.9572450830396674,1.5750343358074907,-1.5750343358074907
0.9573700974164521,1.5759433835521537,-1.5759433835521537
0.9574951117932367,1.5768546354450206,-1.5768546354450206
0.9576201261700212,1.5777681037218878,-1.5777681037218878
0.9577451405468058,1.5786838007231396,-1.5786838007231396
0.9578701549235904,1.579601738894955,-1.579601738894955
0.957995169300375,1.5805219307905347,-1.5805219307905347
0.9581201836771596,1.5814443890713445,-1.5814443890713445
0.9582451980539443,1.5823691265083797,-1.5823691265083797
0.9583702124307288,1.58329615598344,-1.58329615598344
0.9584952268075134,1.5842254904904358,-1.5842254904904358
0.958620241184298,1.5851571431367046,-1.5851571431367046
0.9587452555610826,1.5860911271443483,-1.5860911271443483
0.9588702699378672,1.5870274558515918,-1.5870274558515918
0.9589952843146518,1.587966142714163,-1.587966142714163
0.9591202986914363,1.588907201306691,-1.588907201306691
0.959245313068221,1.5898506453241272,-1.5898506453241272
0.9593703274450056,1.5907964885831838,-1.5907964885831838
0.9594953418217902,1.5917447450238023,-1.5917447450238023
0.9596203561985748,1.5926954287106359,-1.5926954287106359
0.9597453705753594,1.5936485538345577,-1.5936485538345577
0.9598703849521439,1.5946041347141942,-1.5946041347141942
0.9599953993289285,1.5955621857974773,-1.5955621857974773
0.9601204137057132,1.5965227216632252,-1.5965227216632252
0.9602454280824978,1.5974857570227408,-1.5974857570227408
0.9603704424592824,1.5984513067214459,-1.5984513067214459
0.960495456836067,1.5994193857405297,-1.5994193857405297
0.9606204712128515,1.6003900091986274,-1.6003900091986274
0.9607454855896361,1.6013631923535268,-1.6013631923535268
0.9608704999664207,1.6023389506038983,-1.6023389506038983
0.9609955143432054,1.6033172994910545,-1.6033172994910545
0.96112052871999,1.6042982547007325,-1.6042982547007325
0.9612455430967746,1.605281832064915,-1.605281832064915
0.9613705574735592,1.6062680475636684,-1.6062680475636684
0.9614955718503437,1.607256917327017,-1.607256917327017
0.9616205862271283,1.6082484576368468,-1.6082484576368468
0.9617456006039129,1.6092426849288337,-1.6092426849288337
0.9618706149806976,1.6102396157944134,-1.6102396157944134
0.9619956293574822,1.611239266982771,-1.611239266982771
0.9621206437342668,1.6122416554028742,-1.6122416554028742
0.9622456581110513,1.6132467981255303,-1.6132467981255303
0.9623706724878359,1.6142547123854811,-1.6142547123854811
0.9624956868646205,1.6152654155835315,-1.6152654155835315
0.9626207012414051,1.6162789252887129,-1.6162789252887129
0.9627457156181898,1.617295259240482,-1.617295259240482
0.9628707299949744,1.618314435350954,-1.618314435350954
0.9629957443717589,1.6193364717071772,-1.6193364717071772
0.9631207587485435,1.6203613865734408,-1.6203613865734408
0.9632457731253281,1.621389198393625,-1.621389198393625
0.9633707875021127,1.6224199257935854,-1.6224199257935854
0.9634958018788973,1.6234535875835832,-1.6234535875835832
0.963620816255682,1.6244902027607528,-1.6244902027607528
0.9637458306324665,1.6255297905116082,-1.6255297905116082
0.9638708450092511,1.6265723702146024,-1.6265723702146024
0.9639958593860357,1.627617961442718,-1.627617961442718
0.9641208737628203,1.6286665839661083,-1.6286665839661083
0.9642458881396049,1.6297182577547853,-1.6297182577547853
0.9643709025163895,1.6307730029813468,-1.6307730029813468
0.9644959168931742,1.6318308400237596,-1.6318308400237596
0.9646209312699587,1.6328917894681818,-1.6328917894681818
0.9647459456467433,1.633955872111844,-1.633955872111844
0.9648709600235279,1.6350231089659688,-1.6350231089659688
0.9649959744003125,1.636093521258755,-1.636093521258755
0.9651209887770971,1.6371671304384006,-1.6371671304384006
0.9652460031538816,1.6382439581761896,-1.6382439581761896
0.9653710175306663,1.6393240263696287,-1.6393240263696287
0.9654960319074509,1.6404073571456357,-1.6404073571456357
0.9656210462842355,1.6414939728637974,-1.6414939728637974
0.9657460606610201,1.6425838961196717,-1.6425838961196717
0.9658710750378047,1.6436771497481555,-1.6436771497481555
0.9659960894145893,1.6447737568269147,-1.6447737568269147
0.9661211037913738,1.6458737406798718,-1.6458737406798718
0.9662461181681585,1.6469771248807599,-1.6469771248807599
0.9663711325449431,1.6480839332567405,-1.6480839332567405
0.9664961469217277,1.6491941898920868,-1.6491941898920868
0.9666211612985123,1.6503079191319368,-1.6503079191319368
0.9667461756752969,1.651425145586113,-1.651425145586113
0.9668711900520814,1.6525458941330122,-1.6525458941330122
0.966996204428866,1.6536701899235706,-1.6536701899235706
0.9671212188056507,1.6547980583853021,-1.6547980583853021
0.9672462331824353,1.6559295252264048,-1.6559295252264048
0.9673712475592199,1.6570646164399596,-1.6570646164399596
0.9674962619360045,1.6582033583081932,-1.6582033583081932
0.967621276312789,1.659345777406829,-1.659345777406829
0.9677462906895736,1.6604919006095185,-1.6604919006095185
0.9678713050663582,1.6616417550923595,-1.6616417550923595
0.9679963194431429,1.6627953683384986,-1.6627953683384986
0.9681213338199275,1.6639527681428183,-1.6639527681428183
0.9682463481967121,1.665113982616726,-1.665113982616726
0.9683713625734967,1.6662790401930239,-1.6662790401930239
0.9684963769502812,1.6674479696308775,-1.6674479696308775
0.9686213913270658,1.6686208000208858,-1.6686208000208858
0.9687464057038504,1.6697975607902409,-1.6697975607902409
0.9688714200806351,1.6709782817080001,-1.6709782817080001
0.9689964344574197,1.6721629928904527,-1.6721629928904527
0.9691214488342043,1.673351724806601,-1.673351724806601
0.9692464632109888,1.6745445082837445,-1.6745445082837445
0.9693714775877734,1.6757413745131793,-1.6757413745131793
0.969496491964558,1.6769423550560103,-1.6769423550560103
0.9696215063413426,1.67814748184908,-1.67814748184908
0.9697465207181273,1.67935678721102,-1.67935678721102
0.9698715350949119,1.6805703038484214,-1.6805703038484214
0.9699965494716964,1.6817880648621362,-1.6817880648621362
0.970121563848481,1.6830101037537033,-1.6830101037537033
0.9702465782252656,1.684236454431909,-1.684236454431909
0.9703715926020502,1.6854671512194834,-1.6854671512194834
0.9704966069788348,1.6867022288599332,-1.6867022288599332
0.9706216213556194,1.6879417225245206,-1.6879417225245206
0.970746635732404,1.6891856678193864,-1.6891856678193864
0.9708716501091886,1.690434100792818,-1.690434100792818
0.9709966644859732,1.691687057942685,-1.691687057942685
0.9711216788627578,1.6929445762240152,-1.6929445762240152
0.9712466932395424,1.6942066930567443,-1.6942066930567443
0.971371707616327,1.6954734463336238,-1.6954734463336238
0.9714967219931115,1.6967448744283045,-1.6967448744283045
0.9716217363698962,1.6980210162035927,-1.6980210162035927
0.9717467507466808,1.699301911019878,-1.699301911019878
0.9718717651234654,1.7005875987437609,-1.7005875987437609
0.97199677950025,1.7018781197568515,-1.7018781197568515
0.9721217938770346,1.703173514964775,-1.703173514964775
0.9722468082538192,1.7044738258063639,-1.7044738258063639
0.9723718226306037,1.705779094263065,-1.705779094263065
0.9724968370073884,1.7070893628685524,-1.7070893628685524
0.972621851384173,1.7084046747185448,-1.7084046747185448
0.9727468657609576,1.709725073480865,-1.709725073480865
0.9728718801377422,1.7110506034057062,-1.7110506034057062
0.9729968945145268,1.7123813093361429,-1.7123813093361429
0.9731219088913113,1.7137172367188733,-1.7137172367188733
0.9732469232680959,1.7150584316152173,-1.7150584316152173
0.9733719376448806,1.716404940712358,-1.716404940712358
0.9734969520216652,1.7177568113348463,-1.7177568113348463
0.9736219663984498,1.7191140914563774,-1.7191140914563774
0.9737469807752344,1.7204768297118336,-1.7204768297118336
0.9738719951520189,1.7218450754096146,-1.7218450754096146
0.9739970095288035,1.7232188785442586,-1.7232188785442586
0.9741220239055881,1.7245982898093588,-1.7245982898093588
0.9742470382823728,1.725983360610789,-1.725983360610789
0.9743720526591574,1.7273741430802438,-1.7273741430802438
0.974497067035942,1.7287706900891084,-1.7287706900891084
0.9746220814127265,1.7301730552626575,-1.7301730552626575
0.9747470957895111,1.7315812929945995,-1.7315812929945995
0.9748721101662957,1.7329954584619802,-1.7329954584619802
0.9749971245430803,1.7344156076404442,-1.7344156076404442
0.975122138919865,1.7358417973198783,-1.7358417973198783
0.9752471532966496,1.7372740851204331,-1.7372740851204331
0.9753721676734342,1.7387125295089587,-1.7387125295089587
0.9754971820502187,1.7401571898158337,-1.7401571898158337
0.9756221964270033,1.7416081262522287,-1.7416081262522287
0.9757472108037879,1.7430653999277987,-1.7430653999277987
0.9758722251805725,1.74452907286883,-1.74452907286883
0.9759972395573572,1.7459992080368472,-1.7459992080368472
0.9761222539341418,1.7474758693476942,-1.7474758693476942
0.9762472683109263,1.7489591216911176,-1.7489591216911176
0.9763722826877109,1.750449030950845,-1.750449030950845
0.9764972970644955,1.7519456640251938,-1.7519456640251938
0.9766223114412801,1.7534490888482201,-1.7534490888482201
0.9767473258180647,1.7549593744114202,-1.7549593744114202
0.9768723401948494,1.7564765907860116,-1.7564765907860116
0.976997354571634,1.7580008091458,-1.7580008091458
0.9771223689484185,1.7595321017906693,-1.7595321017906693
0.9772473833252031,1.7610705421706943,-1.7610705421706943
0.9773723977019877,1.7626162049109118,-1.7626162049109118
0.9774974120787723,1.764169165836758,-1.764169165836758
0.9776224264555569,1.7657295020002135,-1.7657295020002135
0.9777474408323416,1.767297291706659,-1.767297291706659
0.9778724552091261,1.768872614542473,-1.768872614542473
0.9779974695859107,1.7704555514034095,-1.7704555514034095
0.9781224839626953,1.7720461845237558,-1.7720461845237558
0.9782474983394799,1.7736445975063178,-1.7736445975063178
0.9783725127162645,1.7752508753532565,-1.7752508753532565
0.978497527093049,1.7768651044977972,-1.7768651044977972
0.9786225414698337,1.7784873728368518,-1.7784873728368518
0.9787475558466183,1.7801177697645727,-1.7801177697645727
0.9788725702234029,1.7817563862068964,-1.7817563862068964
0.9789975846001875,1.7834033146570742,-1.7834033146570742
0.9791225989769721,1.7850586492122575,-1.7850586492122575
0.9792476133537567,1.7867224856111596,-1.7867224856111596
0.9793726277305412,1.7883949212728332,-1.7883949212728332
0.9794976421073259,1.7900760553366106,-1.7900760553366106
0.9796226564841105,1.7917659887032373,-1.7917659887032373
0.9797476708608951,1.793464824077258,-1.793464824077258
0.9798726852376797,1.7951726660106848,-1.7951726660106848
0.9799976996144643,1.7968896209480083,-1.7968896209480083
0.9801227139912488,1.798615797272586,-1.798615797272586
0.9802477283680334,1.8003513053544802,-1.8003513053544802
0.9803727427448181,1.8020962575997808,-1.8020962575997808
0.9804977571216027,1.8038507685014762,-1.8038507685014762
0.9806227714983873,1.8056149546919378,-1.8056149546919378
0.9807477858751719,1.8073889349970693,-1.8073889349970693
0.9808728002519564,1.8091728304921901,-1.8091728304921901
0.980997814628741,1.8109667645597172,-1.8109667645597172
0.9811228290055256,1.8127708629487234,-1.8127708629487234
0.9812478433823103,1.814585253836437,-1.814585253836437
0.9813728577590949,1.8164100678917585,-1.8164100678917585
0.9814978721358795,1.8182454383408915,-1.8182454383408915
0.981622886512664,1.8200915010351473,-1.8200915010351473
0.9817479008894486,1.8219483945210304,-1.8219483945210304
0.9818729152662332,1.8238162601126908,-1.8238162601126908
0.9819979296430178,1.8256952419668406,-1.8256952419668406
0.9821229440198025,1.8275854871602348,-1.8275854871602348
0.9822479583965871,1.8294871457698223,-1.8294871457698223
0.9823729727733717,1.8314003709556903,-1.8314003709556903
0.9824979871501562,1.8333253190468985,-1.8333253190468985
0.9826230015269408,1.8352621496303438,-1.8352621496303438
0.9827480159037254,1.8372110256427767,-1.8372110256427767
0.98287303028051,1.83917211346611,-1.83917211346611
0.9829980446572946,1.8411455830261543,-1.8411455830261543
0.9831230590340793,1.8431316078949413,-1.8431316078949413
0.9832480734108638,1.845130365396776,-1.845130365396776
0.9833730877876484,1.8471420367182096,-1.8471420367182096
0.983498102164433,1.8491668070220788,-1.8491668070220788
0.9836231165412176,1.851204865565811,-1.851204865565811
0.9837481309180022,1.8532564058241927,-1.8532564058241927
0.9838731452947868,1.855321625616787,-1.855321625616787
0.9839981596715714,1.857400727240239,-1.857400727240239
0.984123174048356,1.8594939176056609,-1.8594939176056609
0.9842481884251406,1.8616014083813859,-1.8616014083813859
0.9843732028019252,1.8637234161412919,-1.8637234161412919
0.9844982171787098,1.8658601625189837,-1.8658601625189837
0.9846232315554944,1.8680118743681247,-1.8680118743681247
0.9847482459322789,1.870178783929191,-1.870178783929191
0.9848732603090636,1.8723611290029856,-1.8723611290029856
0.9849982746858482,1.8745591531312091,-1.8745591531312091
0.9851232890626328,1.876773105784496,-1.876773105784496
0.9852483034394174,1.8790032425582175,-1.8790032425582175
0.985373317816202,1.8812498253764993,-1.8812498253764993
0.9854983321929865,1.8835131227048398,-1.8835131227048398
0.9856233465697711,1.8857934097717852,-1.8857934097717852
0.9857483609465558,1.888090968800121,-1.888090968800121
0.9858733753233404,1.8904060892480774,-1.8904060892480774
0.985998389700125,1.8927390680610883,-1.8927390680610883
0.9861234040769096,1.8950902099346385,-1.8950902099346385
0.9862484184536942,1.8974598275888201,-1.8974598275888201
0.9863734328304787,1.8998482420552074,-1.8998482420552074
0.9864984472072633,1.9022557829767501,-1.9022557829767501
0.986623461584048,1.904682788921368,-1.904682788921368
0.9867484759608326,1.9071296077100335,-1.9071296077100335
0.9868734903376172,1.909596596760158,-1.909596596760158
0.9869985047144018,1.912084123445122,-1.912084123445122
0.9871235190911863,1.9145925654708973,-1.9145925654708973
0.9872485334679709,1.9171223112707432,-1.9171223112707432
0.9873735478447555,1.9196737604190217,-1.9196737604190217
0.9874985622215402,1.922247324065275,-1.922247324065275
0.9876235765983248,1.9248434253897355,-1.9248434253897355
0.9877485909751094,1.9274625000816221,-1.9274625000816221
0.987873605351894,1.9301049968415271,-1.9301049968415271
0.9879986197286785,1.9327713779094344,-1.9327713779094344
0.9881236341054631,1.9354621196199224,-1.9354621196199224
0.9882486484822477,1.9381777129862725,-1.9381777129862725
0.9883736628590324,1.9409186643153065,-1.9409186643153065
0.988498677235817,1.9436854958549166,-1.9436854958549166
0.9886236916126016,1.946478746476424,-1.946478746476424
0.9887487059893861,1.9492989723940093,-1.9492989723940093
0.9888737203661707,1.9521467479236994,-1.9521467479236994
0.9889987347429553,1.9550226662845462,-1.9550226662845462
0.9891237491197399,1.9579273404448465,-1.9579273404448465
0.9892487634965246,1.9608614040164964,-1.9608614040164964
0.9893737778733092,1.963825512200804,-1.963825512200804
0.9894987922500937,1.9668203427893869,-1.9668203427893869
0.9896238066268783,1.9698465972240289,-1.9698465972240289
0.9897488210036629,1.9729050017197622,-1.9729050017197622
0.9898738353804475,1.9759963084557373,-1.9759963084557373
0.9899988497572321,1.9791212968389,-1.9791212968389
0.9901238641340168,1.9822807748458828,-1.9822807748458828
0.9902488785108013,1.9854755804489843,-1.9854755804489843
0.9903738928875859,1.9887065831327404,-1.9887065831327404
0.9904989072643705,1.991974685508013,-1.991974685508013
0.9906239216411551,1.9952808250312912,-1.9952808250312912
0.9907489360179397,1.9986259758375813,-1.9986259758375813
0.9908739503947243,2.002011150696003,-2.002011150696003
0.990998964771509,2.005437403098149,-2.005437403098149
0.9911239791482935,2.008905829490179,-2.008905829490179
0.9912489935250781,2.012417571660765,-2.012417571660765
0.9913740079018627,2.0159738192981176,-2.0159738192981176
0.9914990222786473,2.019575812730762,-2.019575812730762
0.9916240366554319,2.0232248458681683,-2.0232248458681683
0.9917490510322164,2.0269222693590376,-2.0269222693590376
0.9918740654090011,2.030669493986943,-2.030669493986943
0.9919990797857857,2.0344679943251047,-2.0344679943251047
0.9921240941625703,2.0383193126745156,-2.0383193126745156
0.9922491085393549,2.042225063312223,-2.042225063312223
0.9923741229161395,2.0461869370796864,-2.0461869370796864
0.992499137292924,2.0502067063445035,-2.0502067063445035
0.9926241516697086,2.0542862303726794,-2.0542862303726794
0.9927491660464933,2.0584274611530216,-2.0584274611530216
0.9928741804232779,2.0626324497202457,-2.0626324497202457
0.9929991948000625,2.0669033530291254,-2.0669033530291254
0.9931242091768471,2.0712424414384607,-2.0712424414384607
0.9932492235536317,2.0756521068712153,-2.0756521068712153
0.9933742379304162,2.0801348717257078,-2.0801348717257078
0.9934992523072008,2.0846933986226133,-2.0846933986226133
0.9936242666839855,2.0893305010839676,-2.0893305010839676
0.9937492810607701,2.0940491552535345,-2.0940491552535345
0.9938742954375547,2.0988525127832416,-2.0988525127832416
0.9939993098143393,2.1037439150281143,-2.1037439150281143
0.9941243241911238,2.108726908713034,-2.108726908713034
0.9942493385679084,2.1138052632588846,-2.1138052632588846
0.994374352944693,2.118982989984248,-2.118982989984248
0.9944993673214776,2.124264363432465,-2.124264363432465
0.9946243816982623,2.129653945113687,-2.129653945113687
0.9947493960750469,2.135156609998674,-2.135156609998674
0.9948744104518314,2.140777576157499,-2.140777576157499
0.994999424828616,2.1465224380033514,-2.1465224380033514
0.9951244392054006,2.1523972036825816,-2.1523972036825816
0.9952494535821852,2.1584083372493708,-2.1584083372493708
0.9953744679589698,2.164562806381484,-2.164562806381484
0.9954994823357545,2.17086813653714,-2.17086813653714
0.995624496712539,2.1773324726287027,-2.1773324726287027
0.9957495110893236,2.183964649505143,-2.183964649505143
0.9958745254661082,2.19077427280227,-2.19077427280227
0.9959995398428928,2.197771812052457,-2.197771812052457
0.9961245542196774,2.2049687083616756,-2.2049687083616756
0.996249568596462,2.2123774994862306,-2.2123774994862306
0.9963745829732467,2.2200119658071635,-2.2200119658071635
0.9964995973500312,2.2278873015510166,-2.2278873015510166
0.9966246117268158,2.23602031670221,-2.23602031670221
0.9967496261036004,2.244429676476581,-2.244429676476581
0.996874640480385,2.2531361870938147,-2.2531361870938147
0.9969996548571696,2.262163139059239,-2.262163139059239
0.9971246692339542,2.2715367224737,-2.2715367224737
0.9972496836107388,2.2812865333652206,-2.2812865333652206
0.9973746979875234,2.2914461961634265,-2.2914461961634265
0.997499712364308,2.30205413593794,-2.30205413593794
0.9976247267410926,2.313154545982763,-2.313154545982763
0.9977497411178772,2.3247986134239085,-2.3247986134239085
0.9978747554946618,2.337046090381013,-2.337046090381013
0.9979997698714463,2.349967335032096,-2.349967335032096
0.998124784248231,2.3636460026227626,-2.3636460026227626
0.9982497986250156,2.3781826526780816,-2.3781826526780816
0.9983748130018002,2.3936996756648723,-2.3936996756648723
0.9984998273785848,2.410348166501688,-2.410348166501688
0.9986248417553694,2.4283177515586396,-2.4283177515586396
0.998749856132154,2.447851042614075,-2.447851042614075
0.9988748705089385,2.4692656173988956,-2.4692656173988956
0.9989998848857232,2.4929888033038163,-2.4929888033038163
0.9991248992625078,2.519615449871825,-2.519615449871825
0.9992499136392924,2.55000983202407,-2.55000983202407
0.999374928016077,2.5854997862820635,-2.5854997862820635
0.9994999423928616,2.628286539060748,-2.628286539060748
0.9996249567696461,2.682444708905314,-2.682444708905314
0.9997499711464307,2.7569751674917993,-2.7569751674917993
0.9998749855232154,2.8799299195854196,-2.8799299195854196
0.9999999999,4.725749005886807,-4.725749005886807
