xi,U_eps_1e-02,U_eps_1e-04,U_eps_1e-06,U_eps_1e-08
-0.6,0.7314907470630059,0.5178561405501277,0.4882217461317586,0.4828437742872827
-0.5995,0.7319267922984827,0.5181356633467901,0.48848272989986574,0.4831014615195772
-0.599,0.7323631484026293,0.5184153633658989,0.4887438740620312,0.48335930629600726
-0.5985,0.7327998155017151,0.5186952407737132,0.489005178757738,0.4836173087519333
-0.598,0.7332367937207128,0.5189752957364981,0.4892666441267304,0.48387546902287454
-0.5975,0.7336740831839426,0.519255528420965,0.4895282703090757,0.4841337872445915
-0.597,0.7341116840144114,0.5195359389945907,0.4897900574448734,0.4843922635529983
-0.5965,0.7345495963344651,0.519816527624927,0.49005200567451235,0.4846508980842575
-0.596,0.7349878202651197,0.5200972944795262,0.4903141151386821,0.4849096909746802
-0.5955,0.7354263559267211,0.5203782397259991,0.4905763859781037,0.48516864236083246
-0.595,0.7358652034382692,0.5206593635326947,0.490838818333816,0.4854277523794246
-0.5945,0.7363043629180849,0.5209406660684642,0.4911014123471335,0.48568702116742796
-0.594,0.7367438344831253,0.5212221475021689,0.49136416815940515,0.4859464488619545
-0.5935,0.7371836182496612,0.5215038080026694,0.49162708591232396,0.4862060356003817
-0.593,0.7376237143325818,0.5217856477390459,0.4918901657478328,0.48646578152022557
-0.5925,0.738064122846081,0.5220676668812618,0.4921534078079145,0.4867256867592721
-0.592,0.7385048439029543,0.5223498655995036,0.4924168122349209,0.48698575145544293
-0.5915,0.738945877615293,0.5226322440639579,0.4926803791714262,0.48724597574693407
-0.591,0.7393872240937721,0.5229148024448207,0.4929441087600543,0.4875063597720755
-0.5905,0.7398288834483543,0.5231975409127974,0.49320800114381885,0.4877669036694747
-0.59,0.7402708557875682,0.5234804596393545,0.4934720564659296,0.4880276075778723
-0.5895,0.740713141219221,0.5237635587960212,0.4937362748696579,0.4882884716362886
-0.589,0.7411557398496683,0.5240468385543263,0.4940006564986834,0.4885494959838775
-0.5885,0.7415986517845352,0.5243302990858755,0.49426520149685466,0.4888106807600737
-0.588,0.7420418771279776,0.5246139405630753,0.494529910008098,0.4890720261044466
-0.5875,0.7424854159834119,0.5248977631588081,0.4947947821767616,0.48933353215684705
-0.587,0.7429292684527669,0.5251817670459619,0.4950598181473373,0.48959519905727145
-0.5865,0.743373434637223,0.5254659523974251,0.49532501806441376,0.4898570269459612
-0.586,0.7438179146364554,0.5257503193863501,0.49559038207301054,0.49011901596335933
-0.5855,0.7442627085493814,0.5260348681868039,0.4958559103182667,0.4903811662501189
-0.585,0.7447078164733947,0.5263195989730519,0.49612160294544144,0.4906434779471042
-0.5845,0.745153238505122,0.5266045119193591,0.49638746010022755,0.4909059511953909
-0.584,0.7455989747396483,0.5268896072000053,0.4966534819284165,0.4911685861362664
-0.5835,0.7460450252712821,0.5271748849898471,0.4969196685759452,0.491431382911231
-0.583,0.7464913901927717,0.5274603454644937,0.4971860201891824,0.4916943416619977
-0.5825,0.7469380695960796,0.5277459887996043,0.4974525369145762,0.4919574625304932
-0.582,0.7473850635715895,0.5280318151708394,0.49771921889874976,0.49222074565885815
-0.5815,0.7478323722088901,0.5283178247539567,0.49798606628874914,0.4924841911894476
-0.581,0.7482799955959719,0.5286040177255789,0.4982530792316853,0.49274779926483186
-0.5805,0.7487279338200217,0.5288903942627742,0.4985202578748738,0.49301157002779694
-0.58,0.7491761869666088,0.5291769545426149,0.49878760236604136,0.49327550362134487
-0.5795,0.7496247551204893,0.5294636987421736,0.4990551128529666,0.493539600188694
-0.579,0.750073638364783,0.529750627038838,0.4993227894836654,0.49380385987328046
-0.5785,0.7505228367817864,0.5300377396109375,0.4995906324065469,0.4940682828187576
-0.578,0.7509723504521412,0.5303250366369746,0.4998586417700639,0.4943328691689972
-0.5775,0.7514221794556556,0.5306125182954528,0.5001268177229383,0.4945976190680897
-0.577,0.7518723238704638,0.5309001847648966,0.5003951604142656,0.4948625326603451
-0.5765,0.752322783773857,0.5311880362244797,0.5006636699931781,0.4951276100902928
-0.576,0.7527735592414326,0.5314760728541139,0.5009323466091105,0.49539285150268303
-0.5755,0.7532246503479361,0.5317642948337521,0.5012011904118469,0.4956582570424865
-0.575,0.7536760571663984,0.5320527023433468,0.5014702015512066,0.4959238268548959
-0.5745,0.754127779768989,0.5323412955629757,0.5017393801773423,0.49618956108532547
-0.574,0.754579818226144,0.5326300746736433,0.5020087264407306,0.4964554598794121
-0.5735,0.7550321726074269,0.5329190398567684,0.5022782404918837,0.4967215233830157
-0.573,0.7554848429806487,0.5332081912937724,0.5025479224816786,0.49698775174222026
-0.5725,0.7559378294127379,0.533497529166077,0.5028177725612872,0.4972541451033334
-0.572,0.7563911319688498,0.5337870536554784,0.5030877908819222,0.49752070361288786
-0.5715,0.7568447507132476,0.5340767649447337,0.5033579775951896,0.49778742741764137
-0.571,0.7572986857084018,0.5343666632167516,0.503628332852961,0.4980543166645779
-0.5705,0.7577529370158793,0.5346567486544415,0.5038988568071567,0.4983213715009074
-0.57,0.758207504695435,0.5349470214407437,0.5041695496101161,0.4985885920740672
-0.5695,0.7586623888059103,0.5352374817593218,0.5044404114144146,0.49885597853172187
-0.569,0.7591175894043127,0.5355281297945613,0.504711442372688,0.4991235310217643
-0.5685,0.7595731065467279,0.5358189657308787,0.5049826426380132,0.4993912496923159
-0.568,0.760028940287386,0.5361099897526906,0.5052540123636743,0.49965913469172735
-0.5675,0.7604850906795846,0.5364012020445704,0.5055255517030295,0.49992718616857906
-0.567,0.7609415577747461,0.5366926027920792,0.5057972608098983,0.5001954042716821
-0.5665,0.7613983416233494,0.5369841921811599,0.5060691398382767,0.500463789150078
-0.566,0.7618554422739775,0.5372759703977571,0.5063411889422551,0.5007323409530404
-0.5655,0.7623128597742597,0.5375679376278166,0.5066134082763981,0.5010010598300746
-0.565,0.7627705941699078,0.5378600940577243,0.5068857979954189,0.5012699459309188
-0.5645,0.7632286455056696,0.538152439874841,0.5071583582541483,0.5015389994055444
-0.564,0.7636870138243549,0.5384449752666589,0.5074310892078993,0.5018082204041563
-0.5635,0.7641456991677983,0.5387377004206702,0.5077039910121073,0.5020776090771946
-0.563,0.7646047015758755,0.5390306155244112,0.5079770638223531,0.502347165575334
-0.5625,0.765064021087476,0.5393237207662194,0.5082503077946994,0.5026168900494847
-0.5619999999999999,0.7655236577395089,0.5396170163351327,0.5085237230853107,0.5028867826507932
-0.5615,0.7659836115678872,0.539910502420212,0.5087973098505256,0.5031568435306429
-0.5609999999999999,0.7664438826065214,0.5402041792105183,0.5090710682471604,0.5034270728406544
-0.5605,0.766904470888315,0.5404980468953074,0.5093449984321133,0.5036974707326863
-0.5599999999999999,0.7673653764441475,0.5407921056648811,0.50961910056249,0.5039680373588363
-0.5595,0.7678265993038808,0.5410863557098896,0.5098933747958626,0.5042387728714406
-0.5589999999999999,0.7682881394953305,0.5413807972209845,0.5101678212898698,0.5045096774230756
-0.5585,0.7687499970452839,0.5416754303888209,0.5104424402023922,0.5047807511665577
-0.5579999999999999,0.7692121719784601,0.5419702554045652,0.510717231691761,0.5050519942549452
-0.5575,0.769674664318539,0.5422652724603678,0.5109921959163619,0.505323406841537
-0.5569999999999999,0.7701374740871105,0.5425604817484916,0.5112673330348582,0.5055949890798745
-0.5565,0.7706006013047134,0.5428558834611991,0.5115426432063436,0.5058667411237425
-0.5559999999999999,0.7710640459897747,0.543151477790813,0.5118181265899573,0.5061386631271688
-0.5555,0.7715278081596594,0.543447264930538,0.5120937833451528,0.5064107552444252
-0.5549999999999999,0.7719918878295982,0.543743245074254,0.5123696136317901,0.5066830176300285
-0.5545,0.7724562850137484,0.5440394184158568,0.512645617609769,0.5069554504387409
-0.5539999999999999,0.7729209997241105,0.5443357851492431,0.5129217954393405,0.50722805382557
-0.5535,0.7733860319716008,0.5446323454685478,0.513198147281134,0.5075008279457707
-0.5529999999999999,0.773851381764956,0.5449290995690075,0.5134746732958181,0.5077737729548445
-0.5525,0.7743170491118169,0.5452260476461743,0.5137513736444473,0.508046889008541
-0.5519999999999999,0.7747830340176219,0.5455231898956003,0.5140282484884252,0.5083201762628585
-0.5515,0.7752493364867027,0.5458205265128455,0.5143052979891966,0.508593634874044
-0.5509999999999999,0.7757159565211651,0.5461180576940591,0.514582522308626,0.5088672649985947
-0.5505,0.7761828941219969,0.5464157836363774,0.5148599216088948,0.5091410667932577
-0.5499999999999999,0.7766501492879372,0.5467137045370319,0.515137496052233,0.5094150404150316
-0.5495,0.7771177220165951,0.547011820593253,0.5154152458013204,0.5096891860211663
-0.5489999999999999,0.7775856123033084,0.5473101320023517,0.5156931710191216,0.5099635037691646
-0.5485,0.7780538201422724,0.5476086389626047,0.5159712718686594,0.5102379938167814
-0.5479999999999999,0.7785223455253888,0.5479073416729333,0.516249548513435,0.5105126563220259
-0.5475,0.7789911884434042,0.5482062403322704,0.5165280011172002,0.5107874914431618
-0.5469999999999999,0.7794603488847486,0.5485053351395494,0.5168066298437803,0.511062499338707
-0.5465,0.7799298268366855,0.5488046262939945,0.5170854348575024,0.5113376801674354
-0.5459999999999999,0.7803996222841372,0.5491041139959812,0.5173644163229113,0.5116130340883773
-0.5455,0.7808697352108485,0.5494037984461683,0.5176435744046435,0.5118885612608197
-0.5449999999999999,0.7813401655981986,0.5497036798452143,0.5179229092678567,0.5121642618443073
-0.5445,0.7818109134263785,0.5500037583937913,0.5182024210778936,0.5124401359986432
-0.5439999999999999,0.7822819786731886,0.5503040342932444,0.5184821100002125,0.5127161838838891
-0.5435,0.7827533613152288,0.5506045077459037,0.5187619762008049,0.5129924056603665
-0.5429999999999999,0.7832250613266853,0.5509051789541783,0.519042019845818,0.5132688014886575
-0.5425,0.783697078680532,0.5512060481204766,0.5193222411015411,0.5135453715296044
-0.5419999999999999,0.7841694133473041,0.551507115447311,0.5196026401348037,0.5138221159443122
-0.5415,0.7846420652963121,0.5518083811382456,0.5198832171125628,0.514099034894147
-0.5409999999999999,0.7851150344944048,0.5521098453974561,0.52016397220195,0.5143761285407392
-0.5405,0.7855883209071933,0.5524115084291255,0.5204449055706349,0.5146533970459817
-0.54,0.7860619244978022,0.5527133704374366,0.5207260173863919,0.5149308405720328
-0.5395,0.7865358452281073,0.553015431626926,0.5210073078172043,0.5152084592813153
-0.5389999999999999,0.787010083057472,0.5533176922033235,0.5212887770315857,0.5154862533365181
-0.5385,0.7874846379439995,0.5536201523726116,0.5215704251981341,0.5157642229005958
-0.538,0.7879595098432556,0.5539228123407732,0.5218522524856948,0.5160423681367716
-0.5375,0.7884346987095333,0.5542256723138114,0.5221342590636283,0.5163206892085354
-0.5369999999999999,0.7889102044945642,0.5545287324984931,0.5224164451013649,0.5165991862796463
-0.5365,0.7893860271487929,0.5548319931025628,0.5226988107686195,0.5168778595141322
-0.536,0.7898621666200792,0.5551354543338279,0.5229813562356048,0.5171567090762915
-0.5355,0.7903386228549836,0.5554391164000967,0.5232640816725893,0.5174357351306932
-0.5349999999999999,0.7908153957974549,0.5557429795093101,0.5235469872501683,0.5177149378421774
-0.5345,0.7912924853901311,0.5560470438705476,0.5238300731394095,0.5179943173758569
-0.534,0.7917698915730137,0.5563513096934634,0.5241133395114287,0.5182738738971169
-0.5335,0.7922476142847799,0.5566557771877169,0.5243967865377092,0.5185536075716164
-0.5329999999999999,0.7927256534614455,0.5569604465629671,0.5246804143901784,0.5188335185652889
-0.5325,0.7932040090376885,0.5572653180292965,0.5249642232408077,0.5191136070443428
-0.532,0.7936826809455008,0.5575703917980188,0.5252482132619765,0.5193938731752623
-0.5315,0.7941616691155238,0.5578756680806711,0.5255323846264767,0.5196743171248082
-0.5309999999999999,0.7946409734756862,0.55818114708879,0.5258167375071441,0.519954939060018
-0.5305,0.795120593952554,0.5584868290339425,0.5261012720772617,0.5202357391482082
-0.53,0.7956005304699544,0.5587927141285571,0.5263859885104907,0.5205167175569733
-0.5295,0.7960807829503392,0.5590988025860248,0.5266708869805405,0.5207978744541876
-0.5289999999999999,0.7965613513133954,0.5594050946197873,0.5269559676616056,0.5210792100080055
-0.5285,0.7970422354774214,0.5597115904432859,0.5272412307282208,0.5213607243868625
-0.528,0.7975234353579246,0.5600182902701323,0.5275266763549796,0.5216424177594757
-0.5275,0.7980049508690112,0.5603251943151617,0.5278123047169933,0.5219242902948449
-0.527,0.7984867819219699,0.560632302793746,0.5280981159896774,0.522206342162253
-0.5265,0.7989689284266749,0.5609396159212596,0.5283841103485186,0.522488573531267
-0.526,0.799451390290157,0.5612471339130778,0.5286702879695516,0.5227709845717385
-0.5255,0.7999341674180186,0.5615548569850785,0.5289566490290781,0.523053575453805
-0.525,0.8004172597129927,0.5618627853544018,0.529243193703489,0.5233363463478901
-0.5245,0.8009006670763708,0.5621709192383829,0.5295299221697478,0.5236192974247043
-0.524,0.8013843894065474,0.5624792588543565,0.5298168346050485,0.5239024288552462
-0.5235,0.8018684266004632,0.5627878044197013,0.5301039311866967,0.5241857408108033
-0.523,0.8023527785521348,0.5630965561527598,0.5303912120925904,0.524469233462952
-0.5225,0.8028374451541115,0.5634055142728172,0.5306786775008225,0.5247529069835593
-0.522,0.8033224262959915,0.5637146789991977,0.5309663275896253,0.525036761544783
-0.5215,0.8038077218658921,0.5640240505512262,0.531254162537835,0.5253207973190728
-0.521,0.8042933317489532,0.56433362914844,0.5315421825244497,0.5256050144791709
-0.5205,0.8047792558288196,0.5646434150116859,0.5318303877286411,0.525889413198113
-0.52,0.8052654939861313,0.564953408362306,0.5321187783301874,0.5261739936492288
-0.5195,0.8057520461000202,0.5652636094216438,0.532407354509,0.5264587560061434
-0.519,0.8062389120465859,0.5655740184110458,0.5326961164452008,0.526743700442777
-0.5185,0.8067260917004061,0.56588463555245,0.5329850643195144,0.5270288271333471
-0.518,0.8072135849329988,0.5661954610690797,0.5332741983127736,0.5273141362523679
-0.5175,0.8077013916143462,0.5665064951843274,0.5335635186060618,0.5275996279746525
-0.517,0.8081895116113438,0.5668177381215849,0.5338530253810538,0.5278853024753128
-0.5165,0.8086779447893367,0.5671291901043055,0.5341427188195124,0.5281711599297606
-0.516,0.809166691010556,0.5674408513570138,0.5344325991034938,0.5284572005137077
-0.5155,0.8096557501356688,0.5677527221051522,0.5347226664156276,0.5287434244031686
-0.515,0.8101451220221999,0.5680648025741919,0.5350129209386145,0.5290298317744593
-0.5145,0.8106348065260963,0.5683770929896051,0.5353033628554948,0.5293164228041992
-0.514,0.8111248035001347,0.568689593577128,0.5355939923498574,0.5296031976693116
-0.5135,0.8116151127955,0.5690023045638886,0.5358848096053503,0.5298901565470252
-0.513,0.812105734260179,0.5693152261774684,0.5361758148060075,0.5301772996148735
-0.5125,0.8125966677405522,0.56962835864545,0.5364670081363826,0.5304646270506973
-0.512,0.8130879130797739,0.5699417021954216,0.5367583897810808,0.5307521390326442
-0.5115,0.8135794701193783,0.5702552570556618,0.5370499599251394,0.5310398357391707
-0.511,0.8140713386976444,0.5705690234557506,0.5373417187540819,0.5313277173490414
-0.5105,0.8145635186512173,0.570883001625413,0.5376336664534808,0.5316157840413319
-0.51,0.8150560098134587,0.571197191794373,0.5379258032093855,0.531904035995428
-0.5095,0.8155488120160816,0.5715115941924384,0.5382181292082957,0.5321924733910277
-0.509,0.8160419250874872,0.5718262090506008,0.5385106446367611,0.5324810964081406
-0.5085,0.8165353488544138,0.5721410366007386,0.5388033496818531,0.5327699052270904
-0.508,0.8170290831402588,0.5724560770747511,0.539096244531052,0.5330589000285153
-0.5075,0.8175231277667427,0.572771330704538,0.5393893293718972,0.5333480809933683
-0.507,0.8180174825522162,0.5730867977223255,0.5396826043924887,0.533637448302918
-0.5065,0.8185121473133384,0.5734024783618091,0.5399760697812955,0.5339270021387509
-0.506,0.8190071218633697,0.5737183728570961,0.5402697257268569,0.5342167426827708
-0.5055,0.8195024060138646,0.5740344814422943,0.5405635724183099,0.5345066701172002
-0.505,0.8199979995729496,0.5743508043515225,0.5408576100451181,0.5347967846245814
-0.5045,0.8204939023470308,0.5746673418196976,0.5411518387968335,0.5350870863877766
-0.504,0.8209901141390569,0.5749840940830474,0.5414462588636365,0.5353775755899706
-0.5035,0.8214866347502415,0.5753010613779213,0.5417408704359935,0.5356682524146691
-0.503,0.821983463978312,0.5756182439406687,0.5420356737044802,0.535959117045702
-0.5025,0.8224806016192456,0.5759356420077496,0.5423306688603283,0.5362501696672234
-0.502,0.8229780474655036,0.5762532558169251,0.5426258560950131,0.5365414104637117
-0.5015,0.8234758013077826,0.5765710856068067,0.5429212356001484,0.5368328396199719
-0.501,0.8239738629332342,0.5768891316160202,0.5432168075680216,0.5371244573211353
-0.5005,0.8244722321272295,0.5772073940831921,0.543512572191126,0.537416263752662
-0.5,0.8249709086715652,0.5775258732473479,0.5438085296621266,0.5377082591003398
-0.49949999999999994,0.8254698923462431,0.5778445693490549,0.5441046801743721,0.538000443550287
-0.499,0.8259691829276604,0.5781634826292505,0.5444010239213815,0.5382928172889515
-0.49849999999999994,0.8264687801904046,0.5784826133288731,0.544697561096885,0.5385853805031142
-0.498,0.8269686839054282,0.5788019616888791,0.5449942918952978,0.5388781333798872
-0.49749999999999994,0.8274688938418597,0.5791215279511408,0.5452912165111737,0.539171076106717
-0.497,0.8279694097651622,0.5794413123588429,0.5455883351393217,0.5394642088713837
-0.49649999999999994,0.8284702314389594,0.5797613151552711,0.5458856479752278,0.5397575318620033
-0.496,0.82897135862318,0.5800815365837115,0.5461831552144905,0.5400510452670281
-0.4955,0.8294727910758979,0.5804019768875942,0.5464808570530107,0.5403447492752474
-0.495,0.8299745285514617,0.5807226363117708,0.5467787536873506,0.5406386440757892
-0.4945,0.83047657080235,0.5810435151019027,0.5470768453141635,0.5409327298581202
-0.494,0.8309789175772858,0.5813646135036604,0.547375132130455,0.5412270068120475
-0.4935,0.8314815686231067,0.5816859317627148,0.5476736143338687,0.5415214751277198
-0.493,0.8319845236828646,0.5820074701252219,0.5479722921221234,0.5418161349956273
-0.4925,0.8324877824977103,0.5823292288389432,0.5482711656933413,0.5421109866066036
-0.492,0.8329913448049779,0.5826512081519716,0.5485702352462539,0.5424060301518265
-0.4915,0.8334952103400859,0.5829734083124005,0.5488695009796561,0.5427012658228192
-0.491,0.8339993788346052,0.5832958295684012,0.5491689630927986,0.5429966938114505
-0.4905,0.8345038500181753,0.5836184721693832,0.5494686217855071,0.5432923143099365
-0.49,0.8350086236165573,0.5839413363654266,0.5497684772576638,0.5435881275108417
-0.4895,0.8355136993535655,0.5842644224066524,0.5500685297096594,0.5438841336070794
-0.489,0.8360190769491052,0.5845877305440377,0.5503687793424201,0.5441803327919135
-0.4885,0.836524756121119,0.5849112610290689,0.5506692263569276,0.5444767252589584
-0.488,0.8370307365836094,0.5852350141134656,0.5509698709547234,0.5447733112021814
-0.4875,0.8375370180486011,0.5855589900499254,0.5512707133378413,0.5450700908159025
-0.487,0.838043600224147,0.5858831890914122,0.5515717537083752,0.5453670642947964
-0.4865,0.8385504828163066,0.5862076114913616,0.5518729922690269,0.5456642318338929
-0.486,0.839057665527137,0.5865322575041119,0.5521744292229452,0.5459615936285778
-0.4855,0.8395651480566856,0.5868571273841424,0.5524760647733499,0.5462591498745948
-0.485,0.8400729301009657,0.5871822213866781,0.5527778991241125,0.5465569007680458
-0.4845,0.840581011353966,0.58750753976763,0.5530799324795045,0.5468548465053922
-0.484,0.8410893915056096,0.587833082783069,0.5533821650438846,0.5471529872834556
-0.4835,0.8415980702437784,0.5881588506900226,0.5536845970223035,0.5474513232994199
-0.483,0.8421070472522579,0.5884848437459349,0.5539872286201644,0.5477498547508309
-0.4825,0.8426163222127765,0.5888110622085794,0.5542900600429781,0.5480485818355987
-0.482,0.8431258948029338,0.5891375063367332,0.5545930914969831,0.5483475047519977
-0.4815,0.8436357646982572,0.5894641763893779,0.5548963231887221,0.5486466236986685
-0.481,0.8441459315701135,0.5897910726261009,0.5551997553248745,0.5489459388746185
-0.4805,0.8446563950877811,0.5901181953073437,0.555503388112873,0.5492454504792231
-0.48,0.8451671549163459,0.5904455446936832,0.5558072217604098,0.549545158712227
-0.4795,0.8456782107187895,0.5907731210465719,0.5561112564753478,0.5498450637737449
-0.479,0.8461895621538692,0.5911009246280573,0.5564154924663209,0.5501451658642629
-0.4785,0.8467012088782219,0.5914289557004055,0.5567199299421801,0.5504454651846397
-0.478,0.8472131505442279,0.59175721452692,0.5570245691119882,0.5507459619361071
-0.4775,0.8477253868021315,0.5920857013712286,0.5573294101855865,0.5510466563202718
-0.477,0.8482379172978881,0.592414416497412,0.557634453372995,0.5513475485391166
-0.4765,0.8487507416753005,0.592743360170546,0.5579396988844926,0.5516486387950003
-0.476,0.8492638595738508,0.5930725326558695,0.5582451469311339,0.5519499272906603
-0.4755,0.8497772706308527,0.5934019342193695,0.5585507977241192,0.5522514142292132
-0.475,0.8502909744792665,0.5937315651278157,0.5588566514749592,0.5525530998141555
-0.4745,0.8508049707498677,0.5940614256481334,0.559162708395928,0.5528549842493655
-0.474,0.8513192590690458,0.594391516048242,0.5594689686994175,0.5531570677391034
-0.4735,0.8518338390609902,0.5947218365965578,0.5597754325981855,0.553459350488014
-0.473,0.8523487103454713,0.5950523875618056,0.560082100305732,0.5537618327011261
-0.4725,0.8528638725400428,0.5953831692137938,0.5603889720356534,0.554064514583855
-0.472,0.8533793252578072,0.5957141818225793,0.5606960480019687,0.5543673963420028
-0.4715,0.853895068109634,0.5960454256588126,0.5610033284194117,0.5546704781817605
-0.471,0.8544111007019087,0.5963769009940998,0.5613108135027948,0.5549737603097082
-0.4705,0.8549274226387671,0.5967086081001929,0.5616185034674132,0.5552772429328166
-0.47,0.8554440335198291,0.597040547249736,0.5619263985292412,0.5555809262584482
-0.4695,0.855960932942448,0.5973727187160646,0.5622344989043211,0.5558848104943592
-0.469,0.8564781204994283,0.5977051227727201,0.5625428048092378,0.5561888958486993
-0.46849999999999997,0.8569955957812917,0.5980377596943379,0.5628513164612143,0.5564931825300142
-0.46799999999999997,0.8575133583739778,0.5983706297559491,0.563160034077536,0.5567976707472456
-0.46749999999999997,0.8580314078611275,0.5987037332330154,0.563468957876091,0.5571023607097337
-0.46699999999999997,0.8585497438217662,0.5990370704020906,0.5637780880753585,0.5574072526272176
-0.46649999999999997,0.8590683658326045,0.5993706415399219,0.5640874248938824,0.5577123467098364
-0.46599999999999997,0.859587273465704,0.599704446924003,0.5643969685508659,0.5580176431681306
-0.46549999999999997,0.860106466290795,0.6000384868327163,0.5647067192660539,0.5583231422130444
-0.46499999999999997,0.8606259438729262,0.6003727615446001,0.5650166772592631,0.5586288440559245
-0.46449999999999997,0.8611457057747981,0.600707271339221,0.565326842751024,0.5589347489085239
-0.46399999999999997,0.8616657515543964,0.6010420164967339,0.5656372159623557,0.5592408569830016
-0.46349999999999997,0.8621860807673415,0.6013769972975828,0.5659477971143643,0.5595471684919245
-0.46299999999999997,0.8627066929645066,0.6017122140233739,0.5662585864289184,0.5598536836482683
-0.46249999999999997,0.8632275876943829,0.6020476669560197,0.5665695841283211,0.5601604026654187
-0.46199999999999997,0.8637487645006804,0.6023833563780087,0.5668807904349842,0.5604673257571731
-0.46149999999999997,0.8642702229247109,0.6027192825728939,0.5671922055721246,0.5607744531377417
-0.46099999999999997,0.8647919625029716,0.6030554458243919,0.5675038297633404,0.5610817850217487
-0.46049999999999996,0.8653139827695449,0.6033918464171236,0.5678156632323653,0.5613893216242332
-0.45999999999999996,0.8658362832536646,0.603728484636509,0.5681277062037745,0.5616970631606512
-0.45949999999999996,0.8663588634821338,0.6040653607681643,0.5684399589024717,0.5620050098468764
-0.45899999999999996,0.8668817229768732,0.6044024750988543,0.5687524215535306,0.5623131618992019
-0.45849999999999996,0.8674048612573554,0.6047398279158225,0.5690650943828938,0.5626215195343411
-0.45799999999999996,0.867928277838138,0.6050774195067207,0.5693779776167813,0.5629300829694293
-0.45749999999999996,0.8684519722313133,0.605415250160392,0.5696910714816258,0.5632388524220242
-0.45699999999999996,0.868975943944025,0.6057533201659141,0.570004376204745,0.5635478281101088
-0.45649999999999996,0.8695001924809347,0.6060916298131046,0.5703178920136877,0.5638570102520916
-0.45599999999999996,0.8700247173417216,0.6064301793927863,0.570631619136264,0.5641663990668074
-0.4555,0.8705495180235663,0.6067689691959429,0.5709455578011747,0.5644759947735203
-0.45499999999999996,0.8710745940186332,0.6071079995146177,0.5712597082373096,0.5647857975919238
-0.4545,0.8715999448165709,0.6074472706415454,0.5715740706738761,0.5650958077421421
-0.45399999999999996,0.8721255699019785,0.6077867828697328,0.5718886453409647,0.5654060254447324
-0.4535,0.8726514687569221,0.6081265364934273,0.57220343246882,0.5657164509206853
-0.45299999999999996,0.873177640858385,0.6084665318072511,0.572518432288065,0.5660270843914268
-0.4525,0.8737040856808,0.6088067691063838,0.5728336450301884,0.5663379260788187
-0.45199999999999996,0.8742308026934834,0.6091472486871843,0.5731490709268031,0.566648976205162
-0.4515,0.8747577913631845,0.6094879708462015,0.5734647102099658,0.5669602349931955
-0.45099999999999996,0.8752850511515017,0.6098289358808967,0.5737805631125718,0.5672717026660996
-0.4505,0.8758125815174498,0.610170144089649,0.574096629867617,0.5675833794474964
-0.44999999999999996,0.8763403819148589,0.6105115957710286,0.5744129107086094,0.5678952655614516
-0.4495,0.8768684517949576,0.6108532912248062,0.574729405869859,0.5682073612324753
-0.44899999999999995,0.8773967906037574,0.6111952307513283,0.5750461155857611,0.5685196666855247
-0.4485,0.8779253977846504,0.6115374146513256,0.5753630400912909,0.5688321821460037
-0.44799999999999995,0.8784542727757775,0.6118798432268233,0.5756801796221832,0.5691449078397658
-0.4475,0.8789834150126435,0.6122225167801335,0.575997534414248,0.5694578439931153
-0.44699999999999995,0.8795128239254679,0.6125654356142977,0.5763151047039443,0.5697709908328079
-0.4465,0.8800424989418177,0.6129086000334886,0.5766328907284413,0.570084348586053
-0.44599999999999995,0.8805724394839394,0.6132520103420527,0.5769508927249809,0.5703979174805146
-0.4455,0.8811026449714108,0.6135956668454213,0.5772691109315209,0.5707116977443134
-0.44499999999999995,0.8816331148184553,0.6139395698498363,0.5775875455866756,0.5710256896060275
-0.4445,0.8821638484366099,0.6142837196617953,0.5779061969291357,0.5713398932946946
-0.44399999999999995,0.8826948452320235,0.6146281165891149,0.5782250651983732,0.5716543090398126
-0.4435,0.8832261046081418,0.6149727609400686,0.5785441506344579,0.5719689370713421
-0.44299999999999995,0.8837576259629881,0.6153176530234663,0.5788634534775483,0.5722837776197071
-0.4425,0.8842894086918653,0.6156627931494192,0.5791829739686438,0.5725988309157967
-0.44199999999999995,0.88482145218462,0.616008181628264,0.5795027123492816,0.5729140971909669
-0.4415,0.8853537558283611,0.6163538187712532,0.5798226688611069,0.5732295766770416
-0.44099999999999995,0.8858863190047073,0.6166997048906898,0.5801428437466603,0.5735452696063145
-0.4405,0.8864191410925227,0.6170458402990665,0.5804632372489577,0.5738611762115507
-0.43999999999999995,0.886952221465147,0.6173922253101266,0.5807838496111506,0.5741772967259878
-0.4395,0.8874855594931479,0.6177388602382993,0.5811046810773335,0.5744936313833376
-0.43899999999999995,0.8880191545415348,0.6180857453983767,0.5814257318920144,0.5748101804177879
-0.4385,0.8885530059725283,0.6184328811065491,0.5817470022998718,0.5751269440640039
-0.43799999999999994,0.8890871131427563,0.6187802676793602,0.5820684925465647,0.5754439225571293
-0.4375,0.8896214754074582,0.6191279054340679,0.5823902028781068,0.5757611161327885
-0.43699999999999994,0.8901560921134163,0.6194757946891989,0.5827121335407249,0.5760785250270882
-0.4365,0.8906909626031674,0.6198239357634725,0.5830342847816541,0.5763961494766183
-0.43599999999999994,0.8912260862192497,0.6201723289767166,0.583356656848427,0.5767139897184542
-0.4355,0.8917614623013868,0.6205209746497009,0.5836792499888417,0.5770320459901578
-0.43499999999999994,0.8922970901779113,0.6208698731034402,0.5840020644517183,0.5773503185297794
-0.4345,0.8928329691742733,0.6212190246603426,0.5843251004861236,0.5776688075758594
-0.43399999999999994,0.8933690986159238,0.6215684296433744,0.5846483583414499,0.5779875133674297
-0.4335,0.8939054778254654,0.6219180883760121,0.5849718382681117,0.5783064361440154
-0.43299999999999994,0.8944421061139728,0.6222680011831639,0.5852955405167256,0.5786255761456367
-0.4325,0.8949789827896049,0.6226181683900097,0.5856194653383002,0.5789449336128095
-0.43199999999999994,0.8955161071605207,0.6229685903226453,0.5859436129848545,0.5792645087865488
-0.4315,0.8960534785319967,0.6233192673083612,0.5862679837085712,0.5795843019083684
-0.43099999999999994,0.8965910961976462,0.6236701996746441,0.5865925777620973,0.579904313220284
-0.4305,0.8971289594481318,0.624021387750277,0.5869173953990661,0.5802245429648144
-0.42999999999999994,0.8976670675741162,0.6243728318648567,0.5872424368732438,0.5805449913849831
-0.4295,0.8982054198618606,0.6247245323483211,0.5875677024389371,0.5808656587243192
-0.42899999999999994,0.8987440155887929,0.625076489532113,0.5878931923514047,0.5811865452268613
-0.4285,0.8992828540308472,0.6254287037481095,0.5882189068660139,0.5815076511371565
-0.42799999999999994,0.8998219344580229,0.6257811753288847,0.5885448462387518,0.5818289767002641
-0.4275,0.9003612561373446,0.626133904608427,0.5888710107265134,0.5821505221617562
-0.42699999999999994,0.9009008183298685,0.6264868919209488,0.5891974005862866,0.5824722877677203
-0.4265,0.9014406202936583,0.6268401376017879,0.5895240160757586,0.5827942737647597
-0.42599999999999993,0.901980661280776,0.6271936419873736,0.5898508574534725,0.5831164803999965
-0.4255,0.9025209405402739,0.6275474054143714,0.590177924978056,0.5834389079210732
-0.42499999999999993,0.9030614573151688,0.6279014282209157,0.5905052189089162,0.5837615565761537
-0.4245,0.9036022108454507,0.6282557107458149,0.5908327395062566,0.5840844266139252
-0.424,0.9041432003650405,0.628610253328363,0.5911604870303655,0.5844075182836009
-0.4235,0.9046844251048155,0.6289650563094195,0.5914884617423877,0.5847308318349208
-0.423,0.9052258842895499,0.629320120030178,0.5918166639042007,0.5850543675181537
-0.4225,0.9057675771409573,0.6296754448327416,0.5921450937777747,0.5853781255840993
-0.422,0.9063095028746144,0.6300310310605683,0.5924737516260101,0.5857021062840895
-0.4215,0.9068516607030211,0.6303868790573254,0.5928026377124715,0.5860263098699906
-0.421,0.9073940498325064,0.6307429891680183,0.5931317523008338,0.5863507365942051
-0.4205,0.9079366694663051,0.6310993617386129,0.5934610956557693,0.5866753867096731
-0.42,0.9084795188014482,0.6314559971153976,0.5937906680425448,0.5870002604698749
-0.4195,0.9090225970318554,0.631812895646271,0.5941204697265624,0.5873253581288318
-0.419,0.909565903345209,0.6321700576796668,0.5944505009742831,0.5876506799411086
-0.4185,0.9101094369260636,0.6325274835646938,0.5947807620526904,0.587976226161816
-0.418,0.9106531969527024,0.6328851736520326,0.5951112532289383,0.5883019970466111
-0.4175,0.9111971826002645,0.6332431282926299,0.595441974771291,0.5886279928517003
-0.417,0.9117413930375842,0.6336013478385708,0.5957729269484647,0.5889542138338411
-0.4165,0.9122858274303345,0.6339598326431971,0.5961041100293908,0.5892806602503429
-0.416,0.9128304849378509,0.634318583060087,0.5964355242841504,0.5896073323590707
-0.4155,0.9133753647162912,0.6346775994443574,0.596767169983209,0.5899342304184457
-0.415,0.913920465915441,0.6350368821519375,0.597099047397302,0.5902613546874477
-0.4145,0.9144657876818928,0.6353964315392158,0.59743115679834,0.5905887054256164
-0.414,0.9150113291558337,0.6357562479642859,0.5977634984585559,0.5909162828930545
-0.4135,0.9155570894742407,0.6361163317856542,0.5980960726505152,0.5912440873504289
-0.413,0.9161030677676524,0.6364766833627262,0.5984288796479713,0.591572119058972
-0.4125,0.9166492631633807,0.6368373030564365,0.5987619197249421,0.5919003782804851
-0.412,0.9171956747822663,0.6371981912279525,0.5990951931558516,0.5922288652773399
-0.4115,0.9177423017419066,0.6375593482398182,0.5994287002163069,0.5925575803124791
-0.411,0.9182891431533948,0.6379207744557026,0.5997624411821306,0.5928865236494206
-0.4105,0.9188361981245644,0.6382824702395843,0.6000964163296322,0.5932156955522578
-0.41,0.919383465756712,0.6386444359571565,0.6004306259362854,0.5935450962856629
-0.4095,0.9199309451478581,0.6390066719747702,0.6007650702797376,0.5938747261148873
-0.409,0.9204786353894535,0.6393691786594248,0.6010997496382103,0.5942045853057654
-0.4085,0.9210265355696565,0.6397319563798611,0.6014346642910559,0.5945346741247153
-0.408,0.9215746447700228,0.640095005505142,0.6017698145177695,0.5948649928387414
-0.4075,0.9221229620688001,0.6404583264054771,0.6021052005985087,0.5951955417154368
-0.407,0.9226714865376008,0.640821919452517,0.6024408228145197,0.5955263210229845
-0.4065,0.9232202172447121,0.6411857850181549,0.602776681447166,0.5958573310301601
-0.40599999999999997,0.923769153251755,0.6415499234758919,0.6031127767785679,0.5961885720063338
-0.40549999999999997,0.924318293617008,0.6419143352001999,0.6034491090918781,0.5965200442214725
-0.40499999999999997,0.9248676373920514,0.6422790205659864,0.6037856786703534,0.5968517479461414
-0.40449999999999997,0.9254171836251074,0.6426439799500069,0.6041224857980994,0.5971836834515071
-0.40399999999999997,0.9259669313576673,0.6430092137295293,0.6044595307601915,0.5975158510093386
-0.40349999999999997,0.926516879627848,0.6433747222827046,0.6047968138418034,0.5978482508920107
-0.40299999999999997,0.9270670274670044,0.6437405059894037,0.6051343353290496,0.5981808833725047
-0.40249999999999997,0.9276173739031007,0.6441065652297652,0.6054720955089443,0.5985137487244117
-0.40199999999999997,0.9281679179573065,0.6444729003853384,0.6058100946686028,0.5988468472219343
-0.40149999999999997,0.9287186586473856,0.6448395118389849,0.6061483330961712,0.599180179139889
-0.40099999999999997,0.9292695949842752,0.6452063999738672,0.6064868110806187,0.5995137447537078
-0.40049999999999997,0.9298207259754908,0.6455735651749674,0.6068255289110294,0.5998475443394411
-0.39999999999999997,0.9303720506216897,0.6459410078280706,0.6071644868776018,0.6001815781737598
-0.39949999999999997,0.9309235679200918,0.6463087283195824,0.6075036852712781,0.6005158465339573
-0.39899999999999997,0.9314752768610274,0.6466767270378297,0.6078431243831384,0.6008503496979515
-0.39849999999999997,0.9320271764313736,0.647045004371535,0.6081828045054541,0.6011850879442873
-0.39799999999999996,0.9325792656110865,0.6474135607105701,0.6085227259311584,0.6015200615521392
-0.39749999999999996,0.9331315433766535,0.6477823964464531,0.6088628889533562,0.6018552708013132
-0.39699999999999996,0.9336840086976098,0.6481515119709608,0.6092032938664118,0.6021907159722489
-0.39649999999999996,0.9342366605400066,0.648520907677543,0.6095439409652679,0.6025263973460223
-0.39599999999999996,0.9347894978629119,0.6488905839608038,0.6098848305450845,0.6028623152043472
-0.39549999999999996,0.9353425196218936,0.6492605412157627,0.6102259629023369,0.603198469829579
-0.39499999999999996,0.9358957247655061,0.6496307798394323,0.6105673383339975,0.6035348615047151
-0.39449999999999996,0.9364491122387886,0.6500013002294621,0.6109089571373124,0.6038714905133993
-0.39399999999999996,0.9370026809797356,0.6503721027843631,0.6112508196108849,0.604208357139922
-0.39349999999999996,0.9375564299228113,0.6507431879045741,0.611592926053738,0.6045454616692246
-0.39299999999999996,0.9381103579954048,0.6511145559908522,0.6119352767652374,0.6048828043869005
-0.39249999999999996,0.9386644641213595,0.6514862074453925,0.6122778720461297,0.6052203855791978
-0.39199999999999996,0.9392187472174139,0.6518581426719156,0.6126207121975108,0.6055582055330216
-0.39149999999999996,0.9397732061967453,0.6522303620744406,0.6129637975208985,0.6058962645359373
-0.391,0.9403278399653958,0.6526028660589117,0.6133071283191982,0.6062345628761716
-0.39049999999999996,0.9408826474258319,0.6529756550322461,0.6136507048956029,0.6065731008426158
-0.39,0.9414376274733541,0.6533487294019545,0.6139945275538151,0.6069118787248281
-0.38949999999999996,0.9419927789996733,0.6537220895776577,0.6143385965989153,0.6072508968130361
-0.389,0.9425481008893041,0.6540957359694671,0.6146829123362164,0.6075901553981388
-0.38849999999999996,0.9431035920231569,0.6544696689886415,0.6150274750716399,0.60792965477171
-0.388,0.9436592512749163,0.6548438890483126,0.6153722851124562,0.6082693952259995
-0.38749999999999996,0.9442150775146478,0.655218396561899,0.6157173427661252,0.6086093770539368
-0.387,0.9447710696051622,0.6555931919445543,0.6160626483408177,0.6089496005491329
-0.38649999999999995,0.9453272264056362,0.6559682756127978,0.6164082021460124,0.6092900660058835
-0.386,0.9458835467679625,0.6563436479835469,0.6167540044913419,0.6096307737191704
-0.38549999999999995,0.9464400295403856,0.6567193094758622,0.6171000556872585,0.6099717239846651
-0.385,0.9469966735638372,0.6570952605095913,0.6174463560454655,0.610312917098731
-0.38449999999999995,0.9475534776755862,0.6574715015054191,0.6177929058777973,0.6106543533584258
-0.384,0.9481104407055598,0.6578480328861834,0.618139705497017,0.6109960330615044
-0.38349999999999995,0.9486675614800085,0.6582248550751084,0.6184867552170723,0.6113379565064213
-0.383,0.9492248388178127,0.6586019684968795,0.6188340553520277,0.6116801239923331
-0.38249999999999995,0.9497822715341615,0.6589793735779467,0.619181606216987,0.6120225358191017
-0.382,0.9503398584368461,0.6593570707450667,0.619529408128161,0.6123651922872961
-0.38149999999999995,0.9508975983299521,0.6597350604270235,0.6198774614018756,0.6127080936981956
-0.381,0.9514554900101394,0.6601133430537769,0.6202257663556028,0.6130512403537928
-0.38049999999999995,0.9520135322703482,0.6604919190558528,0.6205743233078377,0.6133946325567949
-0.38,0.9525717238960657,0.6608707888660844,0.6209231325771986,0.6137382706106281
-0.37949999999999995,0.953130063669045,0.6612499529179197,0.6212721944835541,0.6140821548194395
-0.379,0.9536885503635588,0.6616294116459426,0.621621509347704,0.6144262854880993
-0.37849999999999995,0.9542471827501326,0.6620091654868641,0.6219710774905927,0.6147706629222048
-0.378,0.9548059595917838,0.6623892148777231,0.6223208992345111,0.6151152874280816
-0.37749999999999995,0.9553648796477692,0.6627695602573523,0.6226709749025868,0.6154601593127883
-0.377,0.9559239416698103,0.6631502020661926,0.6230213048181242,0.6158052788841172
-0.37649999999999995,0.9564831444058548,0.6635311407450731,0.6233718893058622,0.6161506464505985
-0.376,0.9570424865962885,0.6639123767371167,0.6237227286912788,0.6164962623215027
-0.37549999999999994,0.95760196697771,0.664293910486418,0.6240738233000754,0.6168421268068435
-0.375,0.9581615842791293,0.6646757424378786,0.6244251734594617,0.6171882402173798
-0.37449999999999994,0.9587213372257566,0.6650578730387986,0.6247767794972918,0.6175346028646207
-0.374,0.9592812245351872,0.665440302736954,0.6251286417417002,0.6178812150608257
-0.37349999999999994,0.9598412449212029,0.6658230319815996,0.6254807605223917,0.6182280771190094
-0.373,0.9604013970899455,0.6662060612240254,0.6258331361696206,0.6185751893529436
-0.37249999999999994,0.9609616797437307,0.6665893909158457,0.6261857690139945,0.6189225520771606
-0.372,0.9615220915772077,0.6669730215108051,0.6265386593877337,0.6192701656069561
-0.37149999999999994,0.9620826312811872,0.6673569534640598,0.6268918076235208,0.6196180302583921
-0.371,0.9626432975387886,0.6677411872313085,0.627245214054476,0.6199661463482988
-0.37049999999999994,0.96320408902928,0.6681257232707635,0.6275988790153559,0.6203145141942802
-0.37,0.9637650044242125,0.6685105620414056,0.6279528028412986,0.6206631341147136
-0.36949999999999994,0.9643260423912745,0.6688957040033371,0.6283069858679793,0.621012006428756
-0.369,0.9648872015904124,0.6692811496190653,0.6286614284327096,0.6213611314563449
-0.36849999999999994,0.9654484806776972,0.6696668993514875,0.6290161308731137,0.6217105095182017
-0.368,0.9660098783014341,0.6700529536653482,0.6293710935274617,0.6220601409358355
-0.36749999999999994,0.9665713931060406,0.6704393130272779,0.6297263167356416,0.6224100260315458
-0.367,0.9671330237281441,0.6708259779042933,0.6300818008377936,0.6227601651284249
-0.36649999999999994,0.9676947688004727,0.6712129487658602,0.6304375461748243,0.6231105585503623
-0.366,0.9682566269479406,0.6716002260826347,0.6307935530892177,0.6234612066220465
-0.36549999999999994,0.9688185967915507,0.6719878103260513,0.6311498219236643,0.6238121096689693
-0.365,0.969380676944469,0.6723757019702038,0.6315063530217447,0.6241632680174278
-0.36449999999999994,0.9699428660159384,0.6727639014897819,0.6318631467285625,0.624514681994529
-0.364,0.9705051626073414,0.6731524093609647,0.6322202033893912,0.6248663519281911
-0.36349999999999993,0.9710675653161267,0.6735412260622698,0.6325775233505246,0.6252182781471486
-0.363,0.9716300727318596,0.6739303520725737,0.6329351069597087,0.6255704609809543
-0.36249999999999993,0.97219268344016,0.6743197878729835,0.6332929545648365,0.6259229007599829
-0.362,0.9727553960187425,0.6747095339462935,0.633651066514951,0.6262755978154346
-0.36149999999999993,0.9733182090413648,0.6750995907758216,0.6340094431604658,0.6266285524793376
-0.361,0.9738811210738576,0.6754899588476138,0.6343680848519293,0.6269817650845517
-0.36049999999999993,0.9744441306780838,0.675880638648678,0.6347269919411719,0.6273352359647725
-0.36,0.9750072364079575,0.6762716306671208,0.6350861647812985,0.6276889654545329
-0.3595,0.9755704368134142,0.6766629353937634,0.6354456037255526,0.6280429538892085
-0.359,0.9761337304364192,0.6770545533199004,0.635805309128586,0.6283972016050191
-0.3585,0.9766971158149489,0.6774464849387234,0.6361652813462229,0.6287517089390334
-0.358,0.977260591478989,0.6778387307456277,0.6365255207344411,0.6291064762291722
-0.3575,0.977824155954525,0.678231291236404,0.6368860276507485,0.6294615038142105
-0.357,0.9783878077595317,0.6786241669094498,0.6372468024537158,0.6298167920337828
-0.3565,0.9789515454079736,0.6790173582646152,0.6376078455020978,0.6301723412283858
-0.356,0.9795153674057842,0.6794108658024999,0.637969157156291,0.6305281517393814
-0.3555,0.9800792722548765,0.6798046900266418,0.6383307377776414,0.6308842239090005
-0.355,0.9806432584491132,0.6801988314413306,0.6386925877277246,0.6312405580803468
-0.3545,0.9812073244783266,0.6805932905523479,0.6390547073698573,0.6315971545974004
-0.354,0.9817714688242789,0.6809880678681575,0.6394170970681915,0.6319540138050205
-0.3535,0.9823356899646928,0.6813831638976333,0.6397797571871686,0.6323111360489498
-0.353,0.982899986369202,0.6817785791519799,0.6401426880930557,0.6326685216758179
-0.3525,0.9834643565033908,0.682174314144409,0.640505890152843,0.633026171033145
-0.352,0.9840287988247366,0.6825703693886455,0.6408693637338846,0.6333840844693442
-0.3515,0.9845933117866579,0.6829667454013665,0.6412331092054273,0.6337422623337282
-0.351,0.9851578938344477,0.6833634427004462,0.6415971269373315,0.6341007049765095
-0.3505,0.9857225434093322,0.6837604618048334,0.6419614172999145,0.6344594127488062
-0.35,0.9862872589443938,0.6841578032365301,0.6423259806654292,0.6348183860026455
-0.3495,0.9868520388686391,0.6845554675181259,0.6426908174066416,0.6351776250909664
-0.349,0.987416881602914,0.6849534551741507,0.6430559278968827,0.6355371303676246
-0.3485,0.9879817855639801,0.6853517667317035,0.6434213125114381,0.6358969021873958
-0.348,0.9885467491604213,0.6857504027183011,0.643786971626015,0.6362569409059791
-0.3475,0.9891117707967286,0.6861493636642294,0.6441529056170103,0.6366172468800017
-0.347,0.9896768488691999,0.6865486501015365,0.6445191148627674,0.636977820467022
-0.3465,0.9902419817700315,0.6869482625629962,0.6448855997419742,0.6373386620255338
-0.346,0.99080716788321,0.687348201584618,0.6452523606341439,0.6376997719149697
-0.3455,0.9913724055886132,0.6877484677033613,0.6456193979207052,0.6380611504957062
-0.345,0.9919376932578943,0.6881490614576741,0.6459867119833664,0.6384227981290658
-0.3445,0.9925030292585891,0.6885499833890719,0.6463543032048068,0.6387847151773227
-0.344,0.993068411949994,0.6889512340395578,0.6467221719695686,0.6391469020037055
-0.34349999999999997,0.9936338396872813,0.6893528139535611,0.6470903186624228,0.639509358972402
-0.34299999999999997,0.994199310817368,0.6897547236778933,0.6474587436692637,0.639872086448563
-0.34249999999999997,0.9947648236830412,0.6901569637598773,0.6478274473777765,0.6402350847983056
-0.34199999999999997,0.9953303766188182,0.6905595347500225,0.6481964301758387,0.6405983543887187
-0.34149999999999997,0.9958959679550787,0.6909624372003246,0.6485656924526074,0.6409618955878658
-0.34099999999999997,0.9964615960139201,0.6913656716638252,0.6489352345989422,0.6413257087647894
-0.34049999999999997,0.9970272591132954,0.6917692386969914,0.6493050570058722,0.6416897942895159
-0.33999999999999997,0.9975929555628613,0.692173138857031,0.6496751600658645,0.6420541525330585
-0.33949999999999997,0.9981586836681243,0.6925773727031284,0.650045544172985,0.6424187838674225
-0.33899999999999997,0.9987244417262824,0.6929819407974549,0.6504162097214619,0.6427836886656088
-0.33849999999999997,0.9992902280303763,0.6933868437026433,0.6507871571071185,0.6431488673016182
-0.33799999999999997,0.9998560408651267,0.6937920819842579,0.6511583867272606,0.6435143201504562
-0.33749999999999997,1.000421878511091,0.6941976562099965,0.6515298989793651,0.6438800475881364
-0.33699999999999997,1.0009877392404951,0.6946035669482619,0.6519016942626558,0.6442460499916856
-0.33649999999999997,1.0015536213213958,0.695009814771011,0.6522737729777132,0.6446123277391475
-0.33599999999999997,1.002119523013507,0.6954164002514014,0.6526461355253154,0.6449788812095874
-0.33549999999999996,1.0026854425723684,0.6958233239640695,0.6530187823081295,0.6453457107830964
-0.33499999999999996,1.0032513782451664,0.6962305864871524,0.6533917137300477,0.6457128168407962
-0.33449999999999996,1.0038173282749085,0.6966381883993831,0.6537649301952024,0.6460801997648428
-0.33399999999999996,1.0043832908962376,0.6970461302820147,0.6541384321097466,0.6464478599384316
-0.33349999999999996,1.0049492643396127,0.6974544127191185,0.6545122198809222,0.6468157977458013
-0.33299999999999996,1.005515246827121,0.6978630362952899,0.6548862939162722,0.6471840135722393
-0.33249999999999996,1.0060812365766594,0.6982720015985567,0.6552606546254753,0.6475525078040848
-0.33199999999999996,1.0066472317977442,0.6986813092187831,0.6556353024191633,0.647921280828735
-0.33149999999999996,1.0072132306956973,0.6990909597468516,0.6560102377083483,0.6482903330346484
-0.33099999999999996,1.0077792314674507,0.6995009537774772,0.6563854609062739,0.6486596648113502
-0.33049999999999996,1.0083452323057398,0.6999112919063168,0.6567609724270027,0.6490292765494361
-0.32999999999999996,1.0089112313949016,0.700321974731034,0.6571367726850774,0.6493991686405779
-0.32949999999999996,1.0094772269150718,0.7007330028527581,0.6575128620973432,0.6497693414775275
-0.32899999999999996,1.0100432170379807,0.7011443768731477,0.6578892410813371,0.6501397954541221
-0.32849999999999996,1.010609199931154,0.701556097396961,0.6582659100551955,0.6505105309652885
-0.32799999999999996,1.011175173753706,0.7019681650315276,0.6586428694394011,0.6508815484070481
-0.32749999999999996,1.0117411366605433,0.7023805803848717,0.6590201196550106,0.6512528481765222
-0.32699999999999996,1.0123070867981534,0.7027933440689116,0.6593976611238195,0.6516244306719353
-0.32649999999999996,1.0128730223088136,0.703206456697081,0.6597754942699814,0.6519962962926218
-0.32599999999999996,1.013438941326378,0.7036199188842769,0.6601536195181217,0.6523684454390296
-0.32549999999999996,1.0140048419804866,0.7040337312493837,0.66053203729376,0.6527408785127258
-0.32499999999999996,1.0145707223923515,0.7044478944120313,0.6609107480247561,0.6531135959164007
-0.32449999999999996,1.0151365806789687,0.7048624089944603,0.6612897521393538,0.6534865980538744
-0.32399999999999995,1.0157024149489016,0.705277275622238,0.6616690500668616,0.6538598853300998
-0.32349999999999995,1.0162682233064955,0.7056924949214871,0.6620486422388817,0.6542334581511692
-0.32299999999999995,1.0168340038476598,0.7061080675220216,0.6624285290873296,0.6546073169243185
-0.32249999999999995,1.0173997546640834,0.7065239940559156,0.6628087110453653,0.6549814620579327
-0.32199999999999995,1.0179654738390163,0.7069402751562376,0.6631891885483725,0.6553558939615506
-0.32149999999999995,1.0185311594514876,0.7073569114603333,0.6635699620319923,0.6557306130458711
-0.32099999999999995,1.0190968095720836,0.7077739036067524,0.663951031933299,0.6561056197227565
-0.32049999999999995,1.0196624222671693,0.7081912522360747,0.6643323986914974,0.6564809144052394
-0.31999999999999995,1.0202279955946651,0.7086089579928956,0.6647140627460117,0.6568564975075274
-0.31949999999999995,1.0207935276082687,0.7090270215224392,0.6650960245378921,0.6572323694450077
-0.31899999999999995,1.021359016353233,0.7094454434732023,0.6654782845102056,0.6576085306342538
-0.31849999999999995,1.0219244598705868,0.7098642244967719,0.6658608431062191,0.6579849814930292
-0.31799999999999995,1.0224898561929134,0.7102833652454331,0.6662437007710184,0.6583617224402943
-0.31749999999999995,1.0230552033485725,0.7107028663757301,0.6666268579515766,0.6587387538962113
-0.31699999999999995,1.0236204993574785,0.711122728546114,0.6670103150950654,0.6591160762821486
-0.31649999999999995,1.0241857422353218,0.7115429524164797,0.6673940726506653,0.659493690020688
-0.31599999999999995,1.024750929989348,0.7119635386512574,0.6677781310693003,0.6598715955356296
-0.31549999999999995,1.02531606062258,0.7123844879158243,0.6681624908021115,0.6602497932519958
-0.31499999999999995,1.0258811321295966,0.7128058008782553,0.6685471523024323,0.66062828359604
-0.31449999999999995,1.0264461425007547,0.7132274782105461,0.6689321160251839,0.6610070669952492
-0.31399999999999995,1.0270110897179698,0.7136495205853054,0.6693173824255452,0.6613861438783513
-0.31349999999999995,1.0275759717589357,0.714071928679105,0.6697029519610572,0.6617655146753207
-0.31299999999999994,1.0281407865929086,0.7144947031712903,0.6700888250906886,0.6621451798173829
-0.31249999999999994,1.028705532184924,0.7149178447421844,0.6704750022737256,0.662525139737022
-0.31199999999999994,1.0292702064915824,0.7153413540768738,0.6708614839719725,0.662905394867985
-0.3115,1.0298348074652666,0.7157652318619883,0.6712482706484955,0.6632859456452883
-0.311,1.0303993330499277,0.7161894787862026,0.6716353627667622,0.6636667925052236
-0.3105,1.0309637811853019,0.7166140955428402,0.6720227607928919,0.6640479358853635
-0.31,1.0315281498026982,0.7170390828259967,0.6724104651941023,0.6644293762245678
-0.3095,1.032092436829213,0.7174644413332156,0.672798476438119,0.664811113962989
-0.309,1.032656640183521,0.7178901717657494,0.6731867949954274,0.6651931495420789
-0.3085,1.0332207577800878,0.7183162748255689,0.6735754213374516,0.665575483404594
-0.308,1.0337847875249626,0.7187427512192985,0.6739643559362553,0.6659581159946024
-0.3075,1.034348727319989,0.7191696016559546,0.6743535992667384,0.6663410477574893
-0.307,1.0349125750586017,0.7195968268459778,0.6747431518045903,0.666724279139963
-0.3065,1.0354763286300326,0.7200244275049583,0.6751330140262946,0.6671078105900621
-0.306,1.0360399859151124,0.7204524043497038,0.6755231864112139,0.6674916425571605
-0.3055,1.0366035447904736,0.7208807580998027,0.6759136694393625,0.6678757754919746
-0.305,1.0371670031243552,0.7213094894794592,0.6763044635917297,0.6682602098465696
-0.3045,1.0377303587808024,0.7217385992135816,0.6766955693521862,0.668644946074365
-0.304,1.0382936096154762,0.722168088031331,0.6770869872051367,0.6690299846301418
-0.3035,1.0388567534798483,0.7225979566652619,0.6774787176361593,0.669415325970049
-0.303,1.0394197882170164,0.7230282058489025,0.6778707611336816,0.6698009705516097
-0.3025,1.0399827116658933,0.723458836321077,0.6782631181865654,0.6701869188337278
-0.302,1.0405455216570285,0.7238898488225878,0.678655789285061,0.6705731712766944
-0.3015,1.0411082160167926,0.7243212440962924,0.6790487749222032,0.6709597283421946
-0.301,1.0416707925632032,0.7247530228904225,0.6794420755913808,0.6713465904933145
-0.3005,1.0422332491101058,0.7251851859541849,0.6798356917875991,0.6717337581945473
-0.3,1.042795583463005,0.7256177340404126,0.6802296240085516,0.6721212319118002
-0.2995,1.0433577934232388,0.7260506679063842,0.6806238727522279,0.6725090121124011
-0.299,1.0439198767838171,0.7264839883101432,0.6810184385184685,0.6728970992651062
-0.2985,1.0444818313335902,0.7269176960148133,0.6814133218096817,0.6732854938401059
-0.298,1.045043654853094,0.7273517917865098,0.6818085231285328,0.6736741963090325
-0.2975,1.0456053451187113,0.7277862763927576,0.6822040429797784,0.6740632071449658
-0.297,1.046166899898525,0.7282211506069187,0.6825998818705974,0.6744525268224426
-0.2965,1.0467283169564727,0.7286564152039341,0.6829960403084109,0.6748421558174613
-0.296,1.047289594048207,0.7290920709616017,0.6833925188029704,0.67523209460749
-0.2955,1.0478507289252426,0.7295281186631515,0.6837893178662845,0.6756223436714741
-0.295,1.0484117193308256,0.7299645590926558,0.6841864380106132,0.6760129034898428
-0.2945,1.0489725630040718,0.730401393038745,0.6845838797507798,0.6764037745445165
-0.294,1.049533257675846,0.7308386212941954,0.6849816436036846,0.6767949573189146
-0.2935,1.0500938010728909,0.7312762446527696,0.6853797300865129,0.6771864522979623
-0.293,1.0506541909137148,0.7317142639141151,0.6857781397192355,0.6775782599680975
-0.2925,1.0512144249127144,0.7321526798804097,0.686176873023709,0.6779703808172801
-0.292,1.05177450077607,0.7325914933558917,0.6865759305221332,0.6783628153349973
-0.2915,1.0523344162058583,0.7330307051510099,0.6869753127397017,0.6787555640122727
-0.291,1.0528941688959603,0.7334703160774666,0.6873750202032936,0.679148627341673
-0.2905,1.0534537565361628,0.7339103269507725,0.6877750534402175,0.6795420058173163
-0.29,1.0540131768080763,0.7343507385917633,0.6881754129809621,0.6799356999348792
-0.2895,1.0545724273892279,0.7347915518221205,0.6885760993574985,0.6803297101916052
-0.289,1.0551315059489892,0.7352327674690707,0.6889771131023427,0.6807240370863119
-0.2885,1.0556904101526592,0.735674386363572,0.689378454751348,0.6811186811193989
-0.288,1.056249137657402,0.7361164093379873,0.6897801248416512,0.6815136427928563
-0.2875,1.0568076861163205,0.7365588372312881,0.6901821239110767,0.6819089226102724
-0.287,1.0573660531744062,0.737001670884501,0.6905844525009116,0.6823045210768411
-0.2865,1.0579242364726007,0.7374449111415813,0.6909871111535333,0.6827004386993707
-0.286,1.0584822336437563,0.737888558852875,0.6913901004121821,0.683096675986292
-0.2855,1.0590400423166877,0.73833261486977,0.6917934208236443,0.6834932334476658
-0.285,1.0595976601121448,0.7387770800485377,0.6921970729356167,0.6838901115951921
-0.2845,1.0601550846468528,0.7392219552505082,0.6926010572968666,0.6842873109422177
-0.284,1.060712313529496,0.7396672413380352,0.6930053744597431,0.6846848320037449
-0.2835,1.061269344364747,0.7401129391800094,0.6934100249773467,0.6850826752964393
-0.283,1.0618261747492643,0.7405590496485508,0.6938150094040818,0.6854808413386395
-0.2825,1.0623828022757063,0.7410055736178452,0.6942203282979263,0.6858793306503643
-0.282,1.0629392245287457,0.7414525119692501,0.6946259822174717,0.6862781437533221
-0.2815,1.0634954390890679,0.7418998655857565,0.6950319717228707,0.6866772811709192
-0.28099999999999997,1.0640514435293997,0.7423476353543483,0.6954382973777975,0.6870767434282685
-0.28049999999999997,1.064607235418496,0.7427958221683861,0.6958449597464257,0.6874765310521987
-0.27999999999999997,1.0651628123171801,0.743244426922206,0.6962519593947668,0.6878766445712625
-0.27949999999999997,1.0657181717823185,0.7436934505161944,0.6966592968922616,0.6882770845157459
-0.27899999999999997,1.0662733113628768,0.744142893855384,0.6970669728087613,0.688677851417677
-0.27849999999999997,1.0668282286038768,0.7445927578462237,0.697474987716245,0.6890789458108353
-0.27799999999999997,1.0673829210424701,0.7450430434026378,0.697883342189994,0.6894803682307599
-0.27749999999999997,1.067937386211881,0.7454937514412286,0.698292036805636,0.6898821192147598
-0.27699999999999997,1.0684916216374938,0.7459448828815936,0.6987010721412267,0.6902841993019225
-0.27649999999999997,1.069045624840781,0.7463964386508469,0.6991104487779632,0.6906866090331233
-0.27599999999999997,1.069599393335408,0.74684841967743,0.6995201672973543,0.6910893489510341
-0.27549999999999997,1.070152924631145,0.7473008268950105,0.6999302282836388,0.6914924196001349
-0.27499999999999997,1.0707062162299872,0.7477536612434253,0.7003406323240097,0.6918958215267197
-0.27449999999999997,1.071259265630051,0.7482069236636071,0.7007513800059642,0.6922995552789096
-0.27399999999999997,1.0718120703217127,0.7486606151037487,0.7011624719200308,0.6927036214066605
-0.27349999999999997,1.0723646277914867,0.7491147365161546,0.7015739086594808,0.6931080204617727
-0.27299999999999996,1.0729169355181822,0.7495692888552051,0.7019856908179131,0.6935127529979015
-0.27249999999999996,1.0734689909767643,0.7500242730835542,0.7023978189922495,0.6939178195705668
-0.27199999999999996,1.0740207916345272,0.7504796901660048,0.7028102937819263,0.6943232207371619
-0.27149999999999996,1.0745723349549408,0.7509355410715386,0.7032231157867612,0.6947289570569656
-0.27099999999999996,1.0751236183938406,0.7513918267767693,0.7036362856101731,0.6951350290911498
-0.27049999999999996,1.0756746394032557,0.7518485482594852,0.7040498038578524,0.6955414374027913
-0.26999999999999996,1.0762253954276186,0.7523057065040726,0.7044636711359586,0.6959481825568814
-0.26949999999999996,1.0767758839075747,0.7527633025006948,0.7048778880545084,0.696355265120336
-0.26899999999999996,1.0773261022762106,0.753221337240966,0.7052924552255396,0.6967626856620062
-0.26849999999999996,1.0778760479628462,0.7536798117249507,0.7057073732616823,0.6971704447526887
-0.26799999999999996,1.078425718389282,0.7541387269562009,0.7061226427796494,0.6975785429651356
-0.26749999999999996,1.078975110973571,0.7545980839413251,0.7065382643979239,0.6979869808740661
-0.26699999999999996,1.0795242231262885,0.7550578836957695,0.7069542387357395,0.6983957590561761
-0.26649999999999996,1.0800730522542807,0.7555181272367063,0.7073705664166026,0.6988048780901494
-0.26599999999999996,1.0806215957569596,0.7559788155868957,0.7077872480655425,0.6992143385566685
-0.26549999999999996,1.0811698510300287,0.7564399497766132,0.7082042843085365,0.6996241410384253
-0.26499999999999996,1.0817178154617977,0.7569015308373547,0.7086216757759786,0.7000342861201316
-0.26449999999999996,1.0822654864368908,0.7573635598086761,0.7090394230995499,0.7004447743885314
-0.26399999999999996,1.0828128613325825,0.7578260377353535,0.7094575269121174,0.7008556064324104
-0.26349999999999996,1.0833599375224825,0.7582889656642635,0.7098759878510535,0.7012667828426085
-0.26299999999999996,1.0839067123728943,0.7587523446518112,0.7102948065548024,0.7016783042120303
-0.26249999999999996,1.0844531832464797,0.7592161757572469,0.7107139836632705,0.7020901711356565
-0.26199999999999996,1.0849993474986408,0.7596804600441792,0.7111335198209,0.7025023842105558
-0.26149999999999995,1.085545202481159,0.7601451985853506,0.7115534156730143,0.7029149440358959
-0.26099999999999995,1.0860907455386024,0.760610392454967,0.71197367186671,0.7033278512129556
-0.26049999999999995,1.0866359740119433,0.7610760427344246,0.7123942890535929,0.7037411063451359
-0.25999999999999995,1.0871808852349862,0.7615421505122906,0.7128152678859874,0.7041547100379721
-0.25949999999999995,1.087725476537964,0.762008716878651,0.7132366090183309,0.704568662899146
-0.25899999999999995,1.08826974524399,0.7624757429331379,0.7136583131094894,0.7049829655384972
-0.25849999999999995,1.0888136886726307,0.7629432297799122,0.7140803808189164,0.7053976185680354
-0.25799999999999995,1.0893573041363813,0.7634111785262505,0.7145028128085394,0.7058126226019528
-0.25749999999999995,1.0899005889442153,0.7638795902898069,0.7149256097445865,0.7062279782566361
-0.25699999999999995,1.0904435403980857,0.7643484661905157,0.7153487722937728,0.7066436861506787
-0.25649999999999995,1.090986155796448,0.7648178073542695,0.7157723011256654,0.7070597469048934
-0.25599999999999995,1.0915284324307886,0.765287614916111,0.7161961969139594,0.7074761611423249
-0.25549999999999995,1.0920703675891228,0.7657578900124937,0.7166204603327703,0.7078929294882618
-0.25499999999999995,1.0926119585525478,0.7662286337888135,0.7170450920594535,0.7083100525702504
-0.25449999999999995,1.093153202598717,0.7666998473970729,0.7174700927752807,0.7087275310181063
-0.25399999999999995,1.0936940969984186,0.767171531991419,0.7178954631619122,0.7091453654639284
-0.25349999999999995,1.094234639019023,0.7676436887369539,0.7183212039046399,0.7095635565421108
-0.25299999999999995,1.09477482592109,0.7681163188025462,0.7187473156924256,0.7099821048893571
-0.25249999999999995,1.0953146549617885,0.768589423361596,0.7191737992146257,0.7104010111446928
-0.25199999999999995,1.095854123391533,0.7690630035984186,0.7196006551646146,0.7108202759494782
-0.25149999999999995,1.096393228457374,0.7695370606992068,0.7200278842391631,0.7112398999474234
-0.25099999999999995,1.0969319673996634,0.7700115958579732,0.7204554871354818,0.7116598837845998
-0.25049999999999994,1.0974703374554176,0.7704866102776112,0.7208834645551729,0.7120802281094556
-0.24999999999999994,1.0980083358550117,0.7709621051626505,0.7213118172029392,0.712500933572828
-0.24949999999999994,1.098545959825514,0.7714380817283858,0.7217405457840105,0.7129220008279576
-0.24899999999999994,1.0990832065874094,0.7719145411959688,0.7221696510083598,0.7133434305305031
-0.24849999999999994,1.0996200733579058,0.7723914847897267,0.722599133588751,0.7137652233385541
-0.248,1.100156557347686,0.7728689137461423,0.7230289942386048,0.7141873799126458
-0.2475,1.1006926557641858,0.7733468293047344,0.7234592336764074,0.7146099009157734
-0.247,1.1012283658083768,0.773825232711352,0.7238898526231173,0.7150327870134066
-0.2465,1.101763684678013,0.7743041252229577,0.7243208518005255,0.7154560388735034
-0.246,1.1022986095644454,0.7747835080982145,0.7247522319357713,0.7158796571665254
-0.2455,1.1028331376558387,0.7752633826056781,0.7251839937581472,0.7163036425654524
-0.245,1.1033672661340161,0.7757437500222373,0.7256161379980031,0.7167279957457969
-0.2445,1.1039009921776466,0.7762246116269957,0.7260486653912676,0.7171527173856197
-0.244,1.10443431295912,0.7767059687116142,0.7264815766757127,0.717577808165544
-0.2435,1.1049672256477039,0.7771878225727248,0.7269148725904434,0.7180032687687716
-0.243,1.1054997274064515,0.7776701745116487,0.7273485538803126,0.7184290998810979
-0.2425,1.1060318153953255,0.77815302584271,0.7277826212917231,0.718855302190927
-0.242,1.1065634867681398,0.7786363778826936,0.72821707557274,0.7192818763892876
-0.2415,1.10709473867565,0.7791202319568528,0.7286519174772716,0.7197088231698489
-0.241,1.1076255682625302,0.7796045894014001,0.7290871477605119,0.7201361432289357
-0.2405,1.1081559726704286,0.7800894515543676,0.7295227671796949,0.7205638372655456
-0.24,1.1086859490349787,0.7805748197658858,0.7299587764979176,0.7209919059813636
-0.2395,1.1092154944888235,0.7810606953936149,0.7303951764793325,0.7214203500807792
-0.239,1.1097446061586589,0.7815470797984566,0.7308319678905529,0.721849170270903
-0.2385,1.110273281168224,0.7820339743554794,0.731269151504003,0.7222783672615823
-0.238,1.110801516635381,0.7825213804438068,0.7317067280929686,0.7227079417654186
-0.2375,1.11132930967507,0.7830092994492459,0.732144698433653,0.7231378944977834
-0.237,1.1118566573964237,0.7834977327710424,0.7325830633079511,0.7235682261768364
-0.2365,1.1123835569056892,0.7839866818105626,0.7330218234984656,0.7239989375235412
-0.236,1.1129100053033774,0.784476147980064,0.7334609797911997,0.7244300292616833
-0.2355,1.1134359996871486,0.7849661327022515,0.7339005329776692,0.7248615021178874
-0.235,1.113961537149,0.7854566374021543,0.7343404838499841,0.7252933568216343
-0.2345,1.114486614778115,0.7859476635191188,0.7347808332041595,0.725725594105279
-0.23399999999999999,1.1150112296580865,0.7864392124990074,0.7352215818414864,0.7261582147040683
-0.23349999999999999,1.115535378869731,0.7869312857925047,0.7356627305637824,0.7265912193561587
-0.23299999999999998,1.1160590594883495,0.7874238848656937,0.7361042801772848,0.7270246088026346
-0.23249999999999998,1.1165822685865021,0.7879170111879175,0.7365462314932223,0.7274583837875268
-0.23199999999999998,1.1171050032313103,0.7884106662376258,0.7369885853233278,0.7278925450578292
-0.23149999999999998,1.1176272604871942,0.7889048515067052,0.7374313424842721,0.72832709336352
-0.23099999999999998,1.1181490374132086,0.7893995684891366,0.7378745037973894,0.7287620294575777
-0.23049999999999998,1.1186703310657473,0.7898948186924101,0.7383180700845463,0.7291973540960024
-0.22999999999999998,1.1191911384959163,0.7903906036336094,0.7387620421730566,0.7296330680378325
-0.22949999999999998,1.1197114567521993,0.7908869248331362,0.7392064208945357,0.7300691720451654
-0.22899999999999998,1.1202312828778707,0.7913837838277695,0.7396512070812115,0.7305056668831765
-0.22849999999999998,1.1207506139136216,0.7918811821596826,0.7400964015712498,0.7309425533201382
-0.22799999999999998,1.1212694468950148,0.7923791213780349,0.7405420052067294,0.7313798321274401
-0.22749999999999998,1.1217877788550692,0.7928776030481113,0.7409880188304784,0.7318175040796081
-0.22699999999999998,1.1223056068217547,0.793376628737904,0.741434443291722,0.7322555699543255
-0.22649999999999998,1.1228229278205393,0.7938762000272933,0.741881279443193,0.7326940305324522
-0.22599999999999998,1.1233397388719244,0.7943763185091354,0.7423285281385683,0.7331328865980457
-0.22549999999999998,1.1238560369939492,0.7948769857787709,0.7427761902383391,0.7335721389383806
-0.22499999999999998,1.1243718191997687,0.7953782034477191,0.74322426660609,0.7340117883439707
-0.22449999999999998,1.1248870825001178,0.7958799731359418,0.743672758106608,0.7344518356085888
-0.22399999999999998,1.1254018239009316,0.7963822964683172,0.7441216656118543,0.7348922815292882
-0.22349999999999998,1.125916040405766,0.7968851750877705,0.7445709899964721,0.7353331269064236
-0.22299999999999998,1.126429729013463,0.7973886106415545,0.7450207321366309,0.735774372543673
-0.22249999999999998,1.1269428867205271,0.7978926047865996,0.7454708929159639,0.7362160192480591
-0.22199999999999998,1.1274555105188346,0.7983971591961332,0.7459214732203886,0.7366580678299709
-0.22149999999999997,1.1279675973979688,0.7989022755458718,0.7463724739377429,0.7371005191031864
-0.22099999999999997,1.1284791443429698,0.7994079555264455,0.7468238959635308,0.7375433738848932
-0.22049999999999997,1.1289901483366287,0.7999142008405502,0.7472757401951694,0.737986632995713
-0.21999999999999997,1.1295006063572826,0.8004210131942818,0.747728007532462,0.7384302972597225
-0.21949999999999997,1.1300105153810625,0.8009283943124339,0.7481806988829817,0.7388743675044774
-0.21899999999999997,1.1305198723797334,0.8014363459268843,0.7486338151558826,0.7393188445610344
-0.21849999999999997,1.131028674322901,0.8019448697767088,0.7490873572632357,0.7397637292639745
-0.21799999999999997,1.1315369181758934,0.802453967620077,0.7495413261248853,0.7402090224514276
-0.21749999999999997,1.1320446009019247,0.8029636412186578,0.749995722661973,0.7406547249650947
-0.21699999999999997,1.132551719460023,0.8034738923469082,0.7504505477991414,0.741100837650272
-0.21649999999999997,1.1330582708071464,0.8039847227951658,0.7509058024687173,0.7415473613558758
-0.21599999999999997,1.1335642518961606,0.8044961343564777,0.7513614876040902,0.7419942969344663
-0.21549999999999997,1.1340696596779072,0.8050081288419015,0.7518176041427805,0.742441645242271
-0.21499999999999997,1.1345744910992273,0.8055207080732407,0.752274153029818,0.7428894071392113
-0.21449999999999997,1.1350787431049842,0.8060338738772568,0.7527311352111121,0.7433375834889259
-0.21399999999999997,1.1355824126361371,0.8065476281015016,0.7531885516373698,0.7437861751587974
-0.21349999999999997,1.1360854966317127,0.8070619725992237,0.7536464032665522,0.7442351830199757
-0.21299999999999997,1.1365879920269277,0.8075769092337624,0.7541046910573735,0.7446846079474055
-0.21249999999999997,1.137089895755116,0.8080924398878833,0.7545634159740376,0.7451344508198516
-0.21199999999999997,1.1375912047458956,0.8086085664473724,0.7550225789876751,0.7455847125199243
-0.21149999999999997,1.138091915927051,0.809125290814182,0.7554821810701029,0.7460353939341067
-0.21099999999999997,1.1385920262227478,0.8096426149051362,0.7559422231993336,0.7464864959527805
-0.21049999999999996,1.1390915325553659,0.810160540640542,0.7564027063599149,0.7469380194702535
-0.20999999999999996,1.139590431843764,0.8106790699616324,0.7568636315370788,0.7473899653847864
-0.20949999999999996,1.140088721005065,0.8111982048187453,0.757324999722959,0.7478423345986196
-0.20899999999999996,1.14058639695297,0.8117179471694747,0.7577868119157789,0.748295128018002
-0.20849999999999996,1.1410834565994923,0.8122382989935425,0.7582490691145122,0.7487483465532179
-0.20799999999999996,1.1415798968533244,0.8127592622751794,0.7587117723257268,0.7492019911186151
-0.20749999999999996,1.142075714621521,0.8132808390120562,0.7591749225615914,0.7496560626326343
-0.20699999999999996,1.1425709068079162,0.8138030312208329,0.7596385208351631,0.7501105620178357
-0.20649999999999996,1.1430654703147587,0.814325840921172,0.7601025681677585,0.7505654902009308
-0.20599999999999996,1.1435594020411763,0.8148492701523128,0.7605670655857717,0.7510208481128087
-0.20549999999999996,1.1440526988847626,0.8153733209668081,0.7610320141167021,0.7514766366885677
-0.20499999999999996,1.1445453577400948,0.8158979954221269,0.7614974147969279,0.7519328568675437
-0.20449999999999996,1.1450373755002659,0.8164232955990567,0.7619632686673629,0.7523895095933416
-0.20399999999999996,1.1455287490554569,0.8169492235857138,0.7624295767703231,0.7528465958138638
-0.20349999999999996,1.1460194752944173,0.8174757814804354,0.762896340157563,0.7533041164813424
-0.20299999999999996,1.1465095511030878,0.8180029714040773,0.7633635598848199,0.7537620725523697
-0.20249999999999996,1.1469989733660313,0.8185307954811811,0.7638312370096214,0.7542204649879286
-0.20199999999999996,1.1474877389651075,0.8190592558533021,0.76429937259941,0.7546792947534257
-0.20149999999999996,1.1479758447808506,0.8195883546797669,0.7647679677250662,0.7551385628187213
-0.20099999999999996,1.1484632876911987,0.8201180941234518,0.7652370234597416,0.7555982701581629
-0.20049999999999996,1.1489500645728175,0.8206484763699253,0.7657065408868776,0.7560584177506177
-0.19999999999999996,1.1494361722998852,0.821179503616059,0.766176521092831,0.7565190065795037
-0.19949999999999996,1.1499216077453613,0.8217111780658063,0.7666469651668109,0.7569800376328247
-0.19899999999999995,1.1504063677798249,0.8222435019478963,0.7671178742085658,0.7574415119032031
-0.19849999999999995,1.1508904492726924,0.8227764774967394,0.7675892493202793,0.7579034303879129
-0.19799999999999995,1.1513738490911083,0.8233101069603616,0.7680610916076666,0.7583657940889149
-0.19749999999999995,1.15185656410111,0.8238443926086733,0.7685334021870951,0.7588286040128908
-0.19699999999999995,1.1523385911665731,0.824379336714923,0.7690061821769445,0.7592918611712767
-0.19649999999999995,1.1528199271503212,0.8249149415728394,0.7694794326998906,0.7597555665803006
-0.19599999999999995,1.153300568913128,0.8254512094919747,0.7699531548892449,0.7602197212610156
-0.19549999999999995,1.1537805133147698,0.8259881427866184,0.7704273498799689,0.7606843262393369
-0.19499999999999995,1.1542597572130866,0.8265257437961381,0.7709020188121618,0.7611493825460781
-0.19449999999999995,1.1547382974649774,0.8270640148689369,0.7713771628364147,0.7616148912169869
-0.19399999999999995,1.155216130925516,0.8276029583633145,0.7718527831046774,0.7620808532927823
-0.19349999999999995,1.1556932544488938,0.8281425766625207,0.772328880774939,0.7625472698191927
-0.19299999999999995,1.156169664887591,0.8286828721542162,0.7728054570154224,0.7630141418469923
-0.19249999999999995,1.1566453590932617,0.8292238472431345,0.7732825129954891,0.7634814704320402
-0.19199999999999995,1.157120333915964,0.8297655043542206,0.7737600498914917,0.7639492566353178
-0.19149999999999995,1.157594586204987,0.8303078459170798,0.7742380688896507,0.7644175015229686
-0.19099999999999995,1.1580681128081411,0.8308508743819775,0.7747165711771844,0.7648862061663373
-0.19049999999999995,1.1585409105725246,0.8313945922122482,0.7751955579492869,0.7653553716420085
-0.18999999999999995,1.1590129763438741,0.8319390018853466,0.7756750304105587,0.7658249990318481
-0.18949999999999995,1.159484306967273,0.8324841058935483,0.7761549897665403,0.7662950894230423
-0.18899999999999995,1.159954899286559,0.8330299067434921,0.7766354372317522,0.7667656439081397
-0.18849999999999995,1.160424750144977,0.8335764069560445,0.7771163740295717,0.7672366635850921
-0.18799999999999994,1.1608938563846447,0.8341236090665887,0.7775978013843516,0.7677081495572962
-0.18749999999999994,1.16136221484712,0.8346715156253045,0.7780797205304266,0.7681801029336356
-0.18699999999999994,1.1618298223730628,0.8352201291966642,0.778562132710367,0.7686525248285239
-0.18649999999999994,1.162296675802456,0.8357694523593738,0.7790450391678502,0.7691254163619473
-0.18599999999999994,1.162762771974625,0.8363194877067704,0.7795284411575187,0.7695987786595084
-0.18549999999999994,1.1632281077282767,0.8368702378468377,0.7800123399415693,0.7700726128524699
-0.18499999999999994,1.1636926799015288,0.8374217054017472,0.7804967367835433,0.7705469200777993
-0.18449999999999994,1.164156485331975,0.8379738930078657,0.7809816329588876,0.7710217014782138
-0.18399999999999994,1.1646195208567303,0.8385268033162111,0.7814670297498784,0.7714969582022253
-0.1835,1.1650817833124718,0.8390804389921915,0.7819529284404869,0.7719726914041869
-0.183,1.1655432695354766,0.8396348027152515,0.7824393303274649,0.7724489022443387
-0.1825,1.1660039763616792,0.8401898971789422,0.7829262367136415,0.7729255918888549
-0.182,1.1664639006267181,0.840745725091347,0.7834136489040128,0.7734027615098912
-0.1815,1.1669230391659784,0.8413022891746051,0.7839015682171376,0.7738804122856328
-0.181,1.167381388814635,0.8418595921646661,0.784389995976894,0.7743585454003422
-0.1805,1.167838946407705,0.8424176368114472,0.7848789335099281,0.7748371620444091
-0.18,1.1682957087800945,0.8429764258790983,0.7853683821571112,0.7753162634143992
-0.1795,1.168751672766643,0.8435359621454314,0.7858583432638873,0.7757958507131039
-0.179,1.1692068352021707,0.8440962484017553,0.786348818179212,0.776275925149592
-0.1785,1.1696611929215295,0.8446572874531205,0.7868398082667737,0.7767564879392593
-0.178,1.1701147427596459,0.8452190821183323,0.7873313148941266,0.7772375403038818
-0.1775,1.1705674815515694,0.8457816352293962,0.7878233394332258,0.777719083471667
-0.177,1.171019406132525,0.8463449496314047,0.7883158832710854,0.7782011186773063
-0.1765,1.1714705133379577,0.8469090281828312,0.7888089477979425,0.7786836471620302
-0.176,1.1719208000035788,0.84747387375527,0.789302534409465,0.7791666701736601
-0.1755,1.1723702629654118,0.84803948923296,0.7897966445165139,0.7796501889666647
-0.175,1.172818899059853,0.8486058775127134,0.7902912795326142,0.7801342048022137
-0.1745,1.1732667051237116,0.849173041504182,0.7907864408778729,0.7806187189482353
-0.174,1.1737136779942539,0.8497409841293673,0.7912821299875432,0.7811037326794711
-0.1735,1.174159814509228,0.8503097083222407,0.7917783482990715,0.7815892472775344
-0.173,1.1746051115070522,0.8508792170287157,0.7922750972577455,0.782075264030967
-0.1725,1.1750495658265678,0.8514495132067814,0.7927723783237797,0.7825617842352988
-0.172,1.1754931743074932,0.8520205998258851,0.7932701929592062,0.7830488091931053
-0.17149999999999999,1.1759359337900184,0.8525924798666247,0.7937685426352512,0.7835363402140689
-0.17099999999999999,1.1763778411153418,0.853165156320761,0.7942674288376832,0.7840243786150386
-0.17049999999999998,1.176818893125199,0.8537386321911298,0.7947668530538201,0.7845129257200912
-0.16999999999999998,1.1772590866624677,0.8543129104910073,0.795266816781597,0.7850019828605932
-0.16949999999999998,1.1776984185706283,0.854887994243837,0.7957673215329567,0.7854915513752632
-0.16899999999999998,1.1781368856944359,0.8554638864832481,0.7962683688212374,0.7859816326102359
-0.16849999999999998,1.1785744848793156,0.8560405902527237,0.7967699601718691,0.7864722279191251
-0.16799999999999998,1.1790112129721002,0.8566181086050146,0.7972720971236167,0.7869633386630892
-0.16749999999999998,1.179447066820361,0.8571964446018735,0.7977747812166123,0.7874549662108971
-0.16699999999999998,1.1798820432732096,0.8577756013140155,0.7982780140045803,0.7879471119389929
-0.16649999999999998,1.1803161391805637,0.8583555818205837,0.7987817970537857,0.7884397772315651
-0.16599999999999998,1.1807493513940175,0.8589363892086281,0.7992861319319683,0.7889329634806128
-0.16549999999999998,1.1811816767660377,0.8595180265728277,0.7997910202219604,0.7894266720860156
-0.16499999999999998,1.1816131121509035,0.8601004970153175,0.8002964635182364,0.7899209044556025
-0.16449999999999998,1.1820436544038346,0.8606838036450558,0.8008024634170003,0.790415662005222
-0.16399999999999998,1.1824733003819996,0.8612679495772462,0.8013090215310203,0.7909109461588139
-0.16349999999999998,1.1829020469435756,0.8618529379332527,0.8018161394837229,0.7914067583484815
-0.16299999999999998,1.183329890948825,0.8624387718399263,0.8023238189006799,0.7919031000145635
-0.16249999999999998,1.1837568292590879,0.8630254544291512,0.8028320614254344,0.7923999726057092
-0.16199999999999998,1.1841828587379268,0.8636129888373745,0.8033408687111436,0.7928973775789514
-0.16149999999999998,1.1846079762500508,0.8642013782050753,0.8038502424137,0.7933953163997842
-0.16099999999999998,1.185032178662529,0.8647906256762425,0.8043601842082733,0.7938937905422379
-0.16049999999999998,1.1854554628436471,0.8653807343978207,0.8048706957785685,0.7943928014889566
-0.15999999999999998,1.185877825664189,0.8659717075191383,0.8053817788118032,0.7948923507312781
-0.15949999999999998,1.1862992639962233,0.8665635481913219,0.8058934350156378,0.7953924397693107
-0.15899999999999997,1.186719774714458,0.8671562595666802,0.8064056661051812,0.7958930701120163
-0.15849999999999997,1.1871393546949536,0.8677498447980786,0.8069184738000373,0.7963942432772899
-0.15799999999999997,1.1875580008165505,0.8683443070382834,0.8074318598412321,0.7968959607920434
-0.15749999999999997,1.1879757099595123,0.8689396494392885,0.8079458259761775,0.7973982241922873
-0.15699999999999997,1.1883924790070208,0.8695358751516225,0.808460373957985,0.7979010350232165
-0.15649999999999997,1.1888083048437526,0.8701329873236194,0.8089755055619293,0.7984043948392961
-0.15599999999999997,1.1892231843574426,0.8707309891006975,0.809491222568674,0.7989083052043461
-0.15549999999999997,1.18963711443739,0.8713298836245655,0.8100075267660145,0.7994127676916314
-0.15499999999999997,1.1900500919760955,0.8719296740324648,0.8105244199643757,0.7999177838839491
-0.15449999999999997,1.1904621138676936,0.8725303634563218,0.811041903978676,0.8004233553737188
-0.15399999999999997,1.1908731770096614,0.8731319550219403,0.8115599806326105,0.8009294837630742
-0.15349999999999997,1.1912832783011815,0.8737344518481789,0.8120786517726918,0.8014361706639548
-0.15299999999999997,1.191692414644921,0.8743378570457468,0.8125979192491521,0.8019434176981995
-0.15249999999999997,1.192100582945323,0.8749421737169172,0.8131177849228349,0.8024512264976411
-0.15199999999999997,1.1925077801104582,0.8755474049540125,0.8136382506773243,0.8029595987042027
-0.15149999999999997,1.1929140030502452,0.8761535538384773,0.8141593183992807,0.8034685359699946
-0.15099999999999997,1.1933192486783717,0.8767606234401826,0.8146809899879819,0.8039780399574117
-0.15049999999999997,1.193723513910445,0.8773686168164239,0.8152032673651117,0.8044881123392352
-0.14999999999999997,1.1941267956659867,0.8779775370103576,0.8157261524549357,0.804998754798732
-0.14949999999999997,1.194529090866508,0.8785873870501594,0.8162496471964871,0.805509969029757
-0.14899999999999997,1.1949303964375786,0.8791981699482228,0.8167737535506285,0.8060217567368584
-0.14849999999999997,1.1953307093068302,0.8798098886998904,0.8172984734804716,0.8065341196353806
-0.14799999999999996,1.195730026406095,0.880422546281652,0.8178238089661631,0.8070470594515722
-0.14749999999999996,1.1961283446693423,0.8810361456504803,0.818349762008877,0.8075605779226929
-0.14699999999999996,1.1965256610348853,0.8816506897428592,0.8188763346118803,0.8080746767971237
-0.14649999999999996,1.1969219724432458,0.8822661814731116,0.8194035287978303,0.8085893578344773
-0.14599999999999996,1.197317275839435,0.8828826237315671,0.819931346609399,0.8091046228057102
-0.14549999999999996,1.1977115681707453,0.8835000193839945,0.8204597900913954,0.8096204734932363
-0.14499999999999996,1.1981048463891033,0.8841183712704099,0.8209888613104196,0.8101369116910431
-0.14449999999999996,1.1984971074487893,0.8847376822028836,0.8215185623518906,0.810653939204808
-0.14399999999999996,1.1988883483088641,0.8853579549639301,0.8220488953036235,0.8111715578520166
-0.14349999999999996,1.1992785659308138,0.8859791923058901,0.8225798622776337,0.8116897694620838
-0.14299999999999996,1.1996677572810523,0.8866013969494494,0.8231114654033985,0.8122085758764747
-0.14249999999999996,1.200055919328491,0.8872245715808944,0.8236437068132904,0.8127279789488281
-0.14199999999999996,1.2004430490471136,0.8878487188509371,0.8241765886662492,0.8132479805450825
-0.14149999999999996,1.2008291434134775,0.8884738413738824,0.8247101131371917,0.8137685825436024
-0.14099999999999996,1.2012141994093564,0.8890999417257326,0.8252442824046903,0.8142897868353075
-0.14049999999999996,1.2015982140191714,0.8897270224410297,0.8257790986761576,0.8148115953238021
-0.13999999999999996,1.201981184232707,0.8903550860121865,0.8263145641734033,0.8153340099255093
-0.13949999999999996,1.202363107042468,0.8909841348883139,0.826850681122942,0.8158570325698037
-0.13899999999999996,1.20274397944647,0.8916141714726961,0.8273874517822449,0.8163806651991485
-0.13849999999999996,1.2031237984455212,0.8922451981196123,0.8279248784215462,0.8169049097692328
-0.13799999999999996,1.2035025610460885,0.8928772171339892,0.8284629633171515,0.8174297682491126
-0.13749999999999996,1.2038802642575053,0.8935102307698382,0.8290017087782146,0.817955242621352
-0.13699999999999996,1.2042569050949097,0.8941442412268925,0.82954111712501,0.8184813348821677
-0.13649999999999995,1.2046324805763804,0.8947792506478908,0.8300811906855976,0.8190080470415757
-0.13599999999999995,1.2050069877259495,0.8954152611182356,0.8306219318224745,0.8195353811235382
-0.13549999999999995,1.205380423570662,0.8960522746639852,0.8311633429076618,0.8200633391661156
-0.13499999999999995,1.2057527851436638,0.8966902932475769,0.8317054263230597,0.820591923221619
-0.13449999999999995,1.2061240694811886,0.897329318765971,0.8322481844862069,0.8211211353567637
-0.13399999999999995,1.2064942736257174,0.8979693530499981,0.8327916198226821,0.8216509776528284
-0.13349999999999995,1.2068633946228937,0.8986103978617583,0.8333357347704178,0.822181452205813
-0.13299999999999995,1.207231429524757,0.8992524548896158,0.8338805318037561,0.8227125611266016
-0.13249999999999995,1.207598375386581,0.8998955257473716,0.834426013403757,0.8232443065411269
-0.13199999999999995,1.2079642292701849,0.9005396119730578,0.8349721820666651,0.8237766905905358
-0.13149999999999995,1.2083289882406962,0.9011847150254598,0.8355190403254772,0.8243097154313602
-0.13099999999999995,1.2086926493699353,0.9018308362789503,0.8360665907187737,0.8248433832356874
-0.13049999999999995,1.209055209733105,0.9024779770234641,0.8366148358034797,0.8253776961913355
-0.12999999999999995,1.2094166664122492,0.9031261384626386,0.8371637781731974,0.8259126565020305
-0.12949999999999995,1.2097770164928687,0.9037753217091138,0.8377134204261886,0.8264482663875851
-0.12899999999999995,1.210136257067453,0.9044255277800409,0.8382637651825212,0.8269845280840825
-0.12849999999999995,1.2104943852320225,0.9050767575971492,0.8388148150984572,0.8275214438440609
-0.12799999999999995,1.2108513980897346,0.9057290119847521,0.8393665728342342,0.8280590159367018
-0.12749999999999995,1.2112072927473534,0.9063822916622406,0.839919041075621,0.8285972466480218
-0.12699999999999995,1.2115620663189253,0.9070365972442677,0.8404722225437077,0.8291361382810655
-0.12649999999999995,1.211915715922178,0.9076919292365583,0.8410261199631439,0.8296756931561037
-0.12599999999999995,1.2122682386822723,0.9083482880331053,0.8415807360880573,0.8302159136108328
-0.12549999999999994,1.2126196317261806,0.9090056739122899,0.8421360737066559,0.8307568020005794
-0.12499999999999994,1.212969892192322,0.9096640870342836,0.8426921356105919,0.8312983606985053
-0.12449999999999994,1.213319017224902,0.9103235274367468,0.8432489246251141,0.8318405920958182
-0.12399999999999994,1.2136670039681279,0.9109839950323686,0.8438064436079671,0.8323834986019853
-0.12349999999999994,1.2140138495699966,0.9116454896042402,0.8443646954222772,0.8329270826449491
-0.12299999999999994,1.2143595511942602,0.9123080108033992,0.8449236829668905,0.8334713466713479
-0.12249999999999994,1.214704106008758,0.9129715581440363,0.8454834091632942,0.8340162931467399
-0.12199999999999994,1.215047511181329,0.9136361310018096,0.8460438769581022,0.8345619245558292
-0.12149999999999994,1.2153897638837514,0.9143017286056319,0.8466050893232666,0.8351082434026984
-0.12099999999999994,1.2157308613041498,0.9149683500380558,0.8471670492552841,0.8356552522110423
-0.12049999999999994,1.2160708006348835,0.9156359942325797,0.8477297597774175,0.8362029535244067
-0.12,1.2164095790683123,0.9163046599655834,0.8482932239396788,0.8367513499064312
-0.1195,1.2167471938008823,0.9169743458512328,0.8488574448175958,0.8373004439410959
-0.119,1.2170836420459774,0.9176450503423648,0.8494224255141984,0.8378502382329714
-0.1185,1.2174189210213635,0.9183167717264754,0.8499881691607415,0.8384007354074744
-0.118,1.2177530279448068,0.9189895081157098,0.8505546789150976,0.8389519381111262
-0.1175,1.2180859600405447,0.9196632574445248,0.8511219579633805,0.8395038490118167
-0.11699999999999999,1.2184177145458863,0.9203380174695841,0.851690009521436,0.8400564707990723
-0.11649999999999999,1.218748288700415,0.9210137857643599,0.8522588368329718,0.8406098061843279
-0.11599999999999999,1.2190776797526253,0.9216905597080114,0.8528284431707204,0.8411638579012051
-0.11549999999999999,1.2194058849555023,0.9223683364858329,0.8533988318386416,0.8417186287057925
-0.11499999999999999,1.2197329015710905,0.9230471130876997,0.8539700061699572,0.8422741213769341
-0.11449999999999999,1.2200587268659988,0.9237268863006431,0.854541969527789,0.8428303387165207
-0.11399999999999999,1.2203833581160413,0.9244076526983052,0.8551147253079205,0.8433872835497851
-0.11349999999999999,1.2207067926016701,0.9250894086431619,0.8556882769369701,0.8439449587256067
-0.11299999999999999,1.221029027612689,0.9257721502834896,0.8562626278724689,0.8445033671168168
-0.11249999999999999,1.2213500604436127,0.9264558735432848,0.8568377816059389,0.8450625116205116
-0.11199999999999999,1.2216698883984538,0.9271405741142447,0.8574137416615045,0.8456223951583715
-0.11149999999999999,1.2219885087860092,0.927826247458251,0.8579905115953643,0.8461830206769835
-0.11099999999999999,1.2223059189247187,0.9285128888029088,0.8585680949989469,0.8467443911481715
-0.11049999999999999,1.2226221161378796,0.9292004931287382,0.8591464954982254,0.8473065095693328
-0.10999999999999999,1.2229370977585778,0.929889055165041,0.8597257167525738,0.8478693789637781
-0.10949999999999999,1.2232508611248296,0.9305785693913466,0.8603057624577753,0.84843300238108
-0.10899999999999999,1.2235634035845848,0.931269030031286,0.8608866363462461,0.8489973828974277
-0.10849999999999999,1.2238747224907949,0.9319604310378483,0.8614683421853078,0.8495625236159868
-0.10799999999999998,1.2241848152064918,0.9326527660935391,0.8620508837798546,0.8501284276672672
-0.10749999999999998,1.2244936790997811,0.9333460286099389,0.8626342649736053,0.8506950982094962
-0.10699999999999998,1.2248013115489906,0.9340402117192463,0.8632184896468892,0.8512625384290005
-0.10649999999999998,1.2251077099375975,0.9347353082595531,0.8638035617188013,0.8518307515405934
-0.10599999999999998,1.2254128716594435,0.9354313107783451,0.8643894851495109,0.8523997407879703
-0.10549999999999998,1.225716794113591,0.9361282115299545,0.8649762639377202,0.8529695094441117
-0.10499999999999998,1.2260194747096116,0.936826002463848,0.8655639021221816,0.8535400608116934
-0.10449999999999998,1.2263209108623687,0.9375246752127372,0.8661524037849696,0.8541113982235047
-0.10399999999999998,1.226621099997379,0.938224221097285,0.8667417730488565,0.854683525042874
-0.10349999999999998,1.2269200395455213,0.9389246311216534,0.867332014078108,0.8552564446641041
-0.10299999999999998,1.2272177269484712,0.9396258959581695,0.867923131082489,0.855830160512914
-0.10249999999999998,1.2275141596533365,0.9403280059404829,0.868515128314901,0.8564046760468905
-0.10199999999999998,1.2278093351181656,0.9410309510674738,0.8691080100714008,0.8569799947559481
-0.10149999999999998,1.2281032508065097,0.9417347209968283,0.8697017806956012,0.8575561201627985
-0.10099999999999998,1.228395904193001,0.9424393050267655,0.8702964445769928,0.8581330558234277
-0.10049999999999998,1.228687292757847,0.9431446920952457,0.8708920061501176,0.8587108053275854
-0.09999999999999998,1.2289774139924756,0.9438508707816607,0.8714884698990418,0.8592893722992807
-0.09949999999999992,1.2292662653939623,0.9445578292978584,0.8720858403567245,0.859868760397291
-0.09899999999999998,1.229553844470743,0.9452655554690018,0.8726841221033351,0.860448973315678
-0.09849999999999992,1.2298401487369708,0.9459740367381767,0.8732833197704929,0.8610300147843171
-0.09799999999999998,1.2301251757183003,0.9466832601652811,0.8738834380419608,0.8616118885694349
-0.09749999999999992,1.2304089229461714,0.9473932124143812,0.874484481651161,0.86219459847416
-0.09699999999999998,1.230691387963667,0.9481038797372676,0.8750864553855524,0.8627781483390825
-0.09649999999999992,1.2309725683197246,0.9488152479808911,0.8756893640859766,0.863362542042828
-0.09599999999999997,1.2312524615750624,0.9495273025837043,0.876293212648133,0.863947783502751
-0.09549999999999992,1.2315310652963238,0.9502400285585813,0.8768980060232056,0.8645338766750958
-0.09499999999999997,1.2318083770620705,0.9509534104824081,0.8775037492189631,0.8651208255562527
-0.09449999999999992,1.2320843944568582,0.9516674325034254,0.8781104473007665,0.8657086341829537
-0.09399999999999997,1.232359115077299,0.952382078335229,0.8787181053926001,0.8662973066330119
-0.09349999999999992,1.2326325365260673,0.953097331235695,0.8793267286781296,0.8668868470259707
-0.09299999999999997,1.2329046564180313,0.9538131740044499,0.8799363224017845,0.8674772595237664
-0.09249999999999992,1.23317547237419,0.9545295889879302,0.8805468918698689,0.8680685483314045
-0.09199999999999997,1.2334449820278717,0.9552465580706735,0.8811584424516976,0.8686607176976505
-0.09149999999999991,1.2337131830186034,0.9559640626522945,0.8817709795807642,0.8692537719157383
-0.09099999999999997,1.2339800729983779,0.9566820836527026,0.8823845087559357,0.8698477153240888
-0.09049999999999991,1.234245649625454,0.9574006015137364,0.8829990355426786,0.8704425523070514
-0.08999999999999997,1.2345099105706903,0.9581195961866616,0.8836145655743164,0.8710382872956545
-0.08949999999999991,1.2347728535112796,0.9588390471111444,0.8842311045533204,0.8716349247683793
-0.08899999999999997,1.2350344761371488,0.959558933225636,0.8848486582526323,0.8722324692519456
-0.08849999999999991,1.2352947761446245,0.9602792329656534,0.8854672325170229,0.87283092532212
-0.08799999999999997,1.235553751242902,0.9609999242463108,0.8860868332644839,0.8734302976045374
-0.08750000000000002,1.2358113991476425,0.9617209844478862,0.8867074664876621,0.874030590775546
-0.08699999999999997,1.236067717587508,0.9624423904274285,0.887329138255335,0.8746318095630692
-0.08650000000000002,1.236322704297693,0.9631641185142457,0.8879518547138924,0.8752339587474867
-0.08599999999999997,1.2365763570265242,0.96388614448753,0.8885756220889284,0.8758370431625384
-0.08550000000000002,1.2368286735289262,0.9646084435714324,0.8892004466867875,0.8764410676962467
-0.08499999999999996,1.2370796515730873,0.9653309904447379,0.8898263348962456,0.8770460372918636
-0.08450000000000002,1.2373292889338594,0.966053759233542,0.8904532931901472,0.8776519569488366
-0.08399999999999996,1.2375775833994864,0.966776723485827,0.8910813281271751,0.8782588317238007
-0.08350000000000002,1.2378245327649418,0.9674998561766336,0.8917104463535884,0.8788666667315923
-0.08299999999999996,1.2380701348387209,0.9682231297139291,0.8923406546050866,0.8794754671462878
-0.08250000000000002,1.2383143874361113,0.9689465159276521,0.892971959708653,0.8800852382022677
-0.08199999999999996,1.2385572883860518,0.9696699860451873,0.8936043685845235,0.8806959851953069
-0.08150000000000002,1.2387988355243376,0.9703935107044429,0.8942378882481431,0.8813077134836905
-0.08099999999999996,1.239039026700542,0.9711170599555602,0.8948725258122445,0.881920428489359
-0.08050000000000002,1.2392778597711578,0.9718406032449339,0.8955082884889289,0.8825341356990795
-0.07999999999999996,1.239515332606583,0.9725641093971549,0.8961451835918627,0.8831488406656494
-0.07950000000000002,1.2397514430841987,0.9732875466313093,0.8967832185384901,0.883764549009126
-0.07899999999999996,1.239986189095415,0.974010882559334,0.8974224008523587,0.8843812664180932
-0.07850000000000001,1.2402195685386885,0.9747340841646188,0.8980627381654755,0.8849989986509538
-0.07799999999999996,1.2404515793266295,0.9754571177945499,0.8987042382207696,0.8856177515372601
-0.07750000000000001,1.2406822193789566,0.9761799491757601,0.8993469088746029,0.8862375309790763
-0.07699999999999996,1.2409114866296662,0.9769025434095944,0.8999907580993819,0.8868583429523773
-0.07650000000000001,1.2411393790199239,0.9776248649468131,0.9006357939862365,0.8874801935084833
-0.07599999999999996,1.2413658945052952,0.9783468775921798,0.9012820247477915,0.8881030887755336
-0.07550000000000001,1.241591031048577,0.9790685445159271,0.9019294587210288,0.8887270349599976
-0.07499999999999996,1.2418147866270863,0.979789828245957,0.9025781043702312,0.8893520383482281
-0.07450000000000001,1.242037159225433,0.9805106906423222,0.9032279702900431,0.8899781053080547
-0.07399999999999995,1.2422581468428682,0.9812310929122665,0.9038790652086085,0.890605242290422
-0.07350000000000001,1.2424777474859934,0.981950995616964,0.9045313979908222,0.8912334558310707
-0.07299999999999995,1.242695959176173,0.9826703586592321,0.9051849776417101,0.8918627525522665
-0.07250000000000001,1.2429127799421806,0.98338914126358,0.905839813309893,0.8924931391645761
-0.07199999999999995,1.2431282078276704,0.9841073019969615,0.906495914291188,0.893124622468692
-0.07150000000000001,1.2433422408837655,0.9848247987715325,0.9071532900323291,0.8937572093573103
-0.07099999999999995,1.2435548771765859,0.9855415888270891,0.9078119501348206,0.89439090681706
-0.07050000000000001,1.24376611477978,0.9862576287219479,0.908471904358923,0.8950257219304875
-0.06999999999999995,1.2439759517821085,0.9869728743540447,0.9091331626277859,0.8956616618780994
-0.0695,1.244184386279918,0.9876872809607333,0.9097957350317245,0.8962987339404617
-0.06899999999999995,1.244391416384783,0.9884008030970215,0.9104596318326565,0.8969369455003632
-0.0685,1.2445970402159197,0.9891133946395743,0.9111248634686994,0.8975763040450402
-0.06799999999999995,1.2448012559078878,0.9898250088045455,0.9117914405589393,0.8982168171684675
-0.0675,1.2450040616029452,0.990535598144607,0.91245937390838,0.898858492573718
-0.06699999999999995,1.2452054554588043,0.9912451145261931,0.9131286745130788,0.8995013380753931
-0.0665,1.2454054356409334,0.991953509145676,0.913799353565479,0.9001453616021265
-0.06599999999999995,1.2456040003303648,0.9926607325423445,0.9144714224599514,0.9007905711991643
-0.0655,1.2458011477159436,0.9933667345919764,0.9151448927985502,0.901436975031023
-0.06499999999999995,1.2459968760021896,0.9940714644883356,0.9158197763969993,0.9020845813842348
-0.0645,1.2461911834014885,0.9947748707673277,0.9164960852909171,0.9027333986701709
-0.06399999999999995,1.2463840681420109,0.995476901315527,0.917173831742294,0.9033834354279615
-0.0635,1.2465755284598465,0.9961775033594108,0.9178530282462349,0.9040347003275024
-0.06299999999999994,1.2467655626069787,0.9968766234568802,0.91853368753798,0.9046872021725619
-0.0625,1.246954168843363,0.9975742075234131,0.9192158226002204,0.905340949903985
-0.061999999999999944,1.2471413454449545,0.9982702008375768,0.9198994466707221,0.905995952603004
-0.0615,1.2473270906957343,0.9989645480265799,0.9205845732502752,0.9066522194946567
-0.06099999999999994,1.2475114028957879,0.9996571930707057,0.9212712161109882,0.9073097599513182
-0.0605,1.2476942803532787,1.000348079327126,0.9219593893049396,0.9079685834963498
-0.05999999999999994,1.2478757213925784,1.0010371495332107,0.9226491071732158,0.9086286998078714
-0.0595,1.2480557243461892,1.0017243457910057,0.9233403843553457,0.9092901187226623
-0.05899999999999994,1.2482342875629229,1.0024096095841268,0.9240332357991626,0.9099528502401948
-0.058499999999999996,1.2484114093997727,1.0030928817971232,0.9247276767711072,0.9106169045268079
-0.05799999999999994,1.2485870882301433,1.0037741027165934,0.9254237228670067,0.9112822919200259
-0.057499999999999996,1.2487613224356713,1.004453212018863,0.9261213900233445,0.9119490229330293
-0.05699999999999994,1.248934110414504,1.005130148795843,0.9268206945290542,0.9126171082592859
-0.056499999999999995,1.24910545057307,1.0058048515699483,0.9275216530378617,0.9132865587773444
-0.05599999999999994,1.2492753413344078,1.006477258292539,0.9282242825812073,0.9139573855558054
-0.055499999999999994,1.2494437811298853,1.0071473063398981,0.9289286005817735,0.9146295998584705
-0.05499999999999994,1.2496107684075786,1.007814932542404,0.929634624867654,0.9153032131496841
-0.05449999999999999,1.2497763016239403,1.0084800731964858,0.9303423736871912,0.9159782370998714
-0.05399999999999994,1.2499403792522263,1.0091426641100403,0.9310518657245177,0.9166546835912873
-0.05349999999999999,1.2501029997741182,1.0098026404121994,0.9317631201158321,0.9173325647239798
-0.052999999999999936,1.2502641616881947,1.010459936829673,0.932476156466445,0.9180118928219857
-0.05249999999999999,1.250423863501506,1.0111144877528708,0.9331909948686227,0.9186926804397632
-0.051999999999999935,1.2505821037380922,1.0117662267130245,0.9339076559202657,0.9193749403688775
-0.05149999999999999,1.2507388809305127,1.012415087088716,0.9346261607444487,0.9200586856449495
-0.050999999999999934,1.2508941936284073,1.0130610017212425,0.9353465310098523,0.920743929554883
-0.05049999999999999,1.251048040389979,1.0137039028078856,0.9360687889521091,0.9214306856443805
-0.04999999999999993,1.2512004197906035,1.014343722439883,0.9367929573960907,0.9221189677257687
-0.04949999999999999,1.2513513304142623,1.014980392033053,0.9375190597791443,0.922808789886143
-0.04899999999999993,1.2515007708621986,1.0156138426183812,0.9382471201752948,0.9235001664958529
-0.04849999999999999,1.2516487397443068,1.0162440050151949,0.9389771633204101,0.9241931122173425
-0.04799999999999993,1.2517952356878272,1.0168708094932342,0.9397092146383204,0.9248876420143682
-0.04749999999999999,1.2519402573286964,1.0174941860146496,0.9404433002678683,0.9255837711616115
-0.04699999999999993,1.252083803320282,1.0181140642032538,0.9411794470908544,0.9262815152547096
-0.046499999999999986,1.2522258723246893,1.0187303733531994,0.9419176827608181,0.9269808902207274
-0.04599999999999993,1.25236646302154,1.0193430424424936,0.9426580357325757,0.9276819123290956
-0.045499999999999985,1.2525055740992337,1.019952000161219,0.9434005352924092,0.9283845982030385
-0.04499999999999993,1.2526432042637694,1.0205571749284794,0.9441452115887699,0.9290889648315251
-0.044499999999999984,1.252779352229965,1.0211584949027872,0.944892095663317,0.9297950295817659
-0.04399999999999993,1.2529140167303179,1.0217558880028055,0.945641219482079,0.9305028102122964
-0.04349999999999998,1.2530471965061851,1.0223492819328608,0.9463926159664625,0.9312123248866739
-0.04299999999999993,1.2531788903166818,1.0229386042001072,0.9471463190237867,0.931923592187831
-0.04249999999999998,1.2533090969298226,1.0235237821285967,0.9479023635769435,0.93263663113312
-0.041999999999999926,1.253437815131458,1.0241047428837242,0.9486607855927147,0.933351461190096
-0.04149999999999998,1.253565043716375,1.0246814134978437,0.9494216221081822,0.9340681022930795
-0.040999999999999925,1.2536907814972744,1.0252537208826478,0.9501849112545682,0.934786574860553
-0.04049999999999998,1.2538150272958306,1.0258215918554232,0.9509506922777328,0.935506899813441
-0.039999999999999925,1.2539377799517046,1.0263849531603022,0.9517190055544149,0.9362290985943313
-0.03949999999999998,1.2540590383135706,1.026943731489873,0.9524898926031715,0.9369531931877016
-0.038999999999999924,1.254178801248161,1.0274978535079928,0.9532633960887922,0.9376792061412165
-0.03849999999999998,1.2542970676312557,1.0280472458724002,0.9540395598187916,0.9384071605881651
-0.03799999999999992,1.254413836356767,1.028591835257948,0.9548184287303816,0.9391370802711241
-0.03749999999999998,1.2545291063276884,1.0291315483800476,0.9556000488660865,0.9398689895669219
-0.03699999999999992,1.2546428764652147,1.0296663120182912,0.9563844673359362,0.9406029135130046
-0.03649999999999998,1.2547551456996575,1.0301960530405654,0.9571717322638787,0.9413388778352967
-0.03599999999999992,1.2548659129795974,1.0307206984273891,0.9579618927157787,0.9420769089776695
-0.035499999999999976,1.254975177262765,1.0312401752962255,0.9587549986060243,0.9428170341331341
-0.03499999999999992,1.255082937525226,1.0317544109249033,0.959551100579437,0.9435592812768869
-0.034499999999999975,1.2551891927522287,1.0322633327838162,0.9603502498647917,0.9443036792013495
-0.03399999999999992,1.2552939419474223,1.0327668685507139,0.9611524980958601,0.9450502575533581
-0.033499999999999974,1.2553971841236697,1.0332649461382883,0.9619578970954846,0.9457990468736652
-0.03299999999999992,1.2554989183122964,1.033757493729165,0.9627664986177134,0.9465500786389439
-0.03249999999999997,1.2555991435538747,1.0342444397954946,0.9635783540426167,0.9473033853064927
-0.03199999999999992,1.2556978589074992,1.0347257131194258,0.9643935140178961,0.9480590003618681
-0.03149999999999997,1.2557950634415416,1.0352012428230557,0.9652120280409363,0.9488169583696846
-0.030999999999999917,1.255890756242957,1.035670958405591,0.9660339439744712,0.9495772950278566
-0.03049999999999997,1.2559849364080047,1.0361347897578113,0.9668593074885624,0.9503400472255762
-0.029999999999999916,1.2560776030515854,1.036592667183981,0.9676881614211471,0.9511052531053615
-0.02949999999999997,1.2561687552979344,1.0370445214385926,0.9685205450489829,0.9518729521295369
-0.028999999999999915,1.2562583922899824,1.037490283759914,0.9693564932604619,0.9526431851515536
-0.02849999999999997,1.256346513180023,1.0379298858812451,0.9701960356214443,0.9534159944926025
-0.027999999999999914,1.2564331171391003,1.0383632600551358,0.9710391953250546,0.9541914240240227
-0.02749999999999997,1.2565182033476465,1.0387903390978204,0.9718859880162027,0.9549695192560667
-0.026999999999999913,1.2566017710048973,1.0392110564139179,0.9727364204819705,0.9557503274336565
-0.026499999999999968,1.256683819319503,1.0396253460074005,0.9735904891979585,0.9565338976398318
-0.025999999999999912,1.2567643475189674,1.040033142509393,0.9744481787234082,0.9573202809076906
-0.025499999999999967,1.256843354840234,1.0404343812286125,0.9753094599355743,0.9581095303417148
-0.02499999999999991,1.2569208405391497,1.04082899816408,0.9761742880969411,0.9589017012497566
-0.024499999999999966,1.256996803881024,1.0412169300184397,0.9770426007488351,0.9596968512852602
-0.02399999999999991,1.2570712441501168,1.0415981142316482,0.9779143154275507,0.9604950406049692
-0.023499999999999965,1.2571441606401754,1.0419724890318047,0.9787893271956101,0.9612963320383309
-0.02300000000000002,1.2572155526639415,1.0423399934368727,0.97966750599687,0.9621007912742613
-0.022499999999999964,1.2572854195436662,1.0427005672716025,0.9805486938284828,0.9629084870656328
-0.02200000000000002,1.2573537606206404,1.0430541512099951,0.981432701733122,0.9637194914539893
-0.021499999999999964,1.2574205752456844,1.0434006868177903,0.9823193066344778,0.9645338800170836
-0.02100000000000002,1.2574858627887002,1.0437401165483058,0.9832082480035201,0.9653517321422321
-0.020499999999999963,1.2575496226291403,1.0440723837630135,0.9840992244046473,0.9661731313289854
-0.020000000000000018,1.2576118541655779,1.0443974327839292,0.9849918899033286,0.9669981655251902
-0.019499999999999962,1.257672556806157,1.0447152089202119,0.9858858504083636,0.9678269275012533
-0.019000000000000017,1.2577317299781816,1.0450256584637465,0.9867806599403651,0.9686595152681886
-0.01849999999999996,1.2577893731185432,1.0453287287139885,0.9876758168858135,0.9694960325462297
-0.018000000000000016,1.2578454856833297,1.0456243680380188,0.9885707602852809,0.9703365892919181
-0.01749999999999996,1.2579000671382359,1.045912525877287,0.9894648662003709,0.9711813022932413
-0.017000000000000015,1.2579531169681868,1.0461931527473651,0.9903574442013607,0.9720302958443301
-0.01649999999999996,1.2580046346677312,1.0464662002689942,0.9912477341064638,0.9728837025136986
-0.016000000000000014,1.25805461975068,1.0467316212289501,0.9921349029258121,0.973741664023103
-0.015499999999999958,1.2581030717404842,1.0469893695684578,0.9930180422385574,0.9746043322580767
-0.015000000000000013,1.2581499901798892,1.047239400389109,0.9938961659214178,0.9754718704362905
-0.014499999999999957,1.258195374621294,1.04748166999343,0.9947682084876955,0.9763444544665489
-0.014000000000000012,1.2582392246364207,1.0477161359350624,0.9956330239418785,0.9772222745399783
-0.013499999999999956,1.2582815398066602,1.0479427569966655,0.9964893854351621,0.9781055370066227
-0.013000000000000012,1.2583223197327538,1.0481614932014056,0.9973359856068225,0.9789944666063004
-0.012499999999999956,1.2583615640251236,1.048372305864892,0.9981714379107276,0.9798893091436801
-0.01200000000000001,1.2583992723135682,1.0485751576243036,0.9989942787915176,0.980790334725846
-0.011499999999999955,1.258435444237579,1.0487700124147592,0.9998029710045171,0.9816978417178016
-0.01100000000000001,1.2584700794560475,1.048956835485815,1.0005959079252438,0.9826121616174809
-0.010499999999999954,1.2585031776375692,1.0491355934626954,1.0013714191129597,0.9835336651017657
-0.010000000000000009,1.2585347384701615,1.0493062543490481,1.0021277769599295,0.9844627695296929
-0.009499999999999953,1.2585647616515563,1.0494687875085011,1.0028632046328574,0.985399948157328
-0.009000000000000008,1.2585932468989258,1.0496231636871785,1.0035758851321677,0.9863457411019358
-0.008499999999999952,1.2586201939391677,1.0497693550772098,1.0042639715864359,0.9873007674420227
-0.008000000000000007,1.2586456025186379,1.0499073352943844,1.0049255986162944,0.9882657362764254
-0.007499999999999951,1.258669472393425,1.0500370793681983,1.005558894764014,0.9892414512528894
-0.007000000000000006,1.258691803339093,1.0501585637732722,1.006161995844541,0.9902287967023056
-0.00649999999999995,1.2587125951409455,1.0502717664828374,1.0067330590963233,0.9912286823215473
-0.006000000000000005,1.2587318476037754,1.0503766669301164,1.007270277970992,0.9922419055885717
-0.005499999999999949,1.2587495605421226,1.0504732460063573,1.0077718973774568,0.9932688663750628
-0.0050000000000000044,1.2587657337900282,1.050561486103757,1.0082362291740796,0.9943090402736844
-0.0044999999999999485,1.2587803671912858,1.050641371145975,1.0086616676791327,0.9953600981828272
-0.0040000000000000036,1.2587934606092006,1.0507128865454527,1.009046705008039,0.9964165750252284
-0.0034999999999999476,1.2588050139168352,1.0507760192075202,1.0093899458335465,0.9974680791789466
-0.0030000000000000027,1.258815027006772,1.0508307575960574,1.0096901216308842,0.9984972370335381
-0.0024999999999999467,1.258823499781355,1.0508770916814567,1.0099461037099235,0.9994778918940312
-0.0020000000000000018,1.258830432162454,1.0509150129792912,1.010156915336338,1.000374441573274
-0.0014999999999999458,1.2588358240817037,1.0509445145362086,1.0103217421306296,1.0011433878651614
-0.0010000000000000009,1.2588396754902698,1.0509655909447488,1.010439941111251,1.0017378753033779
-0.0004999999999999449,1.2588419863490836,1.0509782383356532,1.0105110477772001,1.002115021567276
0.0,1.2588427566386107,1.050982454391629,1.0105347813182344,1.0022444133908621
0.000500000000000056,1.2588419863490836,1.0509782383356532,1.0105110477772001,1.002115021567276
0.0010000000000000009,1.2588396754902698,1.0509655909447488,1.010439941111251,1.0017378753033779
0.0015000000000000568,1.2588358240817037,1.0509445145362086,1.0103217421306296,1.0011433878651614
0.0020000000000000018,1.258830432162454,1.0509150129792912,1.010156915336338,1.000374441573274
0.0025000000000000577,1.258823499781355,1.0508770916814567,1.0099461037099235,0.999477891894031
0.0030000000000000027,1.258815027006772,1.0508307575960574,1.0096901216308842,0.9984972370335381
0.0035000000000000586,1.2588050139168352,1.0507760192075202,1.0093899458335462,0.9974680791789464
0.0040000000000000036,1.2587934606092006,1.0507128865454527,1.009046705008039,0.9964165750252284
0.0045000000000000595,1.2587803671912858,1.050641371145975,1.0086616676791325,0.995360098182827
0.0050000000000000044,1.2587657337900282,1.050561486103757,1.0082362291740796,0.9943090402736844
0.00550000000000006,1.2587495605421226,1.0504732460063573,1.0077718973774568,0.9932688663750625
0.006000000000000005,1.2587318476037754,1.0503766669301164,1.007270277970992,0.9922419055885717
0.006500000000000061,1.2587125951409455,1.0502717664828374,1.006733059096323,0.991228682321547
0.007000000000000006,1.258691803339093,1.0501585637732722,1.006161995844541,0.9902287967023056
0.007500000000000062,1.258669472393425,1.0500370793681983,1.005558894764014,0.9892414512528892
0.008000000000000007,1.2586456025186379,1.0499073352943844,1.0049255986162944,0.9882657362764254
0.008500000000000063,1.2586201939391677,1.0497693550772096,1.0042639715864357,0.9873007674420224
0.009000000000000008,1.2585932468989258,1.0496231636871785,1.0035758851321677,0.9863457411019358
0.009500000000000064,1.2585647616515563,1.0494687875085011,1.0028632046328574,0.9853999481573278
0.010000000000000009,1.2585347384701615,1.0493062543490481,1.0021277769599295,0.9844627695296929
0.010500000000000065,1.2585031776375692,1.0491355934626954,1.0013714191129595,0.9835336651017655
0.01100000000000001,1.2584700794560475,1.048956835485815,1.0005959079252438,0.9826121616174809
0.011500000000000066,1.258435444237579,1.0487700124147592,0.999802971004517,0.9816978417178015
0.01200000000000001,1.2583992723135682,1.0485751576243036,0.9989942787915176,0.980790334725846
0.012500000000000067,1.2583615640251236,1.048372305864892,0.9981714379107274,0.9798893091436799
0.013000000000000012,1.2583223197327538,1.0481614932014056,0.9973359856068225,0.9789944666063004
0.013500000000000068,1.2582815398066602,1.0479427569966655,0.9964893854351619,0.9781055370066226
0.014000000000000012,1.2582392246364207,1.0477161359350624,0.9956330239418785,0.9772222745399783
0.014500000000000068,1.258195374621294,1.04748166999343,0.9947682084876953,0.9763444544665487
0.015000000000000013,1.2581499901798892,1.047239400389109,0.9938961659214178,0.9754718704362905
0.01550000000000007,1.2581030717404842,1.0469893695684576,0.9930180422385572,0.9746043322580765
0.016000000000000014,1.25805461975068,1.0467316212289501,0.9921349029258121,0.973741664023103
0.01650000000000007,1.2580046346677312,1.046466200268994,0.9912477341064636,0.9728837025136984
0.017000000000000015,1.2579531169681868,1.0461931527473651,0.9903574442013607,0.9720302958443301
0.01750000000000007,1.2579000671382359,1.0459125258772868,0.9894648662003707,0.9711813022932411
0.018000000000000016,1.2578454856833297,1.0456243680380188,0.9885707602852809,0.9703365892919181
0.018500000000000072,1.2577893731185432,1.0453287287139883,0.9876758168858133,0.9694960325462296
0.019000000000000017,1.2577317299781816,1.0450256584637465,0.9867806599403651,0.9686595152681886
0.019500000000000073,1.257672556806157,1.0447152089202119,0.9858858504083634,0.9678269275012531
0.020000000000000018,1.2576118541655779,1.0443974327839292,0.9849918899033286,0.9669981655251902
0.020500000000000074,1.2575496226291403,1.0440723837630133,0.9840992244046471,0.9661731313289852
0.02100000000000002,1.2574858627887002,1.0437401165483058,0.9832082480035201,0.9653517321422321
0.021500000000000075,1.2574205752456844,1.04340068681779,0.9823193066344775,0.9645338800170834
0.02200000000000002,1.2573537606206404,1.0430541512099951,0.981432701733122,0.9637194914539893
0.022500000000000075,1.2572854195436662,1.0427005672716025,0.9805486938284826,0.9629084870656326
0.02300000000000002,1.2572155526639415,1.0423399934368727,0.97966750599687,0.9621007912742613
0.023500000000000076,1.2571441606401754,1.0419724890318047,0.97878932719561,0.9612963320383306
0.02400000000000002,1.2570712441501168,1.0415981142316482,0.9779143154275505,0.960495040604969
0.024500000000000077,1.256996803881024,1.0412169300184395,0.977042600748835,0.9596968512852599
0.025000000000000022,1.2569208405391497,1.04082899816408,0.9761742880969408,0.9589017012497565
0.025500000000000078,1.256843354840234,1.0404343812286125,0.9753094599355742,0.9581095303417145
0.026000000000000023,1.2567643475189674,1.0400331425093927,0.9744481787234079,0.9573202809076904
0.02650000000000008,1.256683819319503,1.0396253460074003,0.9735904891979583,0.9565338976398315
0.027000000000000024,1.2566017710048973,1.0392110564139179,0.9727364204819704,0.9557503274336564
0.02750000000000008,1.2565182033476465,1.0387903390978201,0.9718859880162026,0.9549695192560664
0.028000000000000025,1.2564331171391003,1.0383632600551358,0.9710391953250543,0.9541914240240226
0.02850000000000008,1.256346513180023,1.0379298858812451,0.9701960356214441,0.9534159944926024
0.029000000000000026,1.2562583922899824,1.0374902837599138,0.9693564932604617,0.9526431851515533
0.02950000000000008,1.2561687552979341,1.0370445214385924,0.9685205450489827,0.9518729521295368
0.030000000000000027,1.2560776030515854,1.036592667183981,0.9676881614211469,0.9511052531053614
0.030500000000000083,1.2559849364080047,1.0361347897578113,0.9668593074885623,0.950340047225576
0.031000000000000028,1.2558907562429569,1.0356709584055908,0.966033943974471,0.9495772950278564
0.031500000000000083,1.2557950634415416,1.0352012428230557,0.9652120280409362,0.9488169583696844
0.03200000000000003,1.2556978589074992,1.0347257131194256,0.9643935140178959,0.948059000361868
0.032500000000000084,1.2555991435538745,1.0342444397954946,0.9635783540426165,0.9473033853064925
0.03300000000000003,1.2554989183122964,1.033757493729165,0.9627664986177131,0.9465500786389438
0.033500000000000085,1.2553971841236697,1.0332649461382881,0.9619578970954844,0.9457990468736651
0.03400000000000003,1.2552939419474223,1.0327668685507139,0.96115249809586,0.9450502575533579
0.034500000000000086,1.2551891927522287,1.0322633327838162,0.9603502498647916,0.9443036792013494
0.03500000000000003,1.2550829375252257,1.0317544109249033,0.9595511005794368,0.9435592812768868
0.03550000000000009,1.254975177262765,1.0312401752962252,0.9587549986060241,0.942817034133134
0.03600000000000003,1.2548659129795974,1.0307206984273891,0.9579618927157786,0.9420769089776694
0.03650000000000009,1.2547551456996575,1.0301960530405652,0.9571717322638785,0.9413388778352966
0.03700000000000003,1.2546428764652147,1.029666312018291,0.9563844673359361,0.9406029135130044
0.03750000000000009,1.2545291063276884,1.0291315483800474,0.9556000488660863,0.9398689895669218
0.038000000000000034,1.254413836356767,1.028591835257948,0.9548184287303814,0.9391370802711239
0.03850000000000009,1.2542970676312557,1.0280472458724,0.9540395598187914,0.9384071605881649
0.039000000000000035,1.2541788012481607,1.0274978535079926,0.953263396088792,0.9376792061412164
0.03950000000000009,1.2540590383135706,1.026943731489873,0.9524898926031714,0.9369531931877015
0.040000000000000036,1.2539377799517046,1.026384953160302,0.9517190055544148,0.9362290985943312
0.04049999999999998,1.2538150272958306,1.0258215918554232,0.9509506922777328,0.935506899813441
0.041000000000000036,1.2536907814972744,1.0252537208826478,0.950184911254568,0.9347865748605528
0.04149999999999998,1.253565043716375,1.0246814134978437,0.9494216221081822,0.9340681022930795
0.04200000000000004,1.2534378151314578,1.024104742883724,0.9486607855927146,0.9333514611900959
0.04249999999999998,1.2533090969298226,1.0235237821285967,0.9479023635769435,0.93263663113312
0.04300000000000004,1.2531788903166818,1.022938604200107,0.9471463190237865,0.9319235921878308
0.04349999999999998,1.2530471965061851,1.0223492819328608,0.9463926159664625,0.9312123248866739
0.04400000000000004,1.2529140167303179,1.0217558880028053,0.9456412194820789,0.9305028102122962
0.044499999999999984,1.252779352229965,1.0211584949027872,0.944892095663317,0.9297950295817659
0.04500000000000004,1.2526432042637694,1.0205571749284792,0.9441452115887696,0.929088964831525
0.045499999999999985,1.2525055740992337,1.019952000161219,0.9434005352924092,0.9283845982030385
0.04600000000000004,1.2523664630215399,1.0193430424424934,0.9426580357325755,0.9276819123290955
0.046499999999999986,1.2522258723246893,1.0187303733531994,0.9419176827608181,0.9269808902207274
0.04700000000000004,1.252083803320282,1.0181140642032536,0.9411794470908543,0.9262815152547094
0.04749999999999999,1.2519402573286964,1.0174941860146496,0.9404433002678683,0.9255837711616115
0.04800000000000004,1.2517952356878272,1.0168708094932342,0.9397092146383202,0.9248876420143681
0.04849999999999999,1.2516487397443068,1.0162440050151949,0.9389771633204101,0.9241931122173425
0.049000000000000044,1.2515007708621986,1.015613842618381,0.9382471201752947,0.9235001664958528
0.04949999999999999,1.2513513304142623,1.014980392033053,0.9375190597791443,0.922808789886143
0.050000000000000044,1.2512004197906035,1.0143437224398828,0.9367929573960905,0.9221189677257685
0.05049999999999999,1.251048040389979,1.0137039028078856,0.9360687889521091,0.9214306856443805
0.051000000000000045,1.2508941936284073,1.0130610017212425,0.9353465310098521,0.9207439295548828
0.05149999999999999,1.2507388809305127,1.012415087088716,0.9346261607444487,0.9200586856449495
0.052000000000000046,1.2505821037380922,1.0117662267130243,0.9339076559202656,0.9193749403688773
0.05249999999999999,1.250423863501506,1.0111144877528708,0.9331909948686227,0.9186926804397632
0.05300000000000005,1.2502641616881947,1.0104599368296727,0.9324761564664449,0.9180118928219856
0.05349999999999999,1.2501029997741182,1.0098026404121994,0.9317631201158321,0.9173325647239798
0.05400000000000005,1.2499403792522263,1.00914266411004,0.9310518657245175,0.9166546835912871
0.05449999999999999,1.2497763016239403,1.0084800731964858,0.9303423736871912,0.9159782370998714
0.05500000000000005,1.2496107684075786,1.0078149325424037,0.9296346248676539,0.9153032131496839
0.055499999999999994,1.2494437811298853,1.0071473063398981,0.9289286005817735,0.9146295998584705
0.05600000000000005,1.2492753413344078,1.0064772582925388,0.9282242825812071,0.9139573855558052
0.056499999999999995,1.24910545057307,1.0058048515699483,0.9275216530378617,0.9132865587773444
0.05700000000000005,1.248934110414504,1.0051301487958428,0.9268206945290541,0.9126171082592858
0.057499999999999996,1.2487613224356713,1.004453212018863,0.9261213900233445,0.9119490229330293
0.05800000000000005,1.2485870882301433,1.0037741027165932,0.9254237228670066,0.9112822919200256
0.058499999999999996,1.2484114093997727,1.0030928817971232,0.9247276767711072,0.9106169045268079
0.05900000000000005,1.2482342875629229,1.0024096095841266,0.9240332357991624,0.9099528502401947
0.0595,1.2480557243461892,1.0017243457910057,0.9233403843553457,0.9092901187226623
0.06000000000000005,1.2478757213925786,1.0010371495332107,0.9226491071732156,0.9086286998078713
0.0605,1.2476942803532787,1.000348079327126,0.9219593893049396,0.9079685834963498
0.061000000000000054,1.2475114028957879,0.9996571930707056,0.921271216110988,0.9073097599513181
0.0615,1.2473270906957343,0.9989645480265799,0.9205845732502752,0.9066522194946567
0.062000000000000055,1.2471413454449545,0.9982702008375767,0.919899446670722,0.9059959526030039
0.0625,1.246954168843363,0.9975742075234131,0.9192158226002204,0.905340949903985
0.06300000000000006,1.2467655626069787,0.9968766234568801,0.9185336875379798,0.9046872021725618
0.0635,1.2465755284598465,0.9961775033594108,0.9178530282462349,0.9040347003275024
0.06400000000000006,1.2463840681420109,0.9954769013155269,0.9171738317422939,0.9033834354279614
0.0645,1.2461911834014885,0.9947748707673277,0.9164960852909171,0.9027333986701709
0.06500000000000006,1.2459968760021896,0.9940714644883355,0.9158197763969992,0.9020845813842345
0.0655,1.2458011477159436,0.9933667345919764,0.9151448927985502,0.901436975031023
0.06600000000000006,1.2456040003303648,0.9926607325423443,0.9144714224599513,0.9007905711991641
0.0665,1.2454054356409334,0.991953509145676,0.913799353565479,0.9001453616021265
0.06700000000000006,1.2452054554588046,0.991245114526193,0.9131286745130787,0.899501338075393
0.0675,1.2450040616029452,0.990535598144607,0.91245937390838,0.898858492573718
0.06800000000000006,1.2448012559078878,0.9898250088045453,0.9117914405589392,0.8982168171684674
0.0685,1.2445970402159197,0.9891133946395743,0.9111248634686994,0.8975763040450402
0.06900000000000006,1.2443914163847827,0.9884008030970214,0.9104596318326564,0.8969369455003631
0.0695,1.244184386279918,0.9876872809607333,0.9097957350317245,0.8962987339404617
0.07000000000000006,1.2439759517821087,0.9869728743540445,0.9091331626277858,0.8956616618780993
0.07050000000000001,1.24376611477978,0.9862576287219479,0.908471904358923,0.8950257219304875
0.07100000000000006,1.243554877176586,0.985541588827089,0.9078119501348204,0.8943909068170599
0.07150000000000001,1.2433422408837655,0.9848247987715325,0.9071532900323291,0.8937572093573103
0.07200000000000006,1.2431282078276704,0.9841073019969613,0.9064959142911879,0.8931246224686918
0.07250000000000001,1.2429127799421806,0.98338914126358,0.905839813309893,0.8924931391645761
0.07300000000000006,1.242695959176173,0.982670358659232,0.90518497764171,0.8918627525522664
0.07350000000000001,1.2424777474859934,0.981950995616964,0.9045313979908222,0.8912334558310707
0.07400000000000007,1.242258146842868,0.9812310929122664,0.9038790652086083,0.8906052422904219
0.07450000000000001,1.242037159225433,0.9805106906423222,0.9032279702900431,0.8899781053080547
0.07500000000000007,1.2418147866270863,0.9797898282459568,0.902578104370231,0.8893520383482278
0.07550000000000001,1.241591031048577,0.9790685445159271,0.9019294587210288,0.8887270349599976
0.07600000000000007,1.2413658945052952,0.9783468775921795,0.9012820247477913,0.8881030887755335
0.07650000000000001,1.2411393790199239,0.9776248649468131,0.9006357939862365,0.8874801935084833
0.07700000000000007,1.2409114866296662,0.9769025434095943,0.8999907580993817,0.8868583429523772
0.07750000000000001,1.2406822193789566,0.9761799491757601,0.8993469088746029,0.8862375309790763
0.07800000000000007,1.2404515793266293,0.9754571177945498,0.8987042382207694,0.88561775153726
0.07850000000000001,1.2402195685386885,0.9747340841646188,0.8980627381654755,0.8849989986509538
0.07900000000000007,1.239986189095415,0.9740108825593338,0.8974224008523585,0.8843812664180931
0.07950000000000002,1.2397514430841987,0.9732875466313093,0.8967832185384901,0.883764549009126
0.08000000000000007,1.239515332606583,0.9725641093971548,0.8961451835918625,0.8831488406656491
0.08050000000000002,1.2392778597711578,0.9718406032449339,0.8955082884889289,0.8825341356990795
0.08100000000000007,1.2390390267005418,0.9711170599555601,0.8948725258122443,0.8819204284893589
0.08150000000000002,1.2387988355243376,0.9703935107044429,0.8942378882481431,0.8813077134836905
0.08200000000000007,1.2385572883860518,0.9696699860451872,0.8936043685845234,0.8806959851953068
0.08250000000000002,1.2383143874361113,0.9689465159276521,0.892971959708653,0.8800852382022677
0.08300000000000007,1.2380701348387209,0.9682231297139289,0.8923406546050865,0.8794754671462875
0.08350000000000002,1.2378245327649418,0.9674998561766336,0.8917104463535884,0.8788666667315923
0.08400000000000007,1.2375775833994864,0.9667767234858268,0.891081328127175,0.8782588317238006
0.08450000000000002,1.2373292889338594,0.966053759233542,0.8904532931901472,0.8776519569488366
0.08500000000000008,1.2370796515730875,0.9653309904447378,0.8898263348962455,0.8770460372918635
0.08550000000000002,1.2368286735289262,0.9646084435714324,0.8892004466867875,0.8764410676962467
0.08600000000000008,1.236576357026524,0.9638861444875297,0.8885756220889283,0.8758370431625383
0.08650000000000002,1.236322704297693,0.9631641185142457,0.8879518547138924,0.8752339587474867
0.08700000000000008,1.2360677175875079,0.9624423904274283,0.8873291382553349,0.8746318095630691
0.08750000000000002,1.2358113991476425,0.9617209844478862,0.8867074664876621,0.874030590775546
0.08800000000000008,1.2355537512429018,0.9609999242463105,0.8860868332644838,0.8734302976045373
0.08850000000000002,1.2352947761446242,0.9602792329656532,0.8854672325170228,0.8728309253221198
0.08900000000000008,1.2350344761371486,0.9595589332256358,0.884848658252632,0.8722324692519455
0.08950000000000002,1.2347728535112794,0.9588390471111443,0.8842311045533203,0.8716349247683792
0.09000000000000008,1.23450991057069,0.9581195961866615,0.8836145655743163,0.8710382872956544
0.09050000000000002,1.2342456496254537,0.9574006015137363,0.8829990355426784,0.8704425523070511
0.09100000000000008,1.2339800729983779,0.9566820836527024,0.8823845087559355,0.8698477153240887
0.09150000000000003,1.2337131830186032,0.9559640626522944,0.8817709795807641,0.8692537719157382
0.09200000000000008,1.2334449820278715,0.9552465580706733,0.8811584424516974,0.8686607176976504
0.09250000000000003,1.2331754723741897,0.95452958898793,0.8805468918698688,0.8680685483314043
0.09300000000000008,1.2329046564180313,0.9538131740044498,0.8799363224017844,0.8674772595237663
0.09350000000000003,1.2326325365260673,0.9530973312356947,0.8793267286781294,0.8668868470259706
0.09400000000000008,1.2323591150772988,0.9523820783352288,0.8787181053926,0.8662973066330116
0.09450000000000003,1.2320843944568582,0.9516674325034252,0.8781104473007664,0.8657086341829536
0.09500000000000008,1.2318083770620705,0.950953410482408,0.877503749218963,0.8651208255562526
0.09550000000000003,1.2315310652963238,0.9502400285585811,0.8768980060232054,0.8645338766750957
0.09600000000000009,1.2312524615750624,0.9495273025837042,0.8762932126481329,0.8639477835027509
0.09650000000000003,1.2309725683197246,0.9488152479808909,0.8756893640859765,0.8633625420428279
0.09700000000000009,1.230691387963667,0.9481038797372674,0.8750864553855522,0.8627781483390824
0.09750000000000003,1.2304089229461714,0.9473932124143811,0.8744844816511608,0.8621945984741598
0.09800000000000009,1.2301251757183,0.9466832601652809,0.8738834380419607,0.8616118885694348
0.09850000000000003,1.2298401487369708,0.9459740367381765,0.8732833197704928,0.861030014784317
0.09900000000000009,1.229553844470743,0.9452655554690016,0.872684122103335,0.8604489733156779
0.09950000000000003,1.2292662653939623,0.9445578292978581,0.8720858403567244,0.8598687603972909
0.10000000000000009,1.2289774139924756,0.9438508707816606,0.8714884698990417,0.8592893722992806
0.10050000000000003,1.2286872927578467,0.9431446920952455,0.8708920061501176,0.8587108053275853
0.10100000000000009,1.228395904193001,0.9424393050267653,0.8702964445769927,0.8581330558234276
0.10150000000000003,1.2281032508065097,0.9417347209968282,0.8697017806956011,0.8575561201627984
0.10200000000000009,1.2278093351181656,0.9410309510674737,0.8691080100714006,0.8569799947559479
0.10250000000000004,1.2275141596533365,0.9403280059404828,0.8685151283149009,0.8564046760468905
0.10300000000000009,1.227217726948471,0.9396258959581694,0.8679231310824888,0.8558301605129139
0.10350000000000004,1.2269200395455213,0.9389246311216533,0.867332014078108,0.855256444664104
0.10399999999999998,1.226621099997379,0.938224221097285,0.8667417730488565,0.854683525042874
0.10450000000000004,1.2263209108623687,0.9375246752127372,0.8661524037849696,0.8541113982235047
0.10499999999999998,1.2260194747096116,0.936826002463848,0.8655639021221816,0.8535400608116934
0.10550000000000004,1.2257167941135907,0.9361282115299544,0.8649762639377201,0.8529695094441115
0.10599999999999998,1.2254128716594435,0.9354313107783451,0.8643894851495109,0.8523997407879703
0.10650000000000004,1.2251077099375975,0.9347353082595531,0.8638035617188013,0.8518307515405934
0.10699999999999998,1.2248013115489906,0.9340402117192463,0.8632184896468892,0.8512625384290005
0.10750000000000004,1.224493679099781,0.9333460286099388,0.8626342649736052,0.8506950982094962
0.10799999999999998,1.2241848152064918,0.9326527660935391,0.8620508837798546,0.8501284276672672
0.10850000000000004,1.2238747224907949,0.9319604310378482,0.8614683421853078,0.8495625236159867
0.10899999999999999,1.2235634035845848,0.931269030031286,0.8608866363462461,0.8489973828974277
0.10950000000000004,1.2232508611248296,0.9305785693913466,0.8603057624577752,0.84843300238108
0.10999999999999999,1.2229370977585778,0.929889055165041,0.8597257167525738,0.8478693789637781
0.11050000000000004,1.2226221161378796,0.9292004931287381,0.8591464954982253,0.8473065095693327
0.11099999999999999,1.2223059189247187,0.9285128888029088,0.8585680949989469,0.8467443911481715
0.11150000000000004,1.2219885087860092,0.9278262474582509,0.8579905115953642,0.8461830206769834
0.11199999999999999,1.2216698883984538,0.9271405741142447,0.8574137416615045,0.8456223951583715
0.11250000000000004,1.2213500604436127,0.9264558735432847,0.8568377816059388,0.8450625116205116
0.11299999999999999,1.221029027612689,0.9257721502834896,0.8562626278724689,0.8445033671168168
0.11350000000000005,1.2207067926016701,0.9250894086431619,0.8556882769369701,0.8439449587256067
0.11399999999999999,1.2203833581160413,0.9244076526983052,0.8551147253079205,0.8433872835497851
0.11450000000000005,1.2200587268659988,0.923726886300643,0.8545419695277889,0.8428303387165206
0.11499999999999999,1.2197329015710905,0.9230471130876997,0.8539700061699572,0.8422741213769341
0.11550000000000005,1.2194058849555023,0.9223683364858328,0.8533988318386416,0.8417186287057924
0.11599999999999999,1.2190776797526253,0.9216905597080114,0.8528284431707204,0.8411638579012051
0.11650000000000005,1.218748288700415,0.9210137857643599,0.8522588368329718,0.8406098061843279
0.11699999999999999,1.2184177145458863,0.9203380174695841,0.851690009521436,0.8400564707990723
0.11750000000000005,1.2180859600405445,0.9196632574445247,0.8511219579633804,0.8395038490118167
0.118,1.2177530279448068,0.9189895081157098,0.8505546789150976,0.8389519381111262
0.11850000000000005,1.2174189210213635,0.9183167717264753,0.8499881691607414,0.8384007354074743
0.119,1.2170836420459774,0.9176450503423648,0.8494224255141984,0.8378502382329714
0.11950000000000005,1.2167471938008823,0.9169743458512327,0.8488574448175958,0.8373004439410958
0.12,1.2164095790683123,0.9163046599655834,0.8482932239396788,0.8367513499064312
0.12050000000000005,1.2160708006348835,0.9156359942325796,0.8477297597774174,0.8362029535244065
0.121,1.2157308613041495,0.9149683500380557,0.8471670492552841,0.8356552522110422
0.12150000000000005,1.2153897638837514,0.9143017286056317,0.8466050893232665,0.8351082434026983
0.122,1.215047511181329,0.9136361310018095,0.8460438769581021,0.8345619245558291
0.12250000000000005,1.214704106008758,0.9129715581440361,0.8454834091632941,0.8340162931467398
0.123,1.2143595511942602,0.9123080108033991,0.8449236829668905,0.8334713466713479
0.12350000000000005,1.2140138495699964,0.9116454896042401,0.8443646954222771,0.832927082644949
0.124,1.2136670039681279,0.9109839950323685,0.843806443607967,0.8323834986019853
0.12450000000000006,1.2133190172249018,0.9103235274367467,0.843248924625114,0.8318405920958181
0.125,1.212969892192322,0.9096640870342835,0.8426921356105918,0.8312983606985052
0.12550000000000006,1.2126196317261806,0.9090056739122898,0.8421360737066558,0.8307568020005793
0.126,1.2122682386822723,0.9083482880331053,0.8415807360880572,0.8302159136108327
0.12650000000000006,1.211915715922178,0.9076919292365582,0.8410261199631438,0.8296756931561036
0.127,1.211562066318925,0.9070365972442676,0.8404722225437077,0.8291361382810654
0.12750000000000006,1.2112072927473532,0.9063822916622405,0.8399190410756209,0.8285972466480217
0.128,1.2108513980897349,0.9057290119847521,0.8393665728342341,0.8280590159367018
0.12850000000000006,1.2104943852320225,0.9050767575971491,0.8388148150984571,0.8275214438440608
0.129,1.210136257067453,0.9044255277800408,0.8382637651825211,0.8269845280840824
0.12950000000000006,1.2097770164928687,0.9037753217091137,0.8377134204261883,0.826448266387585
0.13,1.2094166664122492,0.9031261384626386,0.8371637781731973,0.8259126565020304
0.13050000000000006,1.2090552097331049,0.902477977023464,0.8366148358034796,0.8253776961913354
0.131,1.2086926493699353,0.9018308362789502,0.8360665907187735,0.8248433832356873
0.13150000000000006,1.2083289882406962,0.9011847150254596,0.8355190403254771,0.8243097154313601
0.132,1.2079642292701849,0.9005396119730577,0.8349721820666651,0.8237766905905358
0.13250000000000006,1.207598375386581,0.8998955257473715,0.8344260134037569,0.8232443065411268
0.133,1.207231429524757,0.8992524548896157,0.8338805318037561,0.8227125611266015
0.13350000000000006,1.2068633946228937,0.8986103978617582,0.8333357347704177,0.8221814522058128
0.134,1.2064942736257174,0.897969353049998,0.832791619822682,0.8216509776528282
0.13450000000000006,1.2061240694811883,0.8973293187659709,0.8322481844862067,0.8211211353567636
0.135,1.2057527851436638,0.8966902932475769,0.8317054263230595,0.820591923221619
0.13550000000000006,1.205380423570662,0.8960522746639851,0.8311633429076616,0.8200633391661155
0.136,1.2050069877259495,0.8954152611182356,0.8306219318224743,0.8195353811235382
0.13650000000000007,1.2046324805763804,0.8947792506478905,0.8300811906855975,0.8190080470415756
0.137,1.2042569050949097,0.8941442412268924,0.8295411171250099,0.8184813348821677
0.13750000000000007,1.2038802642575053,0.893510230769838,0.8290017087782143,0.8179552426213519
0.138,1.2035025610460885,0.8928772171339892,0.8284629633171514,0.8174297682491125
0.13850000000000007,1.2031237984455212,0.8922451981196122,0.827924878421546,0.8169049097692327
0.139,1.20274397944647,0.8916141714726961,0.8273874517822448,0.8163806651991484
0.13950000000000007,1.202363107042468,0.8909841348883137,0.8268506811229419,0.8158570325698036
0.14,1.201981184232707,0.8903550860121864,0.8263145641734033,0.8153340099255092
0.14050000000000007,1.2015982140191714,0.8897270224410296,0.8257790986761575,0.8148115953238019
0.14100000000000001,1.2012141994093564,0.8890999417257325,0.8252442824046902,0.8142897868353074
0.14150000000000007,1.2008291434134772,0.8884738413738823,0.8247101131371916,0.8137685825436023
0.14200000000000002,1.2004430490471136,0.887848718850937,0.8241765886662492,0.8132479805450824
0.14250000000000007,1.200055919328491,0.8872245715808943,0.8236437068132902,0.812727978948828
0.14300000000000002,1.1996677572810523,0.8866013969494493,0.8231114654033985,0.8122085758764745
0.14350000000000007,1.1992785659308138,0.88597919230589,0.8225798622776336,0.8116897694620837
0.14400000000000002,1.198888348308864,0.88535795496393,0.8220488953036235,0.8111715578520166
0.14450000000000007,1.1984971074487891,0.8847376822028835,0.8215185623518905,0.8106539392048079
0.14500000000000002,1.1981048463891033,0.8841183712704099,0.8209888613104195,0.810136911691043
0.14550000000000007,1.1977115681707453,0.8835000193839944,0.8204597900913952,0.8096204734932362
0.14600000000000002,1.197317275839435,0.882882623731567,0.819931346609399,0.80910462280571
0.14650000000000007,1.1969219724432458,0.8822661814731115,0.8194035287978302,0.8085893578344772
0.14700000000000002,1.1965256610348853,0.8816506897428591,0.8188763346118801,0.8080746767971236
0.14750000000000008,1.1961283446693423,0.8810361456504802,0.8183497620088769,0.8075605779226928
0.14800000000000002,1.195730026406095,0.8804225462816518,0.817823808966163,0.8070470594515721
0.14850000000000008,1.19533070930683,0.8798098886998903,0.8172984734804715,0.8065341196353805
0.14900000000000002,1.1949303964375786,0.8791981699482228,0.8167737535506285,0.8060217567368584
0.14950000000000008,1.194529090866508,0.8785873870501593,0.816249647196487,0.8055099690297569
0.15000000000000002,1.1941267956659867,0.8779775370103575,0.8157261524549356,0.8049987547987318
0.15050000000000008,1.193723513910445,0.8773686168164238,0.8152032673651116,0.8044881123392351
0.15100000000000002,1.1933192486783715,0.8767606234401825,0.8146809899879818,0.8039780399574117
0.15150000000000008,1.192914003050245,0.8761535538384772,0.8141593183992806,0.8034685359699945
0.15200000000000002,1.1925077801104582,0.8755474049540124,0.8136382506773243,0.8029595987042027
0.15250000000000008,1.1921005829453228,0.8749421737169171,0.8131177849228348,0.802451226497641
0.15300000000000002,1.191692414644921,0.8743378570457467,0.8125979192491521,0.8019434176981994
0.15350000000000008,1.1912832783011815,0.8737344518481788,0.8120786517726917,0.8014361706639547
0.15400000000000003,1.1908731770096614,0.8731319550219403,0.8115599806326105,0.8009294837630742
0.15450000000000008,1.1904621138676936,0.8725303634563217,0.8110419039786759,0.8004233553737187
0.15500000000000003,1.1900500919760955,0.8719296740324647,0.8105244199643757,0.7999177838839491
0.15550000000000008,1.18963711443739,0.8713298836245654,0.8100075267660144,0.7994127676916313
0.15600000000000003,1.1892231843574423,0.8707309891006974,0.8094912225686739,0.7989083052043461
0.15650000000000008,1.1888083048437523,0.8701329873236193,0.8089755055619292,0.798404394839296
0.15700000000000003,1.1883924790070208,0.8695358751516223,0.8084603739579849,0.7979010350232165
0.15750000000000008,1.1879757099595123,0.8689396494392884,0.8079458259761774,0.7973982241922872
0.15800000000000003,1.1875580008165505,0.8683443070382832,0.8074318598412321,0.7968959607920434
0.15850000000000009,1.1871393546949536,0.8677498447980785,0.8069184738000372,0.7963942432772898
0.15900000000000003,1.1867197747144578,0.8671562595666801,0.8064056661051812,0.7958930701120163
0.1595000000000001,1.1862992639962233,0.8665635481913216,0.8058934350156377,0.7953924397693106
0.16000000000000003,1.1858778256641889,0.8659717075191382,0.8053817788118032,0.794892350731278
0.1605000000000001,1.185455462843647,0.8653807343978206,0.8048706957785684,0.7943928014889565
0.16100000000000003,1.185032178662529,0.8647906256762424,0.8043601842082732,0.7938937905422377
0.1615000000000001,1.1846079762500505,0.8642013782050751,0.8038502424136998,0.7933953163997841
0.16200000000000003,1.1841828587379268,0.8636129888373744,0.8033408687111435,0.7928973775789514
0.1625000000000001,1.1837568292590879,0.8630254544291511,0.8028320614254343,0.792399972605709
0.16300000000000003,1.183329890948825,0.8624387718399262,0.8023238189006799,0.7919031000145635
0.1635000000000001,1.1829020469435754,0.8618529379332526,0.8018161394837228,0.7914067583484814
0.16400000000000003,1.1824733003819996,0.8612679495772462,0.8013090215310203,0.7909109461588137
0.1645000000000001,1.1820436544038344,0.8606838036450557,0.8008024634170002,0.7904156620052218
0.16500000000000004,1.1816131121509035,0.8601004970153174,0.8002964635182364,0.7899209044556024
0.1655000000000001,1.1811816767660375,0.8595180265728276,0.7997910202219602,0.7894266720860155
0.16600000000000004,1.1807493513940175,0.8589363892086281,0.7992861319319683,0.7889329634806128
0.1665000000000001,1.1803161391805634,0.8583555818205836,0.7987817970537856,0.788439777231565
0.16700000000000004,1.1798820432732096,0.8577756013140154,0.7982780140045802,0.7879471119389928
0.1675000000000001,1.1794470668203607,0.8571964446018734,0.7977747812166122,0.787454966210897
0.16800000000000004,1.1790112129721004,0.8566181086050145,0.7972720971236166,0.7869633386630892
0.16849999999999998,1.1785744848793156,0.8560405902527237,0.7967699601718691,0.7864722279191251
0.16900000000000004,1.1781368856944359,0.855463886483248,0.7962683688212374,0.7859816326102358
0.16949999999999998,1.1776984185706283,0.854887994243837,0.7957673215329567,0.7854915513752632
0.17000000000000004,1.1772590866624677,0.8543129104910073,0.795266816781597,0.7850019828605932
0.17049999999999998,1.176818893125199,0.8537386321911298,0.7947668530538201,0.7845129257200912
0.17100000000000004,1.1763778411153416,0.8531651563207608,0.7942674288376832,0.7840243786150386
0.17149999999999999,1.1759359337900184,0.8525924798666247,0.7937685426352512,0.7835363402140689
0.17200000000000004,1.1754931743074932,0.8520205998258851,0.7932701929592062,0.7830488091931052
0.1725,1.1750495658265678,0.8514495132067814,0.7927723783237797,0.7825617842352988
0.17300000000000004,1.1746051115070522,0.8508792170287156,0.7922750972577454,0.782075264030967
0.1735,1.174159814509228,0.8503097083222407,0.7917783482990715,0.7815892472775344
0.17400000000000004,1.1737136779942536,0.8497409841293673,0.7912821299875432,0.781103732679471
0.1745,1.1732667051237116,0.849173041504182,0.7907864408778729,0.7806187189482353
0.17500000000000004,1.1728188990598527,0.8486058775127134,0.7902912795326142,0.7801342048022136
0.1755,1.1723702629654118,0.84803948923296,0.7897966445165139,0.7796501889666647
0.17600000000000005,1.1719208000035788,0.8474738737552698,0.789302534409465,0.7791666701736601
0.1765,1.1714705133379577,0.8469090281828312,0.7888089477979425,0.7786836471620302
0.17700000000000005,1.171019406132525,0.8463449496314046,0.7883158832710853,0.7782011186773062
0.1775,1.1705674815515694,0.8457816352293962,0.7878233394332258,0.777719083471667
0.17800000000000005,1.1701147427596459,0.8452190821183323,0.7873313148941264,0.7772375403038818
0.1785,1.1696611929215295,0.8446572874531205,0.7868398082667737,0.7767564879392593
0.17900000000000005,1.1692068352021707,0.8440962484017553,0.7863488181792119,0.7762759251495919
0.1795,1.168751672766643,0.8435359621454314,0.7858583432638873,0.7757958507131039
0.18000000000000005,1.1682957087800945,0.8429764258790983,0.7853683821571111,0.7753162634143991
0.1805,1.167838946407705,0.8424176368114472,0.7848789335099281,0.7748371620444091
0.18100000000000005,1.167381388814635,0.8418595921646661,0.7843899959768939,0.7743585454003421
0.1815,1.1669230391659784,0.8413022891746051,0.7839015682171376,0.7738804122856328
0.18200000000000005,1.1664639006267181,0.8407457250913469,0.7834136489040128,0.7734027615098912
0.1825,1.1660039763616792,0.8401898971789422,0.7829262367136415,0.7729255918888549
0.18300000000000005,1.1655432695354766,0.8396348027152515,0.7824393303274649,0.7724489022443387
0.1835,1.1650817833124718,0.8390804389921915,0.7819529284404869,0.7719726914041869
0.18400000000000005,1.1646195208567303,0.838526803316211,0.7814670297498784,0.7714969582022252
0.1845,1.164156485331975,0.8379738930078657,0.7809816329588875,0.7710217014782138
0.18500000000000005,1.1636926799015288,0.8374217054017471,0.7804967367835431,0.7705469200777992
0.1855,1.1632281077282767,0.8368702378468376,0.7800123399415693,0.7700726128524699
0.18600000000000005,1.1627627719746252,0.8363194877067703,0.7795284411575186,0.7695987786595083
0.1865,1.162296675802456,0.8357694523593738,0.7790450391678502,0.7691254163619473
0.18700000000000006,1.1618298223730628,0.8352201291966641,0.7785621327103669,0.7686525248285238
0.1875,1.1613622148471199,0.8346715156253044,0.7780797205304265,0.7681801029336356
0.18800000000000006,1.1608938563846445,0.8341236090665886,0.7775978013843515,0.767708149557296
0.1885,1.1604247501449767,0.8335764069560445,0.7771163740295716,0.7672366635850921
0.18900000000000006,1.1599548992865587,0.833029906743492,0.7766354372317521,0.7667656439081396
0.1895,1.159484306967273,0.8324841058935482,0.7761549897665402,0.7662950894230423
0.19000000000000006,1.1590129763438741,0.8319390018853465,0.7756750304105586,0.765824999031848
0.1905,1.1585409105725246,0.8313945922122481,0.7751955579492869,0.7653553716420085
0.19100000000000006,1.158068112808141,0.8308508743819774,0.7747165711771843,0.7648862061663372
0.1915,1.157594586204987,0.8303078459170797,0.7742380688896507,0.7644175015229686
0.19200000000000006,1.1571203339159637,0.8297655043542205,0.7737600498914916,0.7639492566353177
0.1925,1.1566453590932617,0.8292238472431344,0.7732825129954891,0.7634814704320401
0.19300000000000006,1.156169664887591,0.8286828721542161,0.7728054570154222,0.7630141418469922
0.1935,1.1556932544488938,0.8281425766625206,0.7723288807749389,0.7625472698191927
0.19400000000000006,1.155216130925516,0.8276029583633144,0.7718527831046773,0.7620808532927822
0.1945,1.1547382974649774,0.8270640148689369,0.7713771628364147,0.7616148912169869
0.19500000000000006,1.1542597572130866,0.826525743796138,0.7709020188121617,0.761149382546078
0.1955,1.1537805133147698,0.8259881427866184,0.7704273498799687,0.7606843262393368
0.19600000000000006,1.1533005689131277,0.8254512094919746,0.7699531548892448,0.7602197212610154
0.1965,1.152819927150321,0.8249149415728394,0.7694794326998906,0.7597555665803005
0.19700000000000006,1.1523385911665731,0.8243793367149229,0.7690061821769444,0.7592918611712766
0.1975,1.15185656410111,0.8238443926086733,0.7685334021870951,0.7588286040128907
0.19800000000000006,1.1513738490911083,0.8233101069603613,0.7680610916076664,0.7583657940889148
0.1985,1.1508904492726924,0.8227764774967393,0.7675892493202793,0.7579034303879127
0.19900000000000007,1.1504063677798249,0.8222435019478962,0.7671178742085657,0.757441511903203
0.1995,1.1499216077453611,0.8217111780658063,0.7666469651668109,0.7569800376328246
0.20000000000000007,1.1494361722998852,0.8211795036160588,0.7661765210928309,0.7565190065795036
0.2005,1.1489500645728175,0.8206484763699253,0.7657065408868776,0.7560584177506177
0.20100000000000007,1.1484632876911984,0.8201180941234517,0.7652370234597415,0.7555982701581628
0.2015,1.1479758447808506,0.8195883546797668,0.7647679677250662,0.7551385628187213
0.20200000000000007,1.1474877389651075,0.819059255853302,0.76429937259941,0.7546792947534255
0.2025,1.1469989733660313,0.8185307954811811,0.7638312370096214,0.7542204649879286
0.20300000000000007,1.1465095511030878,0.8180029714040772,0.7633635598848197,0.7537620725523697
0.20350000000000001,1.1460194752944173,0.8174757814804353,0.7628963401575629,0.7533041164813423
0.20400000000000007,1.1455287490554569,0.8169492235857136,0.762429576770323,0.7528465958138637
0.20450000000000002,1.1450373755002656,0.8164232955990567,0.7619632686673629,0.7523895095933416
0.20500000000000007,1.1445453577400946,0.8158979954221268,0.7614974147969278,0.7519328568675436
0.20550000000000002,1.1440526988847626,0.8153733209668081,0.761032014116702,0.7514766366885676
0.20600000000000007,1.1435594020411763,0.8148492701523127,0.7605670655857716,0.7510208481128086
0.20650000000000002,1.1430654703147587,0.814325840921172,0.7601025681677585,0.7505654902009308
0.20700000000000007,1.1425709068079164,0.8138030312208328,0.759638520835163,0.7501105620178355
0.20750000000000002,1.142075714621521,0.8132808390120561,0.7591749225615914,0.7496560626326342
0.20800000000000007,1.1415798968533242,0.8127592622751793,0.7587117723257267,0.749201991118615
0.20850000000000002,1.1410834565994923,0.8122382989935424,0.7582490691145122,0.7487483465532178
0.20900000000000007,1.1405863969529697,0.8117179471694745,0.7577868119157788,0.7482951280180019
0.20950000000000002,1.140088721005065,0.8111982048187453,0.757324999722959,0.7478423345986196
0.21000000000000008,1.139590431843764,0.8106790699616323,0.7568636315370787,0.7473899653847863
0.21050000000000002,1.1390915325553659,0.810160540640542,0.7564027063599148,0.7469380194702534
0.21100000000000008,1.1385920262227478,0.8096426149051361,0.7559422231993335,0.7464864959527804
0.21150000000000002,1.138091915927051,0.8091252908141819,0.7554821810701029,0.7460353939341066
0.21200000000000008,1.1375912047458956,0.8086085664473723,0.755022578987675,0.7455847125199242
0.21250000000000002,1.137089895755116,0.8080924398878832,0.7545634159740376,0.7451344508198516
0.21300000000000008,1.1365879920269277,0.8075769092337621,0.7541046910573734,0.7446846079474054
0.21350000000000002,1.1360854966317127,0.8070619725992237,0.7536464032665521,0.7442351830199756
0.21400000000000008,1.135582412636137,0.8065476281015015,0.7531885516373696,0.7437861751587973
0.21450000000000002,1.1350787431049842,0.8060338738772568,0.752731135211112,0.7433375834889259
0.21500000000000008,1.134574491099227,0.8055207080732406,0.7522741530298179,0.7428894071392111
0.21550000000000002,1.1340696596779072,0.8050081288419014,0.7518176041427804,0.7424416452422709
0.21600000000000008,1.1335642518961606,0.8044961343564776,0.75136148760409,0.7419942969344662
0.21650000000000003,1.1330582708071464,0.8039847227951658,0.7509058024687173,0.7415473613558758
0.21700000000000008,1.132551719460023,0.8034738923469081,0.7504505477991413,0.7411008376502719
0.21750000000000003,1.1320446009019247,0.8029636412186578,0.7499957226619729,0.7406547249650945
0.21800000000000008,1.1315369181758934,0.8024539676200769,0.7495413261248852,0.7402090224514275
0.21850000000000003,1.1310286743229008,0.8019448697767088,0.7490873572632357,0.7397637292639745
0.21900000000000008,1.1305198723797334,0.8014363459268842,0.7486338151558825,0.7393188445610342
0.21950000000000003,1.1300105153810625,0.8009283943124338,0.7481806988829817,0.7388743675044773
0.22000000000000008,1.1295006063572826,0.8004210131942817,0.747728007532462,0.7384302972597224
0.22050000000000003,1.1289901483366287,0.7999142008405502,0.7472757401951693,0.737986632995713
0.22100000000000009,1.1284791443429696,0.7994079555264453,0.7468238959635307,0.7375433738848932
0.22150000000000003,1.1279675973979686,0.7989022755458717,0.7463724739377428,0.7371005191031863
0.2220000000000001,1.1274555105188346,0.7983971591961331,0.7459214732203885,0.7366580678299708
0.22250000000000003,1.1269428867205271,0.7978926047865995,0.7454708929159639,0.736216019248059
0.2230000000000001,1.1264297290134628,0.7973886106415544,0.7450207321366308,0.7357743725436728
0.22350000000000003,1.125916040405766,0.7968851750877703,0.744570989996472,0.7353331269064236
0.2240000000000001,1.1254018239009316,0.796382296468317,0.7441216656118542,0.7348922815292881
0.22450000000000003,1.1248870825001178,0.7958799731359417,0.7436727581066079,0.7344518356085888
0.2250000000000001,1.1243718191997687,0.795378203447719,0.74322426660609,0.7340117883439707
0.22550000000000003,1.1238560369939492,0.7948769857787709,0.7427761902383391,0.7335721389383806
0.2260000000000001,1.1233397388719246,0.7943763185091353,0.7423285281385682,0.7331328865980455
0.22650000000000003,1.1228229278205393,0.7938762000272933,0.7418812794431929,0.7326940305324522
0.2270000000000001,1.1223056068217547,0.7933766287379039,0.7414344432917219,0.7322555699543254
0.22750000000000004,1.1217877788550692,0.7928776030481112,0.7409880188304783,0.7318175040796081
0.2280000000000001,1.1212694468950148,0.7923791213780348,0.7405420052067294,0.73137983212744
0.22850000000000004,1.1207506139136214,0.7918811821596826,0.7400964015712497,0.7309425533201381
0.2290000000000001,1.1202312828778707,0.7913837838277694,0.7396512070812113,0.7305056668831764
0.22950000000000004,1.119711456752199,0.790886924833136,0.7392064208945356,0.7300691720451654
0.2300000000000001,1.1191911384959163,0.7903906036336092,0.7387620421730565,0.7296330680378323
0.23050000000000004,1.118670331065747,0.78989481869241,0.7383180700845462,0.7291973540960023
0.2310000000000001,1.1181490374132086,0.7893995684891365,0.7378745037973894,0.7287620294575776
0.23150000000000004,1.117627260487194,0.7889048515067051,0.7374313424842721,0.7283270933635199
0.2320000000000001,1.1171050032313103,0.7884106662376257,0.7369885853233277,0.7278925450578292
0.23250000000000004,1.1165822685865021,0.7879170111879173,0.7365462314932222,0.7274583837875267
0.23299999999999998,1.1160590594883495,0.7874238848656937,0.7361042801772848,0.7270246088026346
0.23350000000000004,1.115535378869731,0.7869312857925047,0.7356627305637823,0.7265912193561587
0.23399999999999999,1.1150112296580865,0.7864392124990074,0.7352215818414864,0.7261582147040683
0.23450000000000004,1.114486614778115,0.7859476635191187,0.7347808332041595,0.7257255941052789
0.235,1.113961537149,0.7854566374021543,0.7343404838499841,0.7252933568216343
0.23550000000000004,1.1134359996871486,0.7849661327022514,0.7339005329776692,0.7248615021178874
0.236,1.1129100053033774,0.784476147980064,0.7334609797911997,0.7244300292616833
0.23650000000000004,1.1123835569056892,0.7839866818105626,0.7330218234984655,0.7239989375235412
0.237,1.1118566573964237,0.7834977327710424,0.7325830633079511,0.7235682261768364
0.23750000000000004,1.11132930967507,0.7830092994492458,0.7321446984336529,0.7231378944977834
0.238,1.110801516635381,0.7825213804438068,0.7317067280929686,0.7227079417654186
0.23850000000000005,1.110273281168224,0.7820339743554794,0.731269151504003,0.7222783672615823
0.239,1.1097446061586589,0.7815470797984566,0.7308319678905529,0.721849170270903
0.23950000000000005,1.1092154944888235,0.7810606953936148,0.7303951764793324,0.7214203500807792
0.24,1.1086859490349787,0.7805748197658858,0.7299587764979176,0.7209919059813636
0.24050000000000005,1.1081559726704284,0.7800894515543675,0.7295227671796949,0.7205638372655456
0.241,1.1076255682625302,0.7796045894014001,0.7290871477605119,0.7201361432289357
0.24150000000000005,1.10709473867565,0.7791202319568528,0.7286519174772716,0.7197088231698487
0.242,1.1065634867681398,0.7786363778826936,0.72821707557274,0.7192818763892876
0.24250000000000005,1.1060318153953255,0.77815302584271,0.7277826212917231,0.7188553021909269
0.243,1.1054997274064515,0.7776701745116487,0.7273485538803126,0.7184290998810979
0.24350000000000005,1.1049672256477039,0.7771878225727247,0.7269148725904433,0.7180032687687715
0.244,1.10443431295912,0.7767059687116142,0.7264815766757127,0.717577808165544
0.24450000000000005,1.1039009921776466,0.7762246116269956,0.7260486653912674,0.7171527173856196
0.245,1.1033672661340161,0.7757437500222373,0.7256161379980031,0.7167279957457969
0.24550000000000005,1.1028331376558385,0.7752633826056781,0.7251839937581472,0.7163036425654524
0.246,1.1022986095644454,0.7747835080982145,0.7247522319357713,0.7158796571665254
0.24650000000000005,1.101763684678013,0.7743041252229576,0.7243208518005254,0.7154560388735034
0.247,1.1012283658083768,0.773825232711352,0.7238898526231173,0.7150327870134066
0.24750000000000005,1.1006926557641858,0.7733468293047343,0.7234592336764074,0.7146099009157734
0.248,1.100156557347686,0.7728689137461423,0.7230289942386048,0.7141873799126458
0.24850000000000005,1.0996200733579056,0.7723914847897266,0.722599133588751,0.713765223338554
0.249,1.0990832065874094,0.7719145411959687,0.7221696510083598,0.713343430530503
0.24950000000000006,1.098545959825514,0.7714380817283857,0.7217405457840105,0.7129220008279576
0.25,1.0980083358550117,0.7709621051626504,0.7213118172029392,0.7125009335728278
0.25050000000000006,1.0974703374554173,0.7704866102776111,0.7208834645551728,0.7120802281094556
0.251,1.0969319673996634,0.7700115958579731,0.7204554871354818,0.7116598837845998
0.25150000000000006,1.0963932284573739,0.7695370606992067,0.720027884239163,0.7112398999474233
0.252,1.095854123391533,0.7690630035984186,0.7196006551646146,0.7108202759494782
0.25250000000000006,1.0953146549617885,0.7685894233615959,0.7191737992146255,0.7104010111446927
0.253,1.0947748259210899,0.7681163188025462,0.7187473156924256,0.7099821048893571
0.25350000000000006,1.0942346390190227,0.7676436887369538,0.7183212039046398,0.7095635565421107
0.254,1.0936940969984186,0.7671715319914189,0.7178954631619122,0.7091453654639283
0.25450000000000006,1.093153202598717,0.7666998473970728,0.7174700927752806,0.7087275310181061
0.255,1.0926119585525478,0.7662286337888135,0.7170450920594534,0.7083100525702504
0.25550000000000006,1.0920703675891226,0.7657578900124936,0.7166204603327702,0.7078929294882618
0.256,1.0915284324307886,0.765287614916111,0.7161961969139593,0.7074761611423248
0.25650000000000006,1.090986155796448,0.7648178073542694,0.7157723011256653,0.7070597469048933
0.257,1.0904435403980857,0.7643484661905157,0.7153487722937728,0.7066436861506786
0.25750000000000006,1.089900588944215,0.7638795902898068,0.7149256097445864,0.7062279782566361
0.258,1.0893573041363813,0.7634111785262504,0.7145028128085394,0.7058126226019527
0.25850000000000006,1.0888136886726305,0.7629432297799122,0.7140803808189163,0.7053976185680353
0.259,1.08826974524399,0.7624757429331379,0.7136583131094892,0.704982965538497
0.25950000000000006,1.0877254765379638,0.7620087168786509,0.7132366090183307,0.704568662899146
0.26,1.0871808852349862,0.7615421505122906,0.7128152678859874,0.7041547100379721
0.26050000000000006,1.0866359740119433,0.7610760427344245,0.7123942890535928,0.7037411063451358
0.261,1.0860907455386024,0.7606103924549669,0.71197367186671,0.7033278512129556
0.26150000000000007,1.085545202481159,0.7601451985853505,0.7115534156730142,0.7029149440358959
0.262,1.0849993474986406,0.7596804600441791,0.7111335198209,0.7025023842105558
0.26250000000000007,1.0844531832464797,0.7592161757572468,0.7107139836632704,0.7020901711356564
0.263,1.083906712372894,0.7587523446518112,0.7102948065548024,0.7016783042120303
0.26350000000000007,1.0833599375224823,0.7582889656642634,0.7098759878510534,0.7012667828426083
0.264,1.0828128613325825,0.7578260377353535,0.7094575269121173,0.7008556064324104
0.26450000000000007,1.0822654864368908,0.757363559808676,0.7090394230995499,0.7004447743885313
0.265,1.0817178154617975,0.7569015308373547,0.7086216757759786,0.7000342861201316
0.26550000000000007,1.0811698510300285,0.7564399497766131,0.7082042843085364,0.6996241410384252
0.266,1.0806215957569596,0.7559788155868956,0.7077872480655425,0.6992143385566685
0.26650000000000007,1.0800730522542807,0.7555181272367062,0.7073705664166025,0.6988048780901492
0.267,1.0795242231262883,0.7550578836957694,0.7069542387357395,0.698395759056176
0.26750000000000007,1.0789751109735708,0.754598083941325,0.7065382643979238,0.697986980874066
0.268,1.078425718389282,0.7541387269562009,0.7061226427796493,0.6975785429651356
0.26850000000000007,1.077876047962846,0.7536798117249507,0.7057073732616822,0.6971704447526886
0.269,1.0773261022762106,0.7532213372409658,0.7052924552255396,0.696762685662006
0.2695000000000001,1.0767758839075745,0.7527633025006947,0.7048778880545082,0.6963552651203359
0.27,1.0762253954276186,0.7523057065040726,0.7044636711359585,0.6959481825568813
0.2705000000000001,1.0756746394032555,0.7518485482594851,0.7040498038578523,0.6955414374027913
0.271,1.0751236183938406,0.7513918267767693,0.703636285610173,0.6951350290911498
0.2715000000000001,1.0745723349549408,0.7509355410715385,0.7032231157867611,0.6947289570569655
0.272,1.0740207916345272,0.7504796901660048,0.7028102937819262,0.6943232207371619
0.2725000000000001,1.073468990976764,0.7500242730835541,0.7023978189922494,0.6939178195705666
0.273,1.0729169355181822,0.7495692888552051,0.701985690817913,0.6935127529979015
0.2735000000000001,1.0723646277914867,0.7491147365161545,0.7015739086594808,0.6931080204617726
0.274,1.0718120703217124,0.7486606151037486,0.7011624719200307,0.6927036214066604
0.2745000000000001,1.0712592656300508,0.748206923663607,0.700751380005964,0.6922995552789096
0.275,1.070706216229987,0.7477536612434253,0.7003406323240096,0.6918958215267197
0.2755000000000001,1.0701529246311448,0.7473008268950105,0.6999302282836387,0.6914924196001347
0.276,1.069599393335408,0.7468484196774299,0.6995201672973543,0.6910893489510341
0.2765000000000001,1.0690456248407807,0.7463964386508468,0.6991104487779631,0.6906866090331232
0.277,1.0684916216374936,0.7459448828815936,0.6987010721412266,0.6902841993019224
0.2775000000000001,1.0679373862118808,0.7454937514412285,0.6982920368056359,0.6898821192147597
0.278,1.0673829210424701,0.7450430434026378,0.6978833421899939,0.6894803682307599
0.2785000000000001,1.0668282286038766,0.7445927578462236,0.697474987716245,0.6890789458108352
0.279,1.0662733113628766,0.7441428938553839,0.6970669728087612,0.6886778514176769
0.2795000000000001,1.0657181717823183,0.7436934505161943,0.6966592968922615,0.6882770845157458
0.28,1.06516281231718,0.743244426922206,0.6962519593947668,0.6878766445712625
0.2805000000000001,1.064607235418496,0.742795822168386,0.6958449597464256,0.6874765310521986
0.281,1.0640514435293997,0.7423476353543483,0.6954382973777975,0.6870767434282685
0.2815000000000001,1.0634954390890679,0.7418998655857564,0.6950319717228706,0.6866772811709191
0.28200000000000003,1.0629392245287457,0.7414525119692501,0.6946259822174717,0.6862781437533221
0.2825000000000001,1.0623828022757063,0.7410055736178451,0.6942203282979262,0.6858793306503643
0.28300000000000003,1.061826174749264,0.7405590496485508,0.6938150094040818,0.6854808413386394
0.2835000000000001,1.0612693443647467,0.7401129391800093,0.6934100249773466,0.6850826752964393
0.28400000000000003,1.060712313529496,0.7396672413380352,0.6930053744597431,0.6846848320037447
0.2845000000000001,1.0601550846468526,0.739221955250508,0.6926010572968666,0.6842873109422176
0.28500000000000003,1.0595976601121448,0.7387770800485376,0.6921970729356167,0.6838901115951921
0.2855000000000001,1.0590400423166875,0.7383326148697699,0.6917934208236441,0.6834932334476657
0.28600000000000003,1.0584822336437563,0.737888558852875,0.6913901004121821,0.683096675986292
0.2865000000000001,1.0579242364726005,0.7374449111415812,0.6909871111535332,0.6827004386993707
0.28700000000000003,1.0573660531744062,0.7370016708845009,0.6905844525009116,0.6823045210768411
0.2875000000000001,1.0568076861163203,0.736558837231288,0.6901821239110766,0.6819089226102724
0.28800000000000003,1.0562491376574017,0.7361164093379872,0.6897801248416511,0.6815136427928563
0.2885000000000001,1.0556904101526592,0.7356743863635719,0.689378454751348,0.6811186811193988
0.28900000000000003,1.0551315059489892,0.7352327674690707,0.6889771131023427,0.6807240370863118
0.2895000000000001,1.0545724273892279,0.7347915518221204,0.6885760993574984,0.680329710191605
0.29000000000000004,1.0540131768080763,0.7343507385917633,0.688175412980962,0.6799356999348792
0.2905000000000001,1.0534537565361626,0.7339103269507725,0.6877750534402174,0.6795420058173163
0.29100000000000004,1.0528941688959603,0.7334703160774666,0.6873750202032936,0.6791486273416729
0.2915000000000001,1.0523344162058583,0.7330307051510099,0.6869753127397016,0.6787555640122725
0.29200000000000004,1.05177450077607,0.7325914933558916,0.6865759305221331,0.6783628153349973
0.2925000000000001,1.0512144249127142,0.7321526798804096,0.686176873023709,0.67797038081728
0.29300000000000004,1.0506541909137148,0.731714263914115,0.6857781397192354,0.6775782599680975
0.2935000000000001,1.0500938010728906,0.7312762446527695,0.6853797300865128,0.6771864522979621
0.29400000000000004,1.049533257675846,0.7308386212941954,0.6849816436036846,0.6767949573189146
0.2945000000000001,1.0489725630040718,0.7304013930387449,0.6845838797507797,0.6764037745445164
0.29500000000000004,1.0484117193308256,0.7299645590926557,0.6841864380106131,0.6760129034898427
0.2955000000000001,1.0478507289252426,0.7295281186631515,0.6837893178662844,0.675622343671474
0.29600000000000004,1.047289594048207,0.7290920709616016,0.6833925188029704,0.6752320946074899
0.2965,1.0467283169564727,0.7286564152039341,0.6829960403084109,0.6748421558174613
0.29700000000000004,1.046166899898525,0.7282211506069187,0.6825998818705973,0.6744525268224425
0.2975,1.0456053451187113,0.7277862763927576,0.6822040429797784,0.6740632071449658
0.29800000000000004,1.045043654853094,0.7273517917865098,0.6818085231285328,0.6736741963090324
0.2985,1.0444818313335902,0.7269176960148133,0.6814133218096817,0.6732854938401059
0.29900000000000004,1.0439198767838171,0.7264839883101432,0.6810184385184685,0.6728970992651062
0.2995,1.0433577934232388,0.7260506679063842,0.6806238727522279,0.6725090121124011
0.30000000000000004,1.042795583463005,0.7256177340404125,0.6802296240085516,0.6721212319118002
0.3005,1.0422332491101058,0.7251851859541849,0.6798356917875991,0.6717337581945473
0.30100000000000005,1.0416707925632032,0.7247530228904225,0.6794420755913808,0.6713465904933145
0.3015,1.0411082160167926,0.7243212440962924,0.6790487749222032,0.6709597283421946
0.30200000000000005,1.0405455216570285,0.7238898488225878,0.678655789285061,0.6705731712766944
0.3025,1.0399827116658933,0.723458836321077,0.6782631181865654,0.6701869188337278
0.30300000000000005,1.0394197882170164,0.7230282058489025,0.6778707611336816,0.6698009705516097
0.3035,1.0388567534798483,0.7225979566652619,0.6774787176361593,0.669415325970049
0.30400000000000005,1.0382936096154762,0.722168088031331,0.6770869872051366,0.6690299846301417
0.3045,1.0377303587808024,0.7217385992135816,0.6766955693521862,0.668644946074365
0.30500000000000005,1.0371670031243552,0.721309489479459,0.6763044635917297,0.6682602098465696
0.3055,1.0366035447904736,0.7208807580998027,0.6759136694393625,0.6678757754919746
0.30600000000000005,1.0360399859151124,0.7204524043497038,0.6755231864112138,0.6674916425571604
0.3065,1.0354763286300326,0.7200244275049583,0.6751330140262946,0.6671078105900621
0.30700000000000005,1.0349125750586017,0.7195968268459778,0.6747431518045903,0.6667242791399629
0.3075,1.034348727319989,0.7191696016559546,0.6743535992667384,0.6663410477574893
0.30800000000000005,1.0337847875249626,0.7187427512192985,0.6739643559362553,0.6659581159946024
0.3085,1.0332207577800878,0.7183162748255689,0.6735754213374516,0.665575483404594
0.30900000000000005,1.032656640183521,0.7178901717657493,0.6731867949954273,0.6651931495420789
0.3095,1.032092436829213,0.7174644413332156,0.672798476438119,0.664811113962989
0.31000000000000005,1.0315281498026982,0.7170390828259966,0.6724104651941023,0.6644293762245678
0.3105,1.0309637811853019,0.7166140955428402,0.6720227607928919,0.6640479358853635
0.31100000000000005,1.0303993330499277,0.7161894787862026,0.6716353627667621,0.6636667925052236
0.3115,1.0298348074652666,0.7157652318619883,0.6712482706484955,0.6632859456452883
0.31200000000000006,1.0292702064915824,0.7153413540768737,0.6708614839719724,0.6629053948679849
0.3125,1.028705532184924,0.7149178447421843,0.6704750022737256,0.6625251397370219
0.31300000000000006,1.0281407865929086,0.7144947031712902,0.6700888250906885,0.6621451798173829
0.3135,1.0275759717589357,0.714071928679105,0.6697029519610572,0.6617655146753206
0.31400000000000006,1.0270110897179696,0.7136495205853053,0.6693173824255451,0.6613861438783512
0.3145,1.0264461425007545,0.7132274782105461,0.6689321160251838,0.6610070669952492
0.31500000000000006,1.0258811321295964,0.7128058008782553,0.6685471523024322,0.66062828359604
0.3155,1.02531606062258,0.7123844879158242,0.6681624908021114,0.6602497932519958
0.31600000000000006,1.024750929989348,0.7119635386512573,0.6677781310693002,0.6598715955356295
0.3165,1.0241857422353218,0.7115429524164796,0.6673940726506652,0.659493690020688
0.31700000000000006,1.0236204993574785,0.7111227285461139,0.6670103150950653,0.6591160762821485
0.3175,1.0230552033485725,0.7107028663757301,0.6666268579515766,0.6587387538962112
0.31800000000000006,1.0224898561929132,0.710283365245433,0.6662437007710182,0.6583617224402942
0.3185,1.0219244598705868,0.7098642244967719,0.665860843106219,0.6579849814930292
0.31900000000000006,1.021359016353233,0.7094454434732022,0.6654782845102055,0.6576085306342537
0.3195,1.0207935276082687,0.7090270215224391,0.6650960245378921,0.6572323694450077
0.32000000000000006,1.0202279955946651,0.7086089579928955,0.6647140627460116,0.6568564975075274
0.3205,1.0196624222671693,0.7081912522360747,0.6643323986914974,0.6564809144052394
0.32100000000000006,1.0190968095720836,0.7077739036067523,0.663951031933299,0.6561056197227565
0.3215,1.0185311594514874,0.7073569114603333,0.6635699620319923,0.6557306130458711
0.32200000000000006,1.0179654738390163,0.7069402751562376,0.6631891885483724,0.6553558939615505
0.3225,1.0173997546640834,0.7065239940559155,0.6628087110453653,0.6549814620579326
0.32300000000000006,1.0168340038476595,0.7061080675220215,0.6624285290873296,0.6546073169243184
0.3235,1.0162682233064955,0.7056924949214871,0.6620486422388817,0.6542334581511692
0.32400000000000007,1.0157024149489016,0.7052772756222379,0.6616690500668615,0.6538598853300996
0.3245,1.0151365806789687,0.7048624089944603,0.6612897521393538,0.6534865980538743
0.32500000000000007,1.0145707223923515,0.7044478944120312,0.660910748024756,0.6531135959164006
0.3255,1.0140048419804866,0.7040337312493836,0.66053203729376,0.6527408785127257
0.32600000000000007,1.0134389413263778,0.7036199188842768,0.6601536195181216,0.6523684454390296
0.3265,1.0128730223088134,0.703206456697081,0.6597754942699814,0.6519962962926217
0.32700000000000007,1.0123070867981534,0.7027933440689115,0.6593976611238194,0.6516244306719352
0.3275,1.0117411366605433,0.7023805803848716,0.6590201196550105,0.6512528481765222
0.32800000000000007,1.0111751737537062,0.7019681650315276,0.658642869439401,0.6508815484070481
0.3285,1.010609199931154,0.701556097396961,0.6582659100551955,0.6505105309652885
0.32900000000000007,1.0100432170379805,0.7011443768731476,0.6578892410813371,0.650139795454122
0.3295,1.0094772269150716,0.7007330028527581,0.657512862097343,0.6497693414775275
0.33000000000000007,1.0089112313949016,0.7003219747310339,0.6571367726850773,0.6493991686405778
0.3305,1.0083452323057398,0.6999112919063167,0.6567609724270027,0.6490292765494361
0.33100000000000007,1.0077792314674507,0.6995009537774772,0.6563854609062739,0.6486596648113502
0.3315,1.0072132306956973,0.6990909597468516,0.6560102377083483,0.6482903330346484
0.3320000000000001,1.0066472317977442,0.698681309218783,0.6556353024191632,0.6479212808287349
0.3325,1.0060812365766594,0.6982720015985567,0.6552606546254753,0.6475525078040848
0.3330000000000001,1.005515246827121,0.6978630362952898,0.6548862939162721,0.6471840135722392
0.3335,1.0049492643396127,0.6974544127191183,0.6545122198809221,0.6468157977458012
0.3340000000000001,1.0043832908962373,0.6970461302820146,0.6541384321097465,0.6464478599384315
0.3345,1.0038173282749083,0.696638188399383,0.6537649301952024,0.6460801997648428
0.3350000000000001,1.0032513782451664,0.6962305864871523,0.6533917137300476,0.6457128168407962
0.3355,1.0026854425723684,0.6958233239640694,0.6530187823081294,0.6453457107830963
0.3360000000000001,1.002119523013507,0.6954164002514013,0.6526461355253153,0.6449788812095872
0.3365,1.0015536213213958,0.695009814771011,0.6522737729777132,0.6446123277391473
0.3370000000000001,1.0009877392404951,0.6946035669482618,0.6519016942626557,0.6442460499916854
0.3375,1.000421878511091,0.6941976562099964,0.6515298989793651,0.6438800475881364
0.3380000000000001,0.9998560408651265,0.6937920819842578,0.6511583867272605,0.6435143201504561
0.3385,0.9992902280303763,0.6933868437026433,0.6507871571071185,0.6431488673016182
0.3390000000000001,0.9987244417262822,0.6929819407974548,0.6504162097214617,0.6427836886656088
0.3395,0.9981586836681242,0.6925773727031282,0.650045544172985,0.6424187838674225
0.3400000000000001,0.9975929555628612,0.6921731388570309,0.6496751600658643,0.6420541525330584
0.3405,0.9970272591132953,0.6917692386969914,0.649305057005872,0.6416897942895159
0.3410000000000001,0.99646159601392,0.6913656716638251,0.6489352345989421,0.6413257087647893
0.3415,0.9958959679550786,0.6909624372003246,0.6485656924526073,0.6409618955878656
0.3420000000000001,0.995330376618818,0.6905595347500224,0.6481964301758387,0.6405983543887186
0.3425,0.9947648236830412,0.6901569637598772,0.6478274473777765,0.6402350847983056
0.3430000000000001,0.9941993108173679,0.6897547236778931,0.6474587436692636,0.6398720864485629
0.3435,0.9936338396872811,0.6893528139535611,0.6470903186624228,0.639509358972402
0.3440000000000001,0.9930684119499938,0.6889512340395577,0.6467221719695686,0.6391469020037055
0.34450000000000003,0.992503029258589,0.6885499833890719,0.6463543032048068,0.6387847151773227
0.3450000000000001,0.991937693257894,0.688149061457674,0.6459867119833663,0.6384227981290658
0.34550000000000003,0.9913724055886132,0.6877484677033612,0.6456193979207052,0.6380611504957061
0.3460000000000001,0.9908071678832098,0.6873482015846178,0.6452523606341438,0.6376997719149696
0.34650000000000003,0.9902419817700314,0.6869482625629962,0.6448855997419742,0.6373386620255338
0.3470000000000001,0.9896768488691998,0.6865486501015364,0.6445191148627673,0.6369778204670219
0.34750000000000003,0.9891117707967286,0.6861493636642293,0.6441529056170102,0.6366172468800017
0.3480000000000001,0.9885467491604211,0.685750402718301,0.6437869716260148,0.636256940905979
0.34850000000000003,0.9879817855639801,0.6853517667317034,0.6434213125114381,0.6358969021873958
0.3490000000000001,0.9874168816029139,0.6849534551741506,0.6430559278968827,0.6355371303676245
0.34950000000000003,0.986852038868639,0.6845554675181258,0.6426908174066416,0.6351776250909663
0.3500000000000001,0.9862872589443936,0.68415780323653,0.6423259806654291,0.6348183860026455
0.35050000000000003,0.9857225434093322,0.6837604618048334,0.6419614172999144,0.6344594127488062
0.3510000000000001,0.9851578938344476,0.6833634427004461,0.6415971269373314,0.6341007049765094
0.35150000000000003,0.9845933117866579,0.6829667454013664,0.6412331092054273,0.6337422623337282
0.3520000000000001,0.9840287988247365,0.6825703693886453,0.6408693637338845,0.6333840844693441
0.35250000000000004,0.9834643565033907,0.682174314144409,0.6405058901528429,0.6330261710331448
0.3530000000000001,0.9828999863692018,0.6817785791519798,0.6401426880930557,0.6326685216758179
0.35350000000000004,0.9823356899646927,0.6813831638976333,0.6397797571871686,0.6323111360489497
0.3540000000000001,0.9817714688242788,0.6809880678681574,0.6394170970681914,0.6319540138050204
0.35450000000000004,0.9812073244783266,0.6805932905523479,0.6390547073698571,0.6315971545974003
0.3550000000000001,0.980643258449113,0.6801988314413305,0.6386925877277245,0.6312405580803467
0.35550000000000004,0.9800792722548765,0.6798046900266418,0.6383307377776414,0.6308842239090005
0.3560000000000001,0.979515367405784,0.6794108658024998,0.6379691571562909,0.6305281517393813
0.35650000000000004,0.9789515454079735,0.6790173582646152,0.6376078455020978,0.6301723412283857
0.3570000000000001,0.9783878077595316,0.6786241669094498,0.6372468024537158,0.6298167920337827
0.35750000000000004,0.977824155954525,0.6782312912364039,0.6368860276507485,0.6294615038142105
0.3580000000000001,0.9772605914789889,0.6778387307456276,0.636525520734441,0.629106476229172
0.35850000000000004,0.9766971158149488,0.6774464849387234,0.6361652813462227,0.6287517089390334
0.3590000000000001,0.976133730436419,0.6770545533199004,0.6358053091285859,0.628397201605019
0.35950000000000004,0.975570436813414,0.6766629353937634,0.6354456037255525,0.6280429538892085
0.36,0.9750072364079575,0.6762716306671208,0.6350861647812985,0.6276889654545329
0.36050000000000004,0.9744441306780837,0.6758806386486779,0.6347269919411718,0.6273352359647725
0.361,0.9738811210738576,0.6754899588476138,0.6343680848519293,0.6269817650845517
0.36150000000000004,0.9733182090413646,0.6750995907758215,0.6340094431604657,0.6266285524793375
0.362,0.9727553960187425,0.6747095339462935,0.633651066514951,0.6262755978154346
0.36250000000000004,0.9721926834401599,0.6743197878729834,0.6332929545648364,0.6259229007599829
0.363,0.9716300727318596,0.6739303520725737,0.6329351069597087,0.6255704609809543
0.36350000000000005,0.9710675653161266,0.6735412260622697,0.6325775233505245,0.6252182781471486
0.364,0.9705051626073414,0.6731524093609647,0.6322202033893912,0.6248663519281911
0.36450000000000005,0.9699428660159382,0.6727639014897818,0.6318631467285624,0.6245146819945289
0.365,0.969380676944469,0.6723757019702038,0.6315063530217447,0.6241632680174278
0.36550000000000005,0.9688185967915506,0.6719878103260513,0.6311498219236642,0.6238121096689692
0.366,0.9682566269479406,0.6716002260826347,0.6307935530892177,0.6234612066220465
0.36650000000000005,0.9676947688004726,0.6712129487658602,0.6304375461748242,0.6231105585503622
0.367,0.9671330237281441,0.6708259779042933,0.6300818008377936,0.6227601651284249
0.36750000000000005,0.9665713931060405,0.6704393130272778,0.6297263167356415,0.6224100260315457
0.368,0.9660098783014341,0.6700529536653482,0.6293710935274617,0.6220601409358355
0.36850000000000005,0.9654484806776971,0.6696668993514875,0.6290161308731136,0.6217105095182016
0.369,0.9648872015904124,0.6692811496190653,0.6286614284327096,0.6213611314563449
0.36950000000000005,0.9643260423912744,0.668895704003337,0.6283069858679793,0.621012006428756
0.37,0.9637650044242125,0.6685105620414056,0.6279528028412986,0.6206631341147136
0.37050000000000005,0.9632040890292799,0.6681257232707634,0.6275988790153558,0.6203145141942801
0.371,0.9626432975387886,0.6677411872313085,0.627245214054476,0.6199661463482988
0.37150000000000005,0.9620826312811871,0.6673569534640597,0.6268918076235208,0.619618030258392
0.372,0.9615220915772077,0.6669730215108051,0.6265386593877337,0.6192701656069561
0.37250000000000005,0.9609616797437306,0.6665893909158456,0.6261857690139945,0.6189225520771606
0.373,0.9604013970899455,0.6662060612240254,0.6258331361696206,0.6185751893529436
0.37350000000000005,0.9598412449212028,0.6658230319815995,0.6254807605223915,0.6182280771190093
0.374,0.9592812245351872,0.665440302736954,0.6251286417417002,0.6178812150608257
0.37450000000000006,0.9587213372257565,0.6650578730387986,0.6247767794972918,0.6175346028646207
0.375,0.9581615842791293,0.6646757424378786,0.6244251734594617,0.6171882402173798
0.37550000000000006,0.9576019669777098,0.6642939104864178,0.6240738233000753,0.6168421268068434
0.376,0.9570424865962885,0.6639123767371167,0.6237227286912788,0.6164962623215027
0.37650000000000006,0.9564831444058547,0.663531140745073,0.6233718893058621,0.6161506464505984
0.377,0.9559239416698103,0.6631502020661926,0.6230213048181242,0.6158052788841172
0.37750000000000006,0.9553648796477691,0.6627695602573522,0.6226709749025867,0.6154601593127882
0.378,0.9548059595917838,0.6623892148777231,0.6223208992345111,0.6151152874280816
0.37850000000000006,0.9542471827501325,0.6620091654868641,0.6219710774905927,0.6147706629222047
0.379,0.9536885503635588,0.6616294116459426,0.621621509347704,0.6144262854880993
0.37950000000000006,0.9531300636690448,0.6612499529179195,0.621272194483554,0.6140821548194395
0.38,0.9525717238960657,0.6608707888660844,0.6209231325771986,0.6137382706106281
0.38050000000000006,0.9520135322703481,0.6604919190558528,0.6205743233078377,0.6133946325567948
0.381,0.9514554900101394,0.6601133430537769,0.6202257663556028,0.6130512403537928
0.38150000000000006,0.950897598329952,0.6597350604270235,0.6198774614018755,0.6127080936981956
0.382,0.9503398584368461,0.6593570707450667,0.619529408128161,0.6123651922872961
0.38250000000000006,0.9497822715341614,0.6589793735779466,0.6191816062169869,0.6120225358191017
0.383,0.9492248388178127,0.6586019684968795,0.6188340553520277,0.6116801239923331
0.38350000000000006,0.9486675614800083,0.6582248550751083,0.6184867552170722,0.6113379565064212
0.384,0.9481104407055598,0.6578480328861834,0.618139705497017,0.6109960330615044
0.38450000000000006,0.9475534776755861,0.657471501505419,0.6177929058777973,0.6106543533584258
0.385,0.9469966735638372,0.6570952605095913,0.6174463560454655,0.610312917098731
0.38550000000000006,0.9464400295403855,0.6567193094758621,0.6171000556872585,0.6099717239846651
0.386,0.9458835467679625,0.6563436479835469,0.6167540044913419,0.6096307737191704
0.38650000000000007,0.945327226405636,0.6559682756127977,0.6164082021460123,0.6092900660058834
0.387,0.9447710696051622,0.6555931919445543,0.6160626483408177,0.6089496005491329
0.38750000000000007,0.9442150775146477,0.655218396561899,0.6157173427661251,0.6086093770539367
0.388,0.9436592512749163,0.6548438890483126,0.6153722851124562,0.6082693952259995
0.38850000000000007,0.9431035920231567,0.6544696689886413,0.6150274750716398,0.6079296547717099
0.389,0.9425481008893041,0.6540957359694671,0.6146829123362164,0.6075901553981388
0.38950000000000007,0.9419927789996732,0.6537220895776575,0.6143385965989152,0.607250896813036
0.39,0.9414376274733541,0.6533487294019545,0.6139945275538151,0.6069118787248281
0.39050000000000007,0.9408826474258318,0.6529756550322461,0.6136507048956028,0.6065731008426157
0.391,0.9403278399653958,0.6526028660589117,0.6133071283191982,0.6062345628761716
0.39150000000000007,0.9397732061967452,0.6522303620744406,0.6129637975208984,0.6058962645359373
0.392,0.9392187472174138,0.6518581426719156,0.6126207121975107,0.6055582055330216
0.39250000000000007,0.9386644641213594,0.6514862074453924,0.6122778720461296,0.6052203855791977
0.393,0.9381103579954047,0.6511145559908522,0.6119352767652374,0.6048828043869005
0.39350000000000007,0.9375564299228111,0.6507431879045741,0.611592926053738,0.6045454616692245
0.394,0.9370026809797355,0.6503721027843631,0.6112508196108849,0.604208357139922
0.3945000000000001,0.9364491122387885,0.650001300229462,0.6109089571373123,0.6038714905133992
0.395,0.935895724765506,0.6496307798394323,0.6105673383339973,0.6035348615047151
0.3955000000000001,0.9353425196218935,0.6492605412157626,0.6102259629023368,0.6031984698295789
0.396,0.9347894978629118,0.6488905839608037,0.6098848305450845,0.6028623152043472
0.3965000000000001,0.9342366605400065,0.6485209076775429,0.6095439409652678,0.6025263973460222
0.397,0.9336840086976097,0.6481515119709607,0.6092032938664118,0.6021907159722488
0.3975000000000001,0.9331315433766534,0.647782396446453,0.608862888953356,0.6018552708013132
0.398,0.9325792656110864,0.64741356071057,0.6085227259311584,0.6015200615521392
0.3985000000000001,0.9320271764313734,0.6470450043715349,0.608182804505454,0.6011850879442872
0.399,0.9314752768610274,0.6466767270378297,0.6078431243831383,0.6008503496979514
0.3995000000000001,0.9309235679200917,0.6463087283195824,0.607503685271278,0.6005158465339572
0.4,0.9303720506216896,0.6459410078280705,0.6071644868776018,0.6001815781737598
0.40049999999999997,0.9298207259754908,0.6455735651749674,0.6068255289110294,0.5998475443394411
0.40100000000000013,0.9292695949842751,0.6452063999738671,0.6064868110806186,0.5995137447537077
0.4015000000000001,0.9287186586473855,0.6448395118389848,0.6061483330961711,0.5991801791398889
0.402,0.9281679179573065,0.6444729003853384,0.6058100946686028,0.5988468472219342
0.40249999999999997,0.9276173739031007,0.6441065652297652,0.6054720955089443,0.5985137487244117
0.40300000000000014,0.9270670274670042,0.6437405059894036,0.6051343353290495,0.5981808833725046
0.4035000000000001,0.9265168796278479,0.6433747222827045,0.6047968138418033,0.5978482508920105
0.404,0.9259669313576672,0.6430092137295293,0.6044595307601915,0.5975158510093386
0.40449999999999997,0.9254171836251074,0.6426439799500069,0.6041224857980994,0.5971836834515071
0.40500000000000014,0.9248676373920512,0.6422790205659863,0.6037856786703533,0.5968517479461413
0.4055000000000001,0.9243182936170079,0.6419143352001999,0.6034491090918781,0.5965200442214724
0.406,0.9237691532517549,0.6415499234758919,0.6031127767785678,0.5961885720063338
0.4065,0.9232202172447121,0.6411857850181549,0.602776681447166,0.5958573310301601
0.40700000000000014,0.9226714865376006,0.6408219194525169,0.6024408228145196,0.5955263210229844
0.4075000000000001,0.9221229620688,0.6404583264054771,0.6021052005985086,0.5951955417154368
0.40800000000000003,0.9215746447700228,0.640095005505142,0.6017698145177693,0.5948649928387414
0.4085,0.9210265355696565,0.6397319563798611,0.6014346642910559,0.5945346741247153
0.40900000000000014,0.9204786353894534,0.6393691786594247,0.6010997496382102,0.5942045853057653
0.4095000000000001,0.919930945147858,0.6390066719747701,0.6007650702797375,0.5938747261148872
0.41000000000000003,0.919383465756712,0.6386444359571565,0.6004306259362854,0.5935450962856629
0.4105,0.9188361981245644,0.6382824702395843,0.6000964163296322,0.5932156955522578
0.41100000000000014,0.9182891431533947,0.6379207744557024,0.5997624411821305,0.5928865236494205
0.4115000000000001,0.9177423017419065,0.6375593482398181,0.5994287002163068,0.5925575803124791
0.41200000000000003,0.9171956747822663,0.6371981912279525,0.5990951931558516,0.5922288652773398
0.4125,0.9166492631633807,0.6368373030564365,0.5987619197249421,0.5919003782804851
0.41300000000000014,0.9161030677676523,0.6364766833627261,0.5984288796479712,0.5915721190589719
0.4135000000000001,0.9155570894742405,0.6361163317856541,0.5980960726505151,0.5912440873504288
0.41400000000000003,0.9150113291558337,0.6357562479642858,0.5977634984585558,0.5909162828930545
0.4145,0.9144657876818928,0.6353964315392158,0.59743115679834,0.5905887054256164
0.41500000000000015,0.9139204659154408,0.6350368821519374,0.5970990473973019,0.5902613546874476
0.4155000000000001,0.9133753647162911,0.6346775994443574,0.596767169983209,0.5899342304184457
0.41600000000000004,0.9128304849378509,0.634318583060087,0.5964355242841503,0.5896073323590707
0.4165,0.9122858274303345,0.6339598326431971,0.5961041100293908,0.5892806602503429
0.41700000000000015,0.911741393037584,0.6336013478385707,0.5957729269484646,0.588954213833841
0.4175000000000001,0.9111971826002644,0.6332431282926297,0.5954419747712909,0.5886279928517003
0.41800000000000004,0.9106531969527023,0.6328851736520326,0.5951112532289383,0.5883019970466111
0.4185,0.9101094369260636,0.6325274835646938,0.5947807620526904,0.587976226161816
0.41900000000000015,0.9095659033452088,0.6321700576796667,0.594450500974283,0.5876506799411085
0.4195000000000001,0.9090225970318553,0.6318128956462709,0.5941204697265623,0.5873253581288317
0.42000000000000004,0.9084795188014481,0.6314559971153975,0.5937906680425447,0.5870002604698749
0.4205,0.9079366694663051,0.6310993617386129,0.5934610956557693,0.5866753867096731
0.42100000000000015,0.9073940498325062,0.6307429891680182,0.5931317523008337,0.586350736594205
0.4215000000000001,0.906851660703021,0.6303868790573254,0.5928026377124715,0.5860263098699905
0.42200000000000004,0.9063095028746143,0.6300310310605683,0.5924737516260101,0.5857021062840895
0.4225,0.9057675771409573,0.6296754448327416,0.5921450937777747,0.5853781255840993
0.42300000000000015,0.9052258842895496,0.6293201200301779,0.5918166639042006,0.5850543675181535
0.4235000000000001,0.9046844251048154,0.6289650563094193,0.5914884617423876,0.5847308318349207
0.42400000000000004,0.9041432003650404,0.628610253328363,0.5911604870303655,0.5844075182836009
0.4245,0.9036022108454507,0.6282557107458149,0.5908327395062566,0.5840844266139252
0.42499999999999993,0.9030614573151688,0.6279014282209157,0.5905052189089162,0.5837615565761537
0.4255000000000001,0.9025209405402738,0.6275474054143713,0.5901779249780559,0.5834389079210732
0.42600000000000005,0.9019806612807759,0.6271936419873735,0.5898508574534724,0.5831164803999964
0.4265,0.9014406202936583,0.6268401376017879,0.5895240160757586,0.5827942737647597
0.42699999999999994,0.9009008183298685,0.6264868919209488,0.5891974005862866,0.5824722877677203
0.4275000000000001,0.9003612561373444,0.626133904608427,0.5888710107265133,0.5821505221617561
0.42800000000000005,0.8998219344580228,0.6257811753288846,0.5885448462387518,0.581828976700264
0.4285,0.8992828540308472,0.6254287037481095,0.5882189068660139,0.5815076511371565
0.42899999999999994,0.8987440155887929,0.625076489532113,0.5878931923514047,0.5811865452268613
0.4295000000000001,0.8982054198618604,0.624724532348321,0.587567702438937,0.5808656587243191
0.43000000000000005,0.897667067574116,0.6243728318648566,0.5872424368732437,0.580544991384983
0.4305,0.8971289594481318,0.624021387750277,0.5869173953990661,0.5802245429648144
0.43099999999999994,0.8965910961976462,0.6236701996746441,0.5865925777620973,0.579904313220284
0.4315000000000001,0.8960534785319966,0.6233192673083612,0.5862679837085711,0.5795843019083683
0.43200000000000005,0.8955161071605204,0.6229685903226452,0.5859436129848544,0.5792645087865487
0.4325,0.8949789827896049,0.6226181683900097,0.5856194653383002,0.5789449336128095
0.43299999999999994,0.8944421061139728,0.6222680011831639,0.5852955405167256,0.5786255761456367
0.4335000000000001,0.8939054778254653,0.6219180883760121,0.5849718382681116,0.5783064361440154
0.43400000000000005,0.8933690986159237,0.6215684296433744,0.5846483583414498,0.5779875133674296
0.4345,0.8928329691742733,0.6212190246603426,0.5843251004861236,0.5776688075758594
0.43499999999999994,0.8922970901779113,0.6208698731034402,0.5840020644517183,0.5773503185297794
0.4355000000000001,0.8917614623013866,0.6205209746497009,0.5836792499888416,0.5770320459901577
0.43600000000000005,0.8912260862192496,0.6201723289767165,0.5833566568484269,0.5767139897184542
0.4365,0.8906909626031674,0.6198239357634725,0.5830342847816541,0.5763961494766183
0.43699999999999994,0.8901560921134163,0.6194757946891989,0.5827121335407249,0.5760785250270882
0.4375000000000001,0.8896214754074581,0.6191279054340678,0.5823902028781067,0.5757611161327884
0.43800000000000006,0.8890871131427561,0.6187802676793601,0.5820684925465647,0.5754439225571292
0.4385,0.8885530059725283,0.6184328811065491,0.5817470022998718,0.5751269440640039
0.43899999999999995,0.8880191545415348,0.6180857453983767,0.5814257318920144,0.5748101804177879
0.4395000000000001,0.8874855594931478,0.6177388602382993,0.5811046810773334,0.5744936313833375
0.44000000000000006,0.8869522214651467,0.6173922253101265,0.5807838496111506,0.5741772967259877
0.4405,0.8864191410925227,0.6170458402990665,0.5804632372489577,0.5738611762115507
0.44099999999999995,0.8858863190047073,0.6166997048906898,0.5801428437466603,0.5735452696063145
0.4415000000000001,0.885353755828361,0.6163538187712532,0.5798226688611068,0.5732295766770416
0.44200000000000006,0.8848214521846198,0.6160081816282639,0.5795027123492815,0.5729140971909668
0.4425,0.8842894086918653,0.6156627931494192,0.5791829739686438,0.5725988309157967
0.44299999999999995,0.8837576259629881,0.6153176530234663,0.5788634534775483,0.5722837776197071
0.4435000000000001,0.8832261046081417,0.6149727609400685,0.5785441506344579,0.571968937071342
0.44400000000000006,0.8826948452320234,0.6146281165891148,0.5782250651983732,0.5716543090398126
0.4445,0.8821638484366099,0.6142837196617953,0.5779061969291357,0.5713398932946946
0.44499999999999995,0.8816331148184553,0.6139395698498363,0.5775875455866756,0.5710256896060275
0.4455000000000001,0.8811026449714107,0.6135956668454212,0.5772691109315209,0.5707116977443133
0.44600000000000006,0.8805724394839393,0.6132520103420526,0.5769508927249808,0.5703979174805145
0.4465,0.8800424989418177,0.6129086000334886,0.5766328907284413,0.570084348586053
0.44699999999999995,0.8795128239254679,0.6125654356142977,0.5763151047039443,0.5697709908328079
0.4475000000000001,0.8789834150126434,0.6122225167801334,0.575997534414248,0.5694578439931153
0.44800000000000006,0.8784542727757773,0.6118798432268233,0.5756801796221831,0.5691449078397658
0.4485,0.8779253977846504,0.6115374146513256,0.5753630400912909,0.5688321821460037
0.44899999999999995,0.8773967906037574,0.6111952307513283,0.5750461155857611,0.5685196666855247
0.4495000000000001,0.8768684517949575,0.6108532912248061,0.574729405869859,0.5682073612324752
0.45000000000000007,0.8763403819148586,0.6105115957710285,0.5744129107086093,0.5678952655614515
0.4505,0.8758125815174498,0.610170144089649,0.574096629867617,0.5675833794474964
0.45099999999999996,0.8752850511515017,0.6098289358808967,0.5737805631125718,0.5672717026660996
0.4515000000000001,0.8747577913631844,0.6094879708462015,0.5734647102099658,0.5669602349931954
0.45200000000000007,0.8742308026934833,0.6091472486871843,0.5731490709268031,0.5666489762051619
0.4525,0.8737040856808,0.6088067691063838,0.5728336450301884,0.5663379260788187
0.45299999999999996,0.873177640858385,0.6084665318072511,0.572518432288065,0.5660270843914268
0.4535000000000001,0.872651468756922,0.6081265364934272,0.5722034324688199,0.5657164509206853
0.45400000000000007,0.8721255699019783,0.6077867828697326,0.5718886453409646,0.5654060254447323
0.4545,0.8715999448165709,0.6074472706415454,0.5715740706738761,0.5650958077421421
0.45499999999999996,0.8710745940186332,0.6071079995146177,0.5712597082373096,0.5647857975919238
0.4555000000000001,0.8705495180235661,0.6067689691959428,0.5709455578011746,0.5644759947735202
0.45600000000000007,0.8700247173417215,0.6064301793927862,0.570631619136264,0.5641663990668074
0.4565,0.8695001924809347,0.6060916298131045,0.5703178920136877,0.5638570102520915
0.45699999999999996,0.868975943944025,0.6057533201659141,0.570004376204745,0.5635478281101088
0.45750000000000013,0.8684519722313132,0.6054152501603919,0.5696910714816257,0.5632388524220241
0.4580000000000001,0.8679282778381379,0.6050774195067206,0.5693779776167812,0.5629300829694293
0.4585,0.8674048612573554,0.6047398279158224,0.5690650943828938,0.5626215195343411
0.45899999999999996,0.8668817229768732,0.6044024750988543,0.5687524215535306,0.5623131618992019
0.45950000000000013,0.8663588634821335,0.6040653607681642,0.5684399589024716,0.5620050098468764
0.4600000000000001,0.8658362832536645,0.6037284846365089,0.5681277062037744,0.561697063160651
0.4605,0.8653139827695447,0.6033918464171235,0.5678156632323652,0.5613893216242332
0.46099999999999997,0.8647919625029716,0.6030554458243919,0.5675038297633404,0.5610817850217487
0.46150000000000013,0.8642702229247108,0.6027192825728938,0.5671922055721245,0.5607744531377415
0.4620000000000001,0.8637487645006803,0.6023833563780087,0.5668807904349842,0.560467325757173
0.4625,0.8632275876943829,0.6020476669560197,0.566569584128321,0.5601604026654186
0.46299999999999997,0.8627066929645066,0.6017122140233739,0.5662585864289184,0.5598536836482683
0.46350000000000013,0.8621860807673413,0.6013769972975826,0.5659477971143642,0.5595471684919244
0.4640000000000001,0.8616657515543962,0.6010420164967338,0.5656372159623556,0.5592408569830016
0.4645,0.8611457057747981,0.600707271339221,0.565326842751024,0.5589347489085238
0.46499999999999997,0.8606259438729262,0.6003727615446001,0.5650166772592631,0.5586288440559245
0.46550000000000014,0.8601064662907948,0.6000384868327162,0.5647067192660538,0.5583231422130442
0.4660000000000001,0.8595872734657038,0.599704446924003,0.5643969685508659,0.5580176431681306
0.4665,0.8590683658326044,0.5993706415399219,0.5640874248938823,0.5577123467098364
0.46699999999999997,0.8585497438217662,0.5990370704020906,0.5637780880753585,0.5574072526272176
0.46750000000000014,0.8580314078611273,0.5987037332330153,0.5634689578760909,0.5571023607097337
0.4680000000000001,0.8575133583739777,0.598370629755949,0.5631600340775359,0.5567976707472455
0.4685,0.8569955957812917,0.5980377596943378,0.5628513164612143,0.5564931825300141
0.469,0.8564781204994283,0.5977051227727201,0.5625428048092378,0.5561888958486993
0.46950000000000014,0.8559609329424478,0.5973727187160645,0.562234498904321,0.5558848104943591
0.4700000000000001,0.855444033519829,0.5970405472497359,0.5619263985292411,0.5555809262584481
0.47050000000000003,0.8549274226387671,0.5967086081001929,0.5616185034674132,0.5552772429328166
0.471,0.8544111007019087,0.5963769009940998,0.5613108135027948,0.5549737603097082
0.47150000000000014,0.8538950681096338,0.5960454256588125,0.5610033284194116,0.5546704781817604
0.4720000000000001,0.8533793252578071,0.5957141818225792,0.5606960480019687,0.5543673963420027
0.47250000000000003,0.8528638725400428,0.5953831692137936,0.5603889720356533,0.5540645145838549
0.473,0.8523487103454713,0.5950523875618056,0.560082100305732,0.5537618327011261
0.47350000000000014,0.85183383906099,0.5947218365965576,0.5597754325981854,0.5534593504880139
0.4740000000000001,0.8513192590690457,0.5943915160482419,0.5594689686994174,0.5531570677391033
0.47450000000000003,0.8508049707498676,0.5940614256481334,0.559162708395928,0.5528549842493654
0.475,0.8502909744792665,0.5937315651278157,0.5588566514749592,0.5525530998141555
0.47550000000000014,0.8497772706308526,0.5934019342193694,0.5585507977241191,0.5522514142292131
0.4760000000000001,0.8492638595738506,0.5930725326558695,0.5582451469311338,0.5519499272906603
0.47650000000000003,0.8487507416753004,0.5927433601705459,0.5579396988844926,0.5516486387950001
0.477,0.8482379172978881,0.592414416497412,0.557634453372995,0.5513475485391166
0.47750000000000015,0.8477253868021314,0.5920857013712285,0.5573294101855863,0.5510466563202717
0.4780000000000001,0.8472131505442277,0.5917572145269199,0.557024569111988,0.5507459619361071
0.47850000000000004,0.8467012088782219,0.5914289557004055,0.5567199299421801,0.5504454651846397
0.479,0.8461895621538692,0.5911009246280573,0.5564154924663209,0.5501451658642629
0.47950000000000015,0.8456782107187893,0.5907731210465718,0.5561112564753476,0.5498450637737448
0.4800000000000001,0.8451671549163458,0.5904455446936832,0.5558072217604096,0.5495451587122269
0.48050000000000004,0.844656395087781,0.5901181953073437,0.5555033881128729,0.5492454504792231
0.481,0.8441459315701135,0.5897910726261009,0.5551997553248745,0.5489459388746185
0.48150000000000015,0.8436357646982571,0.5894641763893778,0.554896323188722,0.5486466236986683
0.4820000000000001,0.8431258948029337,0.5891375063367331,0.554593091496983,0.5483475047519976
0.48250000000000004,0.8426163222127764,0.5888110622085794,0.554290060042978,0.5480485818355986
0.483,0.8421070472522579,0.5884848437459349,0.5539872286201644,0.5477498547508309
0.48350000000000015,0.8415980702437783,0.5881588506900225,0.5536845970223035,0.5474513232994199
0.4840000000000001,0.8410893915056095,0.5878330827830689,0.5533821650438846,0.5471529872834556
0.48450000000000004,0.840581011353966,0.58750753976763,0.5530799324795045,0.5468548465053922
0.485,0.8400729301009657,0.5871822213866781,0.5527778991241125,0.5465569007680458
0.48550000000000015,0.8395651480566854,0.5868571273841423,0.5524760647733498,0.5462591498745947
0.4860000000000001,0.8390576655271369,0.5865322575041119,0.5521744292229452,0.5459615936285777
0.48650000000000004,0.8385504828163066,0.5862076114913616,0.5518729922690269,0.5456642318338928
0.487,0.838043600224147,0.5858831890914122,0.5515717537083752,0.5453670642947964
0.48750000000000016,0.8375370180486009,0.5855589900499253,0.5512707133378412,0.5450700908159024
0.4880000000000001,0.8370307365836093,0.5852350141134655,0.5509698709547234,0.5447733112021813
0.48850000000000005,0.836524756121119,0.5849112610290689,0.5506692263569275,0.5444767252589584
0.489,0.8360190769491052,0.5845877305440377,0.5503687793424201,0.5441803327919135
0.48949999999999994,0.8355136993535656,0.5842644224066524,0.5500685297096594,0.5438841336070794
0.4900000000000001,0.8350086236165571,0.5839413363654264,0.5497684772576636,0.5435881275108417
0.49050000000000005,0.8345038500181752,0.5836184721693832,0.549468621785507,0.5432923143099365
0.491,0.8339993788346052,0.5832958295684012,0.5491689630927986,0.5429966938114505
0.49149999999999994,0.833495210340086,0.5829734083124005,0.5488695009796563,0.5427012658228193
0.4920000000000001,0.8329913448049778,0.5826512081519715,0.5485702352462538,0.5424060301518265
0.49250000000000005,0.8324877824977102,0.5823292288389431,0.5482711656933412,0.5421109866066036
0.493,0.8319845236828646,0.5820074701252219,0.5479722921221234,0.5418161349956273
0.49349999999999994,0.8314815686231067,0.5816859317627148,0.5476736143338689,0.5415214751277198
0.4940000000000001,0.8309789175772857,0.5813646135036603,0.5473751321304549,0.5412270068120475
0.49450000000000005,0.8304765708023499,0.5810435151019027,0.5470768453141635,0.5409327298581202
0.495,0.8299745285514617,0.5807226363117708,0.5467787536873506,0.5406386440757892
0.49549999999999994,0.8294727910758979,0.5804019768875942,0.5464808570530107,0.5403447492752476
0.4960000000000001,0.8289713586231799,0.5800815365837114,0.5461831552144903,0.540051045267028
0.49650000000000005,0.8284702314389593,0.5797613151552711,0.5458856479752278,0.5397575318620031
0.497,0.8279694097651622,0.5794413123588429,0.5455883351393217,0.5394642088713837
0.49749999999999994,0.8274688938418597,0.5791215279511408,0.5452912165111737,0.539171076106717
0.4980000000000001,0.8269686839054281,0.578801961688879,0.5449942918952978,0.5388781333798872
0.49850000000000005,0.8264687801904045,0.578482613328873,0.5446975610968849,0.5385853805031141
0.499,0.8259691829276604,0.5781634826292505,0.5444010239213815,0.5382928172889515
0.49949999999999994,0.8254698923462431,0.5778445693490549,0.5441046801743721,0.538000443550287
0.5000000000000001,0.8249709086715651,0.5775258732473479,0.5438085296621264,0.5377082591003397
0.5005000000000001,0.8244722321272294,0.577207394083192,0.543512572191126,0.5374162637526619
0.501,0.8239738629332342,0.5768891316160202,0.5432168075680216,0.5371244573211353
0.5015,0.8234758013077826,0.5765710856068067,0.5429212356001484,0.5368328396199719
0.5020000000000001,0.8229780474655035,0.576253255816925,0.5426258560950131,0.5365414104637117
0.5025000000000001,0.8224806016192455,0.5759356420077495,0.5423306688603283,0.5362501696672234
0.503,0.821983463978312,0.5756182439406687,0.5420356737044802,0.535959117045702
0.5035,0.8214866347502415,0.5753010613779213,0.5417408704359935,0.5356682524146691
0.5040000000000001,0.8209901141390568,0.5749840940830473,0.5414462588636365,0.5353775755899705
0.5045000000000001,0.8204939023470307,0.5746673418196976,0.5411518387968334,0.5350870863877765
0.505,0.8199979995729496,0.5743508043515225,0.5408576100451181,0.5347967846245814
0.5055,0.8195024060138646,0.5740344814422943,0.5405635724183099,0.5345066701172002
0.5060000000000001,0.8190071218633695,0.573718372857096,0.5402697257268568,0.5342167426827706
0.5065000000000001,0.8185121473133383,0.573402478361809,0.5399760697812954,0.5339270021387508
0.507,0.8180174825522162,0.5730867977223255,0.5396826043924887,0.533637448302918
0.5075,0.8175231277667427,0.572771330704538,0.5393893293718972,0.5333480809933683
0.5080000000000001,0.8170290831402587,0.572456077074751,0.539096244531052,0.5330589000285153
0.5085000000000001,0.8165353488544137,0.5721410366007385,0.538803349681853,0.5327699052270904
0.509,0.8160419250874872,0.5718262090506008,0.5385106446367611,0.5324810964081406
0.5095,0.8155488120160816,0.5715115941924384,0.5382181292082957,0.5321924733910277
0.5100000000000001,0.8150560098134586,0.5711971917943729,0.5379258032093854,0.531904035995428
0.5105000000000001,0.8145635186512173,0.570883001625413,0.5376336664534807,0.5316157840413318
0.511,0.8140713386976444,0.5705690234557506,0.5373417187540819,0.5313277173490414
0.5115,0.8135794701193783,0.5702552570556618,0.5370499599251394,0.5310398357391707
0.5120000000000001,0.8130879130797738,0.5699417021954215,0.5367583897810807,0.5307521390326442
0.5125000000000001,0.8125966677405521,0.5696283586454499,0.5364670081363825,0.5304646270506972
0.513,0.812105734260179,0.5693152261774684,0.5361758148060075,0.5301772996148735
0.5135,0.8116151127955,0.5690023045638886,0.5358848096053503,0.5298901565470252
0.5140000000000001,0.8111248035001346,0.568689593577128,0.5355939923498574,0.5296031976693116
0.5145000000000001,0.8106348065260962,0.568377092989605,0.5353033628554947,0.5293164228041991
0.515,0.8101451220221999,0.5680648025741919,0.5350129209386145,0.5290298317744593
0.5155,0.8096557501356688,0.5677527221051522,0.5347226664156276,0.5287434244031686
0.5160000000000001,0.8091666910105559,0.5674408513570138,0.5344325991034937,0.5284572005137077
0.5165000000000001,0.8086779447893366,0.5671291901043055,0.5341427188195123,0.5281711599297605
0.517,0.8081895116113438,0.5668177381215849,0.5338530253810538,0.5278853024753128
0.5175,0.8077013916143462,0.5665064951843274,0.5335635186060618,0.5275996279746525
0.5180000000000001,0.8072135849329987,0.5661954610690797,0.5332741983127735,0.5273141362523679
0.5185000000000001,0.806726091700406,0.5658846355524499,0.5329850643195143,0.527028827133347
0.519,0.8062389120465859,0.5655740184110458,0.5326961164452008,0.526743700442777
0.5195,0.8057520461000202,0.5652636094216438,0.532407354509,0.5264587560061434
0.5200000000000001,0.8052654939861312,0.5649534083623059,0.5321187783301873,0.5261739936492288
0.5205000000000001,0.8047792558288195,0.5646434150116858,0.531830387728641,0.525889413198113
0.521,0.8042933317489532,0.56433362914844,0.5315421825244497,0.5256050144791709
0.5215,0.8038077218658921,0.5640240505512262,0.531254162537835,0.5253207973190728
0.5220000000000001,0.8033224262959914,0.5637146789991976,0.5309663275896251,0.525036761544783
0.5225000000000001,0.8028374451541114,0.563405514272817,0.5306786775008224,0.5247529069835591
0.523,0.8023527785521348,0.5630965561527598,0.5303912120925904,0.524469233462952
0.5235,0.8018684266004632,0.5627878044197013,0.5301039311866967,0.5241857408108033
0.5240000000000001,0.8013843894065473,0.5624792588543565,0.5298168346050484,0.5239024288552462
0.5245000000000001,0.8009006670763706,0.5621709192383828,0.5295299221697478,0.5236192974247041
0.525,0.8004172597129927,0.5618627853544018,0.529243193703489,0.5233363463478901
0.5255,0.7999341674180186,0.5615548569850785,0.5289566490290781,0.523053575453805
0.5260000000000001,0.7994513902901569,0.5612471339130777,0.5286702879695516,0.5227709845717385
0.5265000000000001,0.7989689284266748,0.5609396159212595,0.5283841103485185,0.5224885735312669
0.527,0.7984867819219699,0.560632302793746,0.5280981159896774,0.522206342162253
0.5275,0.7980049508690112,0.5603251943151617,0.5278123047169933,0.5219242902948449
0.5280000000000001,0.7975234353579245,0.5600182902701322,0.5275266763549795,0.5216424177594756
0.5285000000000001,0.7970422354774213,0.5597115904432859,0.5272412307282208,0.5213607243868624
0.529,0.7965613513133953,0.5594050946197872,0.5269559676616055,0.5210792100080054
0.5295,0.7960807829503392,0.5590988025860248,0.5266708869805405,0.5207978744541876
0.5300000000000001,0.7956005304699543,0.558792714128557,0.5263859885104906,0.5205167175569732
0.5305000000000001,0.7951205939525539,0.5584868290339425,0.5261012720772615,0.5202357391482081
0.531,0.7946409734756861,0.5581811470887899,0.5258167375071441,0.519954939060018
0.5315,0.7941616691155238,0.5578756680806711,0.5255323846264767,0.5196743171248082
0.5320000000000001,0.7936826809455007,0.5575703917980187,0.5252482132619763,0.5193938731752622
0.5325000000000001,0.7932040090376884,0.5572653180292964,0.5249642232408076,0.5191136070443428
0.533,0.7927256534614453,0.5569604465629671,0.5246804143901784,0.5188335185652889
0.5335,0.7922476142847799,0.5566557771877169,0.5243967865377092,0.5185536075716164
0.5340000000000001,0.7917698915730136,0.5563513096934632,0.5241133395114286,0.5182738738971168
0.5345000000000001,0.791292485390131,0.5560470438705475,0.5238300731394095,0.5179943173758569
0.535,0.7908153957974549,0.55574297950931,0.5235469872501682,0.5177149378421773
0.5355,0.7903386228549836,0.5554391164000967,0.5232640816725893,0.5174357351306932
0.5360000000000001,0.7898621666200791,0.5551354543338278,0.5229813562356047,0.5171567090762915
0.5365000000000001,0.7893860271487928,0.5548319931025627,0.5226988107686195,0.5168778595141321
0.537,0.7889102044945641,0.5545287324984931,0.5224164451013648,0.5165991862796463
0.5375,0.7884346987095333,0.5542256723138114,0.5221342590636283,0.5163206892085354
0.5380000000000001,0.7879595098432555,0.5539228123407731,0.5218522524856947,0.5160423681367716
0.5385000000000001,0.7874846379439994,0.5536201523726115,0.5215704251981341,0.5157642229005958
0.539,0.787010083057472,0.5533176922033234,0.5212887770315857,0.515486253336518
0.5395,0.7865358452281073,0.553015431626926,0.5210073078172043,0.5152084592813153
0.5400000000000001,0.7860619244978021,0.5527133704374366,0.5207260173863918,0.5149308405720326
0.5405000000000001,0.7855883209071932,0.5524115084291253,0.5204449055706349,0.5146533970459817
0.541,0.7851150344944048,0.5521098453974561,0.52016397220195,0.5143761285407391
0.5415,0.7846420652963121,0.5518083811382456,0.5198832171125628,0.514099034894147
0.5420000000000001,0.7841694133473038,0.5515071154473109,0.5196026401348036,0.513822115944312
0.5425000000000001,0.7836970786805318,0.5512060481204766,0.5193222411015411,0.5135453715296043
0.543,0.7832250613266853,0.5509051789541782,0.5190420198458179,0.5132688014886574
0.5435,0.7827533613152288,0.5506045077459037,0.5187619762008049,0.5129924056603665
0.5440000000000002,0.7822819786731884,0.5503040342932443,0.5184821100002124,0.512716183883889
0.5445000000000001,0.7818109134263784,0.5500037583937913,0.5182024210778936,0.5124401359986431
0.545,0.7813401655981986,0.5497036798452143,0.5179229092678566,0.5121642618443073
0.5455,0.7808697352108485,0.5494037984461683,0.5176435744046435,0.5118885612608197
0.5460000000000002,0.780399622284137,0.5491041139959811,0.5173644163229112,0.5116130340883772
0.5465000000000001,0.7799298268366854,0.5488046262939944,0.5170854348575022,0.5113376801674354
0.547,0.7794603488847485,0.5485053351395492,0.5168066298437802,0.511062499338707
0.5475,0.7789911884434042,0.5482062403322704,0.5165280011172002,0.5107874914431618
0.5480000000000002,0.7785223455253885,0.5479073416729332,0.5162495485134349,0.5105126563220258
0.5485000000000001,0.7780538201422723,0.5476086389626046,0.5159712718686593,0.5102379938167813
0.549,0.7775856123033082,0.5473101320023517,0.5156931710191216,0.5099635037691646
0.5495,0.7771177220165951,0.547011820593253,0.5154152458013204,0.5096891860211663
0.5500000000000002,0.776650149287937,0.5467137045370318,0.5151374960522329,0.5094150404150315
0.5505000000000001,0.7761828941219968,0.5464157836363774,0.5148599216088948,0.5091410667932577
0.551,0.775715956521165,0.546118057694059,0.5145825223086259,0.5088672649985946
0.5515,0.7752493364867027,0.5458205265128455,0.5143052979891966,0.508593634874044
0.5520000000000002,0.7747830340176218,0.5455231898956002,0.5140282484884251,0.5083201762628584
0.5525000000000001,0.7743170491118169,0.5452260476461742,0.5137513736444472,0.5080468890085409
0.553,0.7738513817649559,0.5449290995690075,0.5134746732958181,0.5077737729548444
0.5535,0.7733860319716008,0.5446323454685478,0.513198147281134,0.5075008279457707
0.5539999999999999,0.7729209997241105,0.5443357851492431,0.5129217954393405,0.50722805382557
0.5545000000000001,0.7724562850137483,0.5440394184158567,0.5126456176097689,0.5069554504387409
0.555,0.771991887829598,0.543743245074254,0.51236961363179,0.5066830176300285
0.5555,0.7715278081596594,0.543447264930538,0.5120937833451528,0.5064107552444252
0.5559999999999999,0.7710640459897747,0.543151477790813,0.5118181265899573,0.5061386631271688
0.5565000000000001,0.7706006013047133,0.542855883461199,0.5115426432063435,0.5058667411237424
0.557,0.7701374740871104,0.5425604817484915,0.511267333034858,0.5055949890798745
0.5575,0.769674664318539,0.5422652724603678,0.5109921959163619,0.505323406841537
0.5579999999999999,0.7692121719784601,0.5419702554045652,0.510717231691761,0.5050519942549452
0.5585000000000001,0.7687499970452838,0.5416754303888209,0.5104424402023922,0.5047807511665577
0.559,0.7682881394953304,0.5413807972209845,0.5101678212898697,0.5045096774230755
0.5595,0.7678265993038808,0.5410863557098896,0.5098933747958626,0.5042387728714406
0.5599999999999999,0.7673653764441475,0.5407921056648811,0.50961910056249,0.5039680373588363
0.5605000000000001,0.7669044708883149,0.5404980468953074,0.5093449984321132,0.5036974707326863
0.561,0.7664438826065213,0.5402041792105182,0.5090710682471603,0.5034270728406544
0.5615,0.7659836115678872,0.539910502420212,0.5087973098505256,0.5031568435306429
0.5619999999999999,0.7655236577395089,0.5396170163351327,0.5085237230853107,0.5028867826507932
0.5625000000000001,0.7650640210874758,0.5393237207662193,0.5082503077946994,0.5026168900494847
0.5630000000000001,0.7646047015758753,0.5390306155244111,0.507977063822353,0.502347165575334
0.5635,0.7641456991677983,0.5387377004206702,0.5077039910121073,0.5020776090771946
0.564,0.7636870138243549,0.5384449752666589,0.5074310892078993,0.5018082204041563
0.5645000000000001,0.7632286455056695,0.538152439874841,0.5071583582541482,0.5015389994055443
0.5650000000000001,0.7627705941699077,0.5378600940577243,0.5068857979954188,0.5012699459309188
0.5655,0.7623128597742597,0.5375679376278166,0.5066134082763981,0.5010010598300746
0.566,0.7618554422739775,0.5372759703977571,0.5063411889422551,0.5007323409530404
0.5665000000000001,0.7613983416233494,0.5369841921811598,0.5060691398382766,0.500463789150078
0.5670000000000001,0.760941557774746,0.5366926027920791,0.5057972608098982,0.500195404271682
0.5675,0.7604850906795846,0.5364012020445704,0.5055255517030295,0.49992718616857906
0.568,0.760028940287386,0.5361099897526906,0.5052540123636743,0.49965913469172735
0.5685000000000001,0.7595731065467278,0.5358189657308786,0.5049826426380131,0.49939124969231585
0.5690000000000001,0.7591175894043127,0.5355281297945612,0.5047114423726878,0.49912353102176427
0.5695,0.7586623888059103,0.5352374817593218,0.5044404114144146,0.49885597853172187
0.57,0.758207504695435,0.5349470214407437,0.5041695496101161,0.4985885920740672
0.5705000000000001,0.7577529370158792,0.5346567486544413,0.5038988568071567,0.49832137150090733
0.5710000000000001,0.7572986857084015,0.5343666632167516,0.5036283328529609,0.49805431666457783
0.5715,0.7568447507132476,0.5340767649447337,0.5033579775951896,0.49778742741764137
0.572,0.7563911319688498,0.5337870536554784,0.5030877908819222,0.49752070361288786
0.5725000000000001,0.7559378294127378,0.5334975291660768,0.5028177725612872,0.4972541451033333
0.5730000000000001,0.7554848429806487,0.5332081912937723,0.5025479224816785,0.4969877517422202
0.5735,0.7550321726074269,0.5329190398567684,0.5022782404918837,0.4967215233830157
0.574,0.754579818226144,0.5326300746736433,0.5020087264407306,0.4964554598794121
0.5745000000000001,0.7541277797689889,0.5323412955629756,0.5017393801773422,0.4961895610853254
0.5750000000000001,0.7536760571663983,0.5320527023433468,0.5014702015512065,0.49592382685489583
0.5755,0.7532246503479361,0.5317642948337521,0.5012011904118469,0.4956582570424865
0.576,0.7527735592414326,0.5314760728541139,0.5009323466091105,0.49539285150268303
0.5765000000000001,0.752322783773857,0.5311880362244796,0.500663669993178,0.49512761009029277
0.5770000000000001,0.7518723238704637,0.5309001847648966,0.5003951604142655,0.494862532660345
0.5775,0.7514221794556556,0.5306125182954528,0.5001268177229383,0.4945976190680897
0.578,0.7509723504521412,0.5303250366369746,0.4998586417700639,0.4943328691689972
0.5785000000000001,0.7505228367817863,0.5300377396109374,0.49959063240654683,0.49406828281875753
0.5790000000000001,0.7500736383647829,0.529750627038838,0.4993227894836653,0.4938038598732804
0.5795,0.7496247551204893,0.5294636987421736,0.4990551128529666,0.493539600188694
0.58,0.7491761869666088,0.5291769545426149,0.49878760236604136,0.49327550362134487
0.5805000000000001,0.7487279338200216,0.5288903942627742,0.49852025787487375,0.4930115700277969
0.5810000000000001,0.7482799955959718,0.5286040177255789,0.49825307923168527,0.4927477992648318
0.5815,0.7478323722088901,0.5283178247539567,0.49798606628874914,0.4924841911894476
0.582,0.7473850635715895,0.5280318151708394,0.49771921889874976,0.49222074565885815
0.5825000000000001,0.7469380695960794,0.5277459887996043,0.49745253691457614,0.49195746253049316
0.5830000000000001,0.7464913901927716,0.5274603454644936,0.49718602018918234,0.49169434166199766
0.5835,0.7460450252712821,0.5271748849898471,0.4969196685759452,0.491431382911231
0.584,0.7455989747396483,0.5268896072000053,0.4966534819284165,0.4911685861362664
0.5845000000000001,0.7451532385051219,0.526604511919359,0.4963874601002275,0.4909059511953908
0.5850000000000001,0.7447078164733946,0.5263195989730519,0.4961216029454414,0.49064347794710417
0.5855,0.7442627085493814,0.5260348681868039,0.4958559103182667,0.4903811662501189
0.586,0.7438179146364554,0.5257503193863501,0.49559038207301054,0.49011901596335933
0.5865000000000001,0.7433734346372229,0.525465952397425,0.4953250180644137,0.48985702694596117
0.5870000000000001,0.7429292684527667,0.5251817670459619,0.49505981814733724,0.4895951990572714
0.5875,0.7424854159834119,0.5248977631588081,0.4947947821767616,0.48933353215684705
0.588,0.7420418771279776,0.5246139405630753,0.494529910008098,0.4890720261044466
0.5885000000000001,0.7415986517845351,0.5243302990858755,0.4942652014968546,0.48881068076007367
0.5890000000000001,0.7411557398496682,0.5240468385543262,0.49400065649868335,0.4885494959838774
0.5895,0.740713141219221,0.5237635587960212,0.4937362748696579,0.4882884716362886
0.59,0.7402708557875682,0.5234804596393545,0.4934720564659296,0.4880276075778723
0.5905000000000001,0.7398288834483542,0.5231975409127972,0.4932080011438188,0.48776690366947467
0.5910000000000001,0.739387224093772,0.5229148024448206,0.49294410876005423,0.48750635977207546
0.5915,0.738945877615293,0.5226322440639579,0.4926803791714262,0.48724597574693407
0.592,0.7385048439029543,0.5223498655995036,0.4924168122349209,0.48698575145544293
0.5925000000000001,0.7380641228460809,0.5220676668812617,0.4921534078079145,0.486725686759272
0.5930000000000001,0.7376237143325817,0.5217856477390459,0.4918901657478327,0.4864657815202255
0.5935,0.7371836182496612,0.5215038080026694,0.49162708591232396,0.4862060356003817
0.594,0.7367438344831253,0.5212221475021689,0.49136416815940515,0.4859464488619545
0.5945000000000001,0.7363043629180848,0.5209406660684641,0.49110141234713345,0.4856870211674279
0.5950000000000001,0.7358652034382691,0.5206593635326946,0.49083881833381593,0.48542775237942454
0.5955,0.7354263559267211,0.5203782397259991,0.4905763859781037,0.48516864236083246
0.596,0.7349878202651197,0.5200972944795262,0.4903141151386821,0.4849096909746802
0.5965000000000001,0.734549596334465,0.5198165276249269,0.4900520056745123,0.48465089808425743
0.5970000000000001,0.7341116840144113,0.5195359389945906,0.48979005744487336,0.48439226355299825
0.5975,0.7336740831839426,0.519255528420965,0.4895282703090757,0.4841337872445915
0.598,0.7332367937207128,0.5189752957364981,0.4892666441267304,0.48387546902287454
0.5985000000000001,0.732799815501715,0.5186952407737132,0.48900517875773797,0.48361730875193326
0.5990000000000001,0.7323631484026292,0.5184153633658989,0.4887438740620311,0.4833593062960072
0.5995,0.7319267922984827,0.5181356633467901,0.48848272989986574,0.4831014615195772
0.6,0.7314907470630059,0.5178561405501277,0.4882217461317586,0.4828437742872827
